map_id,tier,nest_drop_id,quality_group,prob_in_group,avg_price_per_item,avg_price_per_cell
2101,101,2001,q1,0.29365701,202.7718,118.4634
2101,101,2001,q2,0.31323414,606.3839,291.5937
2101,101,2001,q3,0.29365701,2269.1077,917.4746
2101,101,2001,q4,0.07830854,6931.1108,2444.4747
2101,101,2001,q5,0.01957713,32629.7684,9587.4375
2101,101,2001,q6,0.00156617,68072.2211,64551.3821
2101,101,2001,q1+q2,0.60689115,411.0877,216.1856
2101,101,2001,q1+q3,0.58731402,1235.9397,590.6672
2101,101,2001,q1+q4,0.37196554,1619.2642,831.1339
2101,101,2001,q1+q5,0.31323414,2229.4591,1226.7201
2101,101,2001,q1+q6,0.29522318,562.8219,329.483
2101,101,2001,q2+q3,0.60689115,1410.9277,621.5455
2101,101,2001,q2+q4,0.39154268,1871.3293,838.8885
2101,101,2001,q2+q5,0.33281128,2490.1124,1154.2064
2101,101,2001,q2+q6,0.31480031,942.0349,454.1127
2101,101,2001,q3+q4,0.37196554,3250.582,1275.0056
2101,101,2001,q3+q5,0.31323414,4166.649,1646.0209
2101,101,2001,q3+q6,0.29522318,2618.1958,1061.8537
2101,101,2001,q4+q5,0.09788567,12070.8423,4093.1803
2101,101,2001,q4+q6,0.07987471,8129.9561,2903.0371
2101,101,2001,q5+q6,0.0211433,35255.1353,10916.9326
2101,101,2001,q1+q2+q3,0.90054816,1016.9638,487.0607
2101,101,2001,q1+q2+q4,0.68519969,1156.2332,575.7336
2101,101,2001,q1+q2+q5,0.62646829,1417.9215,727.7054
2101,101,2001,q1+q2+q6,0.60845732,585.2477,308.1272
2101,101,2001,q1+q3+q4,0.66562255,1905.9599,874.3516
2101,101,2001,q1+q3+q5,0.60689115,2248.6439,1053.3597
2101,101,2001,q1+q3+q6,0.58888019,1413.6958,676.511
2101,101,2001,q1+q4+q5,0.39154268,3169.7894,1568.4141
2101,101,2001,q1+q4+q6,0.37353171,1897.893,976.0253
2101,101,2001,q1+q5+q6,0.31480031,2557.035,1409.9072
2101,101,2001,q2+q3+q4,0.68519969,2041.8058,874.5672
2101,101,2001,q2+q3+q5,0.62646829,2386.5165,1035.1635
2101,101,2001,q2+q3+q6,0.60845732,1582.514,698.0953
2101,101,2001,q2+q4+q5,0.41111981,3336.0169,1458.9638
2101,101,2001,q2+q4+q6,0.39310885,2135.0779,959.1378
2101,101,2001,q2+q5+q6,0.33437745,2797.2886,1299.6994
2101,101,2001,q3+q4+q5,0.39154268,4719.5413,1820.6976
2101,101,2001,q3+q4+q6,0.37353171,3522.3709,1385.017
2101,101,2001,q3+q5+q6,0.31480031,4484.5871,1776.7784
2101,101,2001,q4+q5+q6,0.09945184,12952.7538,4437.1223
2101,101,2001,q1+q2+q3+q4,0.9788567,1490.0956,693.7912
2101,101,2001,q1+q2+q3+q5,0.92012529,1689.5767,798.4959
2101,101,2001,q1+q2+q3+q6,0.90211433,1133.3792,543.283
2101,101,2001,q1+q2+q4+q5,0.70477682,2030.4981,991.9233
2101,101,2001,q1+q2+q4+q6,0.68676586,1308.8353,652.4266
2101,101,2001,q1+q2+q5+q6,0.62803446,1584.1417,813.9441
2101,101,2001,q1+q3+q4+q5,0.68519969,2783.783,1256.8928
2101,101,2001,q1+q3+q4+q6,0.66718872,2061.2797,946.7512
2101,101,2001,q1+q3+q5+q6,0.60845732,2418.0739,1134.2051
2101,101,2001,q1+q4+q5+q6,0.39310885,3428.3649,1699.5955
2101,101,2001,q2+q3+q4+q5,0.70477682,2891.4714,1222.9537
2101,101,2001,q2+q3+q4+q6,0.68676586,2192.3882,940.2419
2101,101,2001,q2+q3+q5+q6,0.62803446,2550.3212,1107.7135
2101,101,2001,q2+q4+q5+q6,0.41268598,3581.6951,1569.6176
2101,101,2001,q3+q4+q5+q6,0.39310885,4971.9425,1922.6122
2101,101,2001,q1+q2+q3+q4+q5,0.99843383,2100.6774,966.9944
2101,101,2001,q1+q2+q3+q4+q6,0.98042287,1596.4568,743.9181
2101,101,2001,q1+q2+q3+q5+q6,0.92169146,1802.3764,852.5319
2101,101,2001,q1+q2+q4+q5+q6,0.70634299,2176.9321,1064.6026
2101,101,2001,q1+q3+q4+q5+q6,0.68676586,2932.6734,1325.7014
2101,101,2001,q2+q3+q4+q5+q6,0.70634299,3035.9963,1285.66
2101,101,2001,q1+q2+q3+q4+q5+q6,1.0,2204.0001,1015.3747
2101,101,2001,all,1.0,2204.0001,1015.3747
2102,101,2002,q1,0.29358995,205.5845,121.2219
2102,101,2002,q2,0.31316262,574.9494,309.9853
2102,101,2002,q3,0.29358995,2180.0568,885.8253
2102,101,2002,q4,0.07829065,6407.6508,2385.826
2102,101,2002,q5,0.01957266,34103.8254,10313.8838
2102,101,2002,q6,0.00179416,63476.0236,59911.2066
2102,101,2002,q1+q2,0.60675257,396.2244,222.8595
2102,101,2002,q1+q3,0.58717991,1192.8206,573.8879
2102,101,2002,q1+q4,0.37188061,1511.2826,793.6116
2102,101,2002,q1+q5,0.31316262,2324.2245,1293.6784
2102,101,2002,q1+q6,0.29538411,589.8886,348.6196
2102,101,2002,q2+q3,0.60675257,1351.6143,629.2063
2102,101,2002,q2+q4,0.39145327,1741.4897,861.7167
2102,101,2002,q2+q5,0.33273528,2547.2362,1312.8967
2102,101,2002,q2+q6,0.31495678,933.2672,504.4053
2102,101,2002,q3+q4,0.37188061,3070.0766,1223.9452
2102,101,2002,q3+q5,0.31316262,4175.2923,1660.8872
2102,101,2002,q3+q6,0.29538411,2552.368,1040.7069
2102,101,2002,q4+q5,0.09786332,11946.8858,4251.7249
2102,101,2002,q4+q6,0.08008481,7686.1684,2901.2254
2102,101,2002,q5+q6,0.02136682,36570.1932,11729.0849
2102,101,2002,q1+q2+q3,0.90034252,977.9089,488.7901
2102,101,2002,q1+q2+q4,0.68504322,1083.2446,575.6856
2102,101,2002,q1+q2+q5,0.62632523,1449.5869,793.9974
2102,101,2002,q1+q2+q6,0.60854673,582.2008,327.854
2102,101,2002,q1+q3+q4,0.66547056,1806.3301,840.1813
2102,101,2002,q1+q3+q5,0.60675257,2254.4659,1064.3778
2102,101,2002,q1+q3+q6,0.58897407,1382.5507,666.1654
2102,101,2002,q1+q4+q5,0.39145327,3140.9098,1590.7977
2102,101,2002,q1+q4+q6,0.37367477,1808.7999,951.8728
2102,101,2002,q1+q5+q6,0.31495678,2672.5776,1491.0588
2102,101,2002,q2+q3+q4,0.68504322,1929.447,873.2249
2102,101,2002,q2+q3+q5,0.62632523,2375.1209,1087.3463
2102,101,2002,q2+q3+q6,0.60854673,1534.7739,715.5402
2102,101,2002,q2+q4+q5,0.41102593,3282.5533,1576.5023
2102,101,2002,q2+q4+q6,0.39324743,2023.1487,1003.2637
2102,101,2002,q2+q5+q6,0.33452944,2874.0117,1484.9384
2102,101,2002,q3+q4+q5,0.39145327,4621.764,1813.6959
2102,101,2002,q3+q4+q6,0.37367477,3360.1095,1343.2978
2102,101,2002,q3+q5+q6,0.31495678,4513.1008,1801.2
2102,101,2002,q4+q5+q6,0.09965748,12874.5789,4633.8458
2102,101,2002,q1+q2+q3+q4,0.97863318,1412.2882,687.0858
2102,101,2002,q1+q2+q3+q5,0.91991519,1682.7156,829.5541
2102,101,2002,q1+q2+q3+q6,0.90213668,1102.2045,551.433
2102,101,2002,q1+q2+q4+q5,0.70461589,2000.4829,1041.2448
2102,101,2002,q1+q2+q4+q6,0.68683738,1246.2274,663.0588
2102,101,2002,q1+q2+q5+q6,0.62811939,1626.7593,892.1112
2102,101,2002,q1+q3+q4+q5,0.68504322,2729.1156,1250.181
2102,101,2002,q1+q3+q4+q6,0.66726472,1972.1493,918.5618
2102,101,2002,q1+q3+q5+q6,0.60854673,2434.9637,1151.2908
2102,101,2002,q1+q4+q5+q6,0.39324743,3416.184,1733.8835
2102,101,2002,q2+q3+q4+q5,0.70461589,2823.1797,1260.3269
2102,101,2002,q2+q3+q4+q6,0.68683738,2090.2194,947.2749
2102,101,2002,q2+q3+q5+q6,0.62811939,2549.6495,1168.9661
2102,101,2002,q2+q4+q5+q6,0.41282009,3544.1606,1705.7849
2102,101,2002,q3+q4+q5+q6,0.39324743,4890.282,1924.198
2102,101,2002,q1+q2+q3+q4+q5,0.99820584,2053.2988,987.1593
2102,101,2002,q1+q2+q3+q4+q6,0.98042734,1525.8635,742.9996
2102,101,2002,q1+q2+q3+q5+q6,0.92170935,1802.9999,889.6797
2102,101,2002,q1+q2+q4+q5+q6,0.70641005,2156.6203,1123.7941
2102,101,2002,q1+q3+q4+q5+q6,0.68683738,2887.7991,1324.6531
2102,101,2002,q2+q3+q4+q5+q6,0.70641005,2977.2276,1330.8785
2102,101,2002,q1+q2+q3+q4+q5+q6,1.0,2163.501,1041.0573
2102,101,2002,all,1.0,2163.501,1041.0573
2103,101,2003,q1,0.29359203,202.0681,126.0216
2103,101,2003,q2,0.31316484,595.8032,292.9362
2103,101,2003,q3,0.29359203,2132.5781,876.527
2103,101,2003,q4,0.07829121,6153.6252,2363.1575
2103,101,2003,q5,0.0195728,29183.5755,9662.4932
2103,101,2003,q6,0.00178708,70788.7193,64126.501
2103,101,2003,q1+q2,0.60675687,405.2862,222.0
2103,101,2003,q1+q3,0.58718407,1167.3231,578.3944
2103,101,2003,q1+q4,0.37188324,1455.0275,802.0742
2103,101,2003,q1+q5,0.31316484,2013.4123,1189.9647
2103,101,2003,q1+q6,0.29537912,629.1265,393.1014
2103,101,2003,q2+q3,0.60675687,1339.404,601.4369
2103,101,2003,q2+q4,0.39145605,1707.3676,794.8944
2103,101,2003,q2+q5,0.33273764,2277.4369,1088.6805
2103,101,2003,q2+q6,0.31495192,994.0878,490.0306
2103,101,2003,q3+q4,0.37188324,2979.1143,1206.6146
2103,101,2003,q3+q5,0.31316484,3823.2654,1548.0731
2103,101,2003,q3+q6,0.29537912,2547.9566,1050.7275
2103,101,2003,q4+q5,0.09786401,10759.6153,4003.9556
2103,101,2003,q4+q6,0.08007829,7596.0662,2955.0845
2103,101,2003,q5+q6,0.02135988,32664.484,11421.3157
2103,101,2003,q1+q2+q3,0.90034891,968.5336,478.6026
2103,101,2003,q1+q2+q4,0.68504808,1062.2392,554.8187
2103,101,2003,q1+q2+q5,0.62632967,1304.6078,700.2924
2103,101,2003,q1+q2+q6,0.60854395,611.9779,335.6073
2103,101,2003,q1+q3+q4,0.66547528,1753.9468,840.3641
2103,101,2003,q1+q3+q5,0.60675687,2071.0731,1010.0144
2103,101,2003,q1+q3+q6,0.58897115,1378.5713,684.0055
2103,101,2003,q1+q4+q5,0.39145605,2841.4549,1515.9345
2103,101,2003,q1+q4+q6,0.37367033,1786.6165,986.7079
2103,101,2003,q1+q5+q6,0.31495192,2403.6531,1423.4117
2103,101,2003,q2+q3+q4,0.68504808,1889.6007,832.3902
2103,101,2003,q2+q3+q5,0.62632967,2209.5343,981.2316
2103,101,2003,q2+q3+q6,0.60854395,1543.3524,694.0444
2103,101,2003,q2+q4+q5,0.41102885,3015.7585,1377.3987
2103,101,2003,q2+q4+q6,0.39324313,2021.3058,943.137
2103,101,2003,q2+q5+q6,0.33452472,2643.4346,1266.8344
2103,101,2003,q3+q4+q5,0.39145605,4289.3374,1718.105
2103,101,2003,q3+q4+q6,0.37367033,3303.4144,1341.5113
2103,101,2003,q3+q5+q6,0.31495192,4203.2369,1707.2842
2103,101,2003,q4+q5+q6,0.09965109,11836.1406,4451.599
2103,101,2003,q1+q2+q3+q4,0.97864012,1383.3409,668.25
2103,101,2003,q1+q2+q3+q5,0.91992171,1568.8536,767.2127
2103,101,2003,q1+q2+q3+q6,0.90213599,1106.8435,547.4416
2103,101,2003,q1+q2+q4+q5,0.70462088,1843.3875,947.6184
2103,101,2003,q1+q2+q4+q6,0.68683516,1243.6611,650.2937
2103,101,2003,q1+q2+q5+q6,0.62811676,1502.3,807.3464
2103,101,2003,q1+q3+q4+q5,0.68504808,2537.6505,1200.522
2103,101,2003,q1+q3+q4+q6,0.66726236,1938.8378,930.124
2103,101,2003,q1+q3+q5+q6,0.60854395,2272.873,1109.9322
2103,101,2003,q1+q4+q5+q6,0.39324313,3150.2392,1683.8185
2103,101,2003,q2+q3+q4+q5,0.70462088,2647.7666,1155.7612
2103,101,2003,q2+q3+q4+q6,0.68683516,2068.8698,912.5801
2103,101,2003,q2+q3+q5+q6,0.62811676,2404.6519,1069.4324
2103,101,2003,q2+q4+q5+q6,0.41281593,3309.1479,1514.6506
2103,101,2003,q3+q4+q5+q6,0.39324313,4591.5419,1843.828
2103,101,2003,q1+q2+q3+q4+q5,0.99821292,1928.4435,923.2629
2103,101,2003,q1+q2+q3+q4+q6,0.9804272,1509.8501,729.9838
2103,101,2003,q1+q2+q3+q5+q6,0.92170879,1703.0625,833.5883
2103,101,2003,q1+q2+q4+q5+q6,0.70640797,2017.8065,1038.4171
2103,101,2003,q1+q3+q4+q5+q6,0.68683516,2715.2335,1286.1325
2103,101,2003,q2+q3+q4+q5+q6,0.70640797,2820.1507,1232.6233
2103,101,2003,q1+q2+q3+q4+q5+q6,1.0,2051.5025,983.007
2103,101,2003,all,1.0,2051.5025,983.007
2104,101,2004,q1,0.2936773,200.2924,121.9434
2104,101,2004,q2,0.31325579,673.4289,308.0987
2104,101,2004,q3,0.2936773,2288.8797,939.9364
2104,101,2004,q4,0.07831395,7034.0172,2439.9106
2104,101,2004,q5,0.01957849,33556.0624,9427.8582
2104,101,2004,q6,0.00149718,64881.3742,62774.3502
2104,101,2004,q1+q2,0.60693309,444.4919,231.158
2104,101,2004,q1+q3,0.5873546,1244.5861,610.4433
2104,101,2004,q1+q4,0.37199125,1638.9713,860.9673
2104,101,2004,q1+q5,0.31325579,2285.0281,1296.6171
2104,101,2004,q1+q6,0.29517448,528.3666,322.2898
2104,101,2004,q2+q3,0.60693309,1455.0986,630.8884
2104,101,2004,q2+q4,0.39156973,1945.5466,836.7274
2104,101,2004,q2+q5,0.33283427,2607.7015,1150.5155
2104,101,2004,q2+q6,0.31475297,978.8454,448.9547
2104,101,2004,q3+q4,0.37199125,3287.856,1299.8521
2104,101,2004,q3+q5,0.31325579,4243.0786,1693.5736
2104,101,2004,q3+q6,0.29517448,2606.3601,1073.4446
2104,101,2004,q4+q5,0.09789243,12338.4263,4088.0504
2104,101,2004,q4+q6,0.07981113,8119.1769,2850.6265
2104,101,2004,q5+q6,0.02107567,35781.3578,10586.7466
2104,101,2004,q1+q2+q3,0.90061039,1045.9227,500.4581
2104,101,2004,q1+q2+q4,0.68524703,1197.5805,589.1843
2104,101,2004,q1+q2+q5,0.62651157,1479.2285,749.3451
2104,101,2004,q1+q2+q6,0.60843027,603.0532,313.9751
2104,101,2004,q1+q3+q4,0.66566855,1925.6956,900.6463
2104,101,2004,q1+q3+q5,0.60693309,2286.8917,1095.3233
2104,101,2004,q1+q3+q6,0.58885178,1406.385,690.6682
2104,101,2004,q1+q4+q5,0.39156973,3234.8259,1628.4705
2104,101,2004,q1+q4+q6,0.37348843,1892.487,995.9663
2104,101,2004,q1+q5+q6,0.31475297,2582.7787,1468.4613
2104,101,2004,q2+q3+q4,0.68524703,2092.6893,882.1314
2104,101,2004,q2+q3+q5,0.62651157,2458.2538,1048.0374
2104,101,2004,q2+q3+q6,0.60843027,1611.1731,699.5077
2104,101,2004,q2+q4+q5,0.41114822,3450.8092,1447.5172
2104,101,2004,q2+q4+q6,0.39306691,2185.267,941.8175
2104,101,2004,q2+q5+q6,0.33433145,2886.5708,1276.6624
2104,101,2004,q3+q4+q5,0.39156973,4801.2663,1860.3073
2104,101,2004,q3+q4+q6,0.37348843,3534.7619,1400.787
2104,101,2004,q3+q5+q6,0.31475297,4531.5154,1813.768
2104,101,2004,q4+q5+q6,0.09938961,13129.9191,4393.8148
2104,101,2004,q1+q2+q3+q4,0.97892433,1524.9703,708.1791
2104,101,2004,q1+q2+q3+q5,0.92018887,1737.6278,819.1749
2104,101,2004,q1+q2+q3+q6,0.90210757,1151.8669,551.6135
2104,101,2004,q1+q2+q4+q5,0.70482552,2096.4272,1010.3195
2104,101,2004,q1+q2+q4+q6,0.68674421,1336.4182,658.1948
2104,101,2004,q1+q2+q5+q6,0.62800875,1630.3798,826.8542
2104,101,2004,q1+q3+q4+q5,0.68524703,2829.4204,1298.6559
2104,101,2004,q1+q3+q4+q6,0.66716573,2066.9737,967.844
2104,101,2004,q1+q3+q5+q6,0.60843027,2440.9194,1170.5505
2104,101,2004,q1+q4+q5+q6,0.39306691,3469.6355,1749.8751
2104,101,2004,q2+q3+q4+q5,0.70482552,2966.6719,1233.3994
2104,101,2004,q2+q3+q4+q6,0.68674421,2229.5756,940.9907
2104,101,2004,q2+q3+q5+q6,0.62800875,2607.071,1112.9674
2104,101,2004,q2+q4+q5+q6,0.4126454,3673.6943,1544.1849
2104,101,2004,q3+q4+q5+q6,0.39306691,5030.1094,1953.4361
2104,101,2004,q1+q2+q3+q4+q5,0.99850282,2153.0309,987.2057
2104,101,2004,q1+q2+q3+q4+q6,0.98042151,1621.7203,753.7072
2104,101,2004,q1+q2+q3+q5+q6,0.92168605,1840.1979,868.253
2104,101,2004,q1+q2+q4+q5+q6,0.7063227,2229.5113,1075.6002
2104,101,2004,q1+q3+q4+q5+q6,0.68674421,2964.7005,1362.3083
2104,101,2004,q2+q3+q4+q5+q6,0.7063227,3097.9113,1289.5213
2104,101,2004,q1+q2+q3+q4+q5+q6,1.0,2246.9464,1031.0799
2104,101,2004,all,1.0,2246.9464,1031.0799
2105,101,2005,q1,0.29360255,202.8659,124.5622
2105,101,2005,q2,0.31317606,623.3103,299.6195
2105,101,2005,q3,0.29360255,2213.4567,891.6562
2105,101,2005,q4,0.07829401,6398.4263,2374.8453
2105,101,2005,q5,0.0195735,30602.9121,9531.5514
2105,101,2005,q6,0.00175131,69063.9819,64126.131
2105,101,2005,q1+q2,0.60677861,419.8695,225.5215
2105,101,2005,q1+q3,0.58720511,1208.1613,587.764
2105,101,2005,q1+q4,0.37189657,1507.1944,813.3928
2105,101,2005,q1+q5,0.31317606,2102.8688,1217.2826
2105,101,2005,q1+q6,0.29535387,611.1809,376.0278
2105,101,2005,q2+q3,0.60677861,1392.736,612.2212
2105,101,2005,q2+q4,0.39147007,1778.3335,807.188
2105,101,2005,q2+q5,0.33274956,2386.8163,1111.7856
2105,101,2005,q2+q6,0.31492737,1003.9094,483.8677
2105,101,2005,q3+q4,0.37189657,3094.5029,1224.5718
2105,101,2005,q3+q5,0.31317606,3987.7977,1577.4964
2105,101,2005,q3+q6,0.29535387,2609.8498,1054.8782
2105,101,2005,q4+q5,0.09786752,11239.3235,4017.5753
2105,101,2005,q4+q6,0.08004533,7769.4874,2922.1057
2105,101,2005,q5+q6,0.02132482,33761.5507,11122.3656
2105,101,2005,q1+q2+q3,0.90038117,1004.7349,486.7539
2105,101,2005,q1+q2+q4,0.68507263,1103.1331,563.7112
2105,101,2005,q1+q2+q5,0.62635212,1363.0896,715.9365
2105,101,2005,q1+q2+q6,0.60852993,617.4232,332.0349
2105,101,2005,q1+q3+q4,0.66549912,1818.7807,853.6209
2105,101,2005,q1+q3+q5,0.60677861,2156.3791,1030.3874
2105,101,2005,q1+q3+q6,0.58895642,1409.9365,686.8989
2105,101,2005,q1+q4+q5,0.39147007,2961.9803,1542.0085
2105,101,2005,q1+q4+q6,0.37364788,1823.8378,986.2125
2105,101,2005,q1+q5+q6,0.31492737,2475.24,1435.843
2105,101,2005,q2+q3+q4,0.68507263,1964.8149,845.8759
2105,101,2005,q2+q3+q5,0.62635212,2305.554,1000.6163
2105,101,2005,q2+q3+q6,0.60852993,1587.4899,698.8906
2105,101,2005,q2+q4+q5,0.41104358,3150.9325,1399.7292
2105,101,2005,q2+q4+q6,0.39322139,2078.0076,945.3626
2105,101,2005,q2+q5+q6,0.33450088,2735.9114,1277.7288
2105,101,2005,q3+q4+q5,0.39147007,4469.9234,1745.2508
2105,101,2005,q3+q4+q6,0.37364788,3403.7065,1350.5636
2105,101,2005,q3+q5+q6,0.31492737,4349.6868,1726.1624
2105,101,2005,q4+q5+q6,0.09961883,12255.8893,4428.839
2105,101,2005,q1+q2+q3+q4,0.97867518,1436.2302,679.2095
2105,101,2005,q1+q2+q3+q5,0.91995467,1634.4833,782.5931
2105,101,2005,q1+q2+q3+q6,0.90213248,1136.8586,551.2744
2105,101,2005,q1+q2+q4+q5,0.70464613,1922.5714,965.2727
2105,101,2005,q1+q2+q4+q6,0.68682394,1276.4246,653.0135
2105,101,2005,q1+q2+q5+q6,0.62810343,1551.857,816.0712
2105,101,2005,q1+q3+q4+q5,0.68507263,2641.1845,1221.9087
2105,101,2005,q1+q3+q4+q6,0.66725044,1995.2773,937.6743
2105,101,2005,q1+q3+q5+q6,0.60852993,2348.9352,1123.967
2105,101,2005,q1+q4+q5+q6,0.39322139,3256.3827,1698.598
2105,101,2005,q2+q3+q4+q5,0.70464613,2760.3176,1175.864
2105,101,2005,q2+q3+q4+q6,0.68682394,2135.9092,920.7933
2105,101,2005,q2+q3+q5+q6,0.62810343,2491.6936,1083.0096
2105,101,2005,q2+q4+q5+q6,0.41279489,3430.5736,1527.3329
2105,101,2005,q3+q4+q5+q6,0.39322139,4757.6098,1862.3827
2105,101,2005,q1+q2+q3+q4+q5,0.99824869,2008.1259,940.11
2105,101,2005,q1+q2+q3+q4+q6,0.9804265,1557.0321,736.984
2105,101,2005,q1+q2+q3+q5+q6,0.92170599,1762.6047,844.7151
2105,101,2005,q1+q2+q4+q5+q6,0.70639745,2089.0296,1050.0426
2105,101,2005,q1+q3+q4+q5+q6,0.68682394,2810.5541,1301.9309
2105,101,2005,q2+q3+q4+q5+q6,0.70639745,2924.6988,1247.5625
2105,101,2005,q1+q2+q3+q4+q5+q6,1.0,2125.5617,995.9527
2105,101,2005,all,1.0,2125.5617,995.9527
2106,101,2006,q1,0.29368001,196.0785,123.4552
2106,101,2006,q2,0.31325867,620.6443,293.417
2106,101,2006,q3,0.29368001,2142.1967,890.2979
2106,101,2006,q4,0.07831467,6937.8525,2281.4676
2106,101,2006,q5,0.01957867,32350.717,8933.7885
2106,101,2006,q6,0.00148798,67338.9308,65827.173
2106,101,2006,q1+q2,0.60693868,415.2092,223.2017
2106,101,2006,q1+q3,0.58736001,1169.1376,585.3863
2106,101,2006,q1+q4,0.37199467,1615.3994,852.8635
2106,101,2006,q1+q5,0.31325867,2205.7434,1285.9129
2106,101,2006,q1+q6,0.29516798,534.554,337.1715
2106,101,2006,q2+q3,0.60693868,1356.8793,601.4533
2106,101,2006,q2+q4,0.39157334,1884.0859,819.034
2106,101,2006,q2+q5,0.33283734,2487.1191,1128.5522
2106,101,2006,q2+q6,0.31474665,936.0579,443.6155
2106,101,2006,q3+q4,0.37199467,3151.8085,1240.9672
2106,101,2006,q3+q5,0.31325867,4030.2292,1623.7206
2106,101,2006,q3+q6,0.29516798,2470.8616,1029.8756
2106,101,2006,q4+q5,0.09789334,12020.4254,3807.5455
2106,101,2006,q4+q6,0.07980265,8064.0747,2685.0416
2106,101,2006,q5+q6,0.02106665,34822.0034,10129.5998
2106,101,2006,q1+q2+q3,0.90061869,978.3573,479.9967
2106,101,2006,q1+q2+q4,0.68525335,1160.6542,581.7285
2106,101,2006,q1+q2+q5,0.62651735,1413.1939,737.8557
2106,101,2006,q1+q2+q6,0.60842666,578.879,311.5276
2106,101,2006,q1+q3+q4,0.66567468,1847.81,871.6079
2106,101,2006,q1+q3+q5,0.60693868,2174.995,1061.184
2106,101,2006,q1+q3+q6,0.58884799,1336.3442,669.9323
2106,101,2006,q1+q4+q5,0.39157334,3152.1652,1591.6468
2106,101,2006,q1+q4+q6,0.37348265,1877.2461,992.9271
2106,101,2006,q1+q5+q6,0.31474665,2513.6635,1468.2269
2106,101,2006,q2+q3+q4,0.68525335,1994.7048,850.3627
2106,101,2006,q2+q3+q5,0.62651735,2325.4368,1011.6478
2106,101,2006,q2+q3+q6,0.60842666,1518.2462,673.8819
2106,101,2006,q2+q4+q5,0.41115201,3334.8779,1411.1284
2106,101,2006,q2+q4+q6,0.39306132,2131.8727,928.7021
2106,101,2006,q2+q5+q6,0.33432532,2775.7545,1262.5339
2106,101,2006,q3+q4+q5,0.39157334,4611.7539,1777.9445
2106,101,2006,q3+q4+q6,0.37348265,3407.534,1344.8544
2106,101,2006,q3+q5+q6,0.31474665,4329.5239,1749.1633
2106,101,2006,q4+q5+q6,0.09938131,12848.6772,4111.5117
2106,101,2006,q1+q2+q3+q4,0.97893335,1455.1169,686.8702
2106,101,2006,q1+q2+q3+q5,0.92019735,1645.8543,794.3553
2106,101,2006,q1+q2+q3+q6,0.90210666,1087.8157,534.1375
2106,101,2006,q1+q2+q4+q5,0.70483202,2027.0448,993.48
2106,101,2006,q1+q2+q4+q6,0.68674133,1304.0442,654.2875
2106,101,2006,q1+q2+q5+q6,0.62800533,1569.3965,820.3176
2106,101,2006,q1+q3+q4+q5,0.68525335,2719.3216,1257.262
2106,101,2006,q1+q3+q4+q6,0.66716266,1993.8754,941.5933
2106,101,2006,q1+q3+q5+q6,0.60842666,2334.3611,1140.3359
2106,101,2006,q1+q4+q5+q6,0.39306132,3395.1516,1717.4831
2106,101,2006,q2+q3+q4+q5,0.70483202,2837.9274,1191.8356
2106,101,2006,q2+q3+q4+q6,0.68674133,2136.2877,911.835
2106,101,2006,q2+q3+q5+q6,0.62800533,2479.478,1080.0814
2106,101,2006,q2+q4+q5+q6,0.41263999,3565.6763,1511.8809
2106,101,2006,q3+q4+q5+q6,0.39306132,4849.2148,1873.7875
2106,101,2006,q1+q2+q3+q4+q5,0.99851202,2060.913,959.484
2106,101,2006,q1+q2+q3+q4+q6,0.98042133,1555.1083,734.6465
2106,101,2006,q1+q2+q3+q5+q6,0.92168533,1751.91,846.2337
2106,101,2006,q1+q2+q4+q5+q6,0.70631999,2164.635,1062.0302
2106,101,2006,q1+q3+q4+q5+q6,0.68674133,2859.3344,1323.5074
2106,101,2006,q2+q3+q4+q5+q6,0.70631999,2973.8093,1250.404
2106,101,2006,q1+q2+q3+q4+q5+q6,1.0,2158.0453,1005.4887
2106,101,2006,all,1.0,2158.0453,1005.4887
2107,101,2007,q1,0.29369108,203.0773,107.5886
2107,101,2007,q2,0.31327049,572.9796,266.0361
2107,101,2007,q3,0.29369108,2382.9009,982.5046
2107,101,2007,q4,0.07831762,7586.5817,2670.8172
2107,101,2007,q5,0.01957941,33342.8368,9763.434
2107,101,2007,q6,0.00145033,70629.814,69121.7651
2107,101,2007,q1+q2,0.60696157,393.9947,194.5706
2107,101,2007,q1+q3,0.58738216,1292.9891,599.5959
2107,101,2007,q1+q4,0.3720087,1757.4993,841.646
2107,101,2007,q1+q5,0.31327049,2274.3123,1146.9012
2107,101,2007,q1+q6,0.29514141,549.1547,291.5946
2107,101,2007,q2+q3,0.60696157,1448.748,633.9783
2107,101,2007,q2+q4,0.39158811,1975.7001,862.3284
2107,101,2007,q2+q5,0.33284989,2500.6183,1122.3797
2107,101,2007,q2+q6,0.31472081,895.8222,416.9426
2107,101,2007,q3+q4,0.3720087,3478.4126,1384.307
2107,101,2007,q3+q5,0.31327049,4317.8969,1736.053
2107,101,2007,q3+q6,0.29514141,2718.2665,1123.977
2107,101,2007,q4+q5,0.09789703,12737.8327,4309.9439
2107,101,2007,q4+q6,0.07976795,8732.8223,3110.5564
2107,101,2007,q5+q6,0.02102973,35914.3525,11050.5
2107,101,2007,q1+q2+q3,0.90065265,1042.551,483.6688
2107,101,2007,q1+q2+q4,0.68527919,1216.0046,574.0863
2107,101,2007,q1+q2+q5,0.62654097,1423.646,688.2882
2107,101,2007,q1+q2+q6,0.60841189,561.4221,277.5808
2107,101,2007,q1+q3+q4,0.66569978,2033.4118,909.0238
2107,101,2007,q1+q3+q5,0.60696157,2326.8552,1059.0886
2107,101,2007,q1+q3+q6,0.58883249,1463.7695,679.6725
2107,101,2007,q1+q4+q5,0.39158811,3336.7662,1548.7324
2107,101,2007,q1+q4+q6,0.37345903,2024.9646,971.659
2107,101,2007,q1+q5+q6,0.31472081,2589.3146,1308.6753
2107,101,2007,q2+q3+q4,0.68527919,2150.2147,915.5143
2107,101,2007,q2+q3+q5,0.62654097,2445.4383,1053.8505
2107,101,2007,q2+q3+q6,0.60841189,1613.6611,707.0768
2107,101,2007,q2+q4+q5,0.41116751,3469.3732,1479.7014
2107,101,2007,q2+q4+q6,0.39303843,2229.0363,974.8943
2107,101,2007,q2+q5+q6,0.33430022,2796.1896,1257.9988
2107,101,2007,q3+q4+q5,0.39158811,4971.6338,1943.6671
2107,101,2007,q3+q4+q6,0.37345903,3739.1948,1491.5276
2107,101,2007,q3+q5+q6,0.31472081,4623.4817,1863.9773
2107,101,2007,q4+q5+q6,0.09934735,13582.9712,4640.2229
2107,101,2007,q1+q2+q3+q4,0.97897027,1566.0735,708.5313
2107,101,2007,q1+q2+q3+q5,0.92023205,1729.7912,792.6439
2107,101,2007,q1+q2+q3+q6,0.90210297,1154.4277,536.0247
2107,101,2007,q1+q2+q4+q5,0.70485859,2108.4166,978.7551
2107,101,2007,q1+q2+q4+q6,0.68672951,1362.6019,644.0001
2107,101,2007,q1+q2+q5+q6,0.6279913,1583.4755,766.4564
2107,101,2007,q1+q3+q4+q5,0.68527919,2927.9668,1289.524
2107,101,2007,q1+q3+q4+q6,0.66715011,2182.5344,976.8417
2107,101,2007,q1+q3+q5+q6,0.60841189,2489.6751,1134.6443
2107,101,2007,q1+q4+q5+q6,0.39303843,3585.08,1667.2195
2107,101,2007,q2+q3+q4+q5,0.70485859,3016.6764,1268.436
2107,101,2007,q2+q3+q4+q6,0.68672951,2294.839,978.2593
2107,101,2007,q2+q3+q5+q6,0.6279913,2602.9079,1123.1631
2107,101,2007,q2+q4+q5+q6,0.41261784,3705.4381,1583.5243
2107,101,2007,q3+q4+q5+q6,0.39303843,5213.915,2042.9142
2107,101,2007,q1+q2+q3+q4+q5,0.99854967,2189.1473,979.9524
2107,101,2007,q1+q2+q3+q4+q6,0.98042059,1668.2388,755.3543
2107,101,2007,q1+q2+q3+q5+q6,0.92168238,1838.2098,843.0301
2107,101,2007,q1+q2+q4+q5+q6,0.70630892,2249.1176,1045.1985
2107,101,2007,q1+q3+q4+q5+q6,0.68672951,3070.9485,1354.0682
2107,101,2007,q2+q3+q4+q5+q6,0.70630892,3155.5124,1328.3688
2107,101,2007,q1+q2+q3+q4+q5+q6,1.0,2288.4086,1025.1926
2107,101,2007,all,1.0,2288.4086,1025.1926
2201,102,2011,q1,0.19455253,202.7718,118.4634
2201,102,2011,q2,0.29182879,606.3839,291.5937
2201,102,2011,q3,0.32101167,2269.1077,917.4746
2201,102,2011,q4,0.1459144,6931.1108,2444.4747
2201,102,2011,q5,0.03891051,32629.7684,9587.4375
2201,102,2011,q6,0.0077821,107696.3702,49004.172
2201,102,2011,q1+q2,0.48638132,444.9391,230.2516
2201,102,2011,q1+q3,0.5155642,1489.3583,681.3661
2201,102,2011,q1+q4,0.34046693,3086.3457,1407.1799
2201,102,2011,q1+q5,0.23346304,5607.2712,2812.5882
2201,102,2011,q1+q6,0.20233463,4337.141,2506.4731
2201,102,2011,q2+q3,0.61284047,1477.3345,646.3227
2201,102,2011,q2+q4,0.43774319,2714.6262,1164.3225
2201,102,2011,q2+q5,0.3307393,4373.8409,1956.7162
2201,102,2011,q2+q6,0.29961089,3387.942,1626.7693
2201,102,2011,q3+q4,0.46692607,3725.9837,1440.6058
2201,102,2011,q3+q5,0.35992218,5551.3413,2156.8909
2201,102,2011,q3+q6,0.32879377,4764.4275,1931.5069
2201,102,2011,q4+q5,0.1848249,12341.3545,4176.4431
2201,102,2011,q4+q6,0.1536965,12033.1493,4292.7551
2201,102,2011,q5+q6,0.04669261,45140.8687,14095.7755
2201,102,2011,q1+q2+q3,0.807393,1170.2109,544.9372
2201,102,2011,q1+q2+q4,0.63229572,1941.7479,907.0231
2201,102,2011,q1+q2+q5,0.52529183,2829.0005,1385.8372
2201,102,2011,q1+q2+q6,0.49416342,2133.938,1101.9096
2201,102,2011,q1+q3+q4,0.6614786,2689.7449,1154.8277
2201,102,2011,q1+q3+q5,0.55447471,3674.6502,1617.8739
2201,102,2011,q1+q3+q6,0.5233463,3068.6447,1403.7601
2201,102,2011,q1+q4+q5,0.37937743,6116.4403,2639.3573
2201,102,2011,q1+q4+q6,0.34824903,5423.9998,2472.8922
2201,102,2011,q1+q5+q6,0.24124514,8900.468,4449.7519
2201,102,2011,q2+q3+q4,0.75875486,2526.1376,1056.3167
2201,102,2011,q2+q3+q5,0.65175097,3337.1813,1418.5813
2201,102,2011,q2+q3+q6,0.62062257,2809.2346,1229.613
2201,102,2011,q2+q4+q5,0.4766537,5156.6787,2131.7331
2201,102,2011,q2+q4+q6,0.44552529,4548.3685,1952.7852
2201,102,2011,q2+q5+q6,0.3385214,6749.0715,3020.4861
2201,102,2011,q3+q4+q5,0.50583658,5949.3517,2245.6775
2201,102,2011,q3+q4+q6,0.47470817,5430.4162,2104.7893
2201,102,2011,q3+q5+q6,0.36770428,7713.1408,3006.1222
2201,102,2011,q4+q5+q6,0.192607,16194.0824,5537.5858
2201,102,2011,q1+q2+q3+q4,0.95330739,2051.9813,910.887
2201,102,2011,q1+q2+q3+q5,0.8463035,2616.6274,1186.5882
2201,102,2011,q1+q2+q3+q6,0.8151751,2187.1671,1018.2801
2201,102,2011,q1+q2+q4+q5,0.67120623,3720.7636,1680.5723
2201,102,2011,q1+q2+q4+q6,0.64007782,3227.5184,1507.1411
2201,102,2011,q1+q2+q5+q6,0.53307393,4359.911,2133.3964
2201,102,2011,q1+q3+q4+q5,0.70038911,4353.0795,1822.2782
2201,102,2011,q1+q3+q4+q6,0.6692607,3910.7521,1680.1632
2201,102,2011,q1+q3+q5+q6,0.56225681,5114.3972,2252.7755
2201,102,2011,q1+q4+q5+q6,0.38715953,8158.2479,3524.094
2201,102,2011,q2+q3+q4+q5,0.79766537,3994.6074,1636.5836
2201,102,2011,q2+q3+q4+q6,0.76653696,3593.8557,1504.0254
2201,102,2011,q2+q3+q5+q6,0.65953307,4568.5581,1943.5283
2201,102,2011,q2+q4+q5+q6,0.4844358,6803.9026,2816.8232
2201,102,2011,q3+q4+q5+q6,0.51361868,7490.9732,2834.9082
2201,102,2011,q1+q2+q3+q4+q5,0.9922179,3251.1102,1414.8471
2201,102,2011,q1+q2+q3+q4+q6,0.96108949,2907.4015,1290.8685
2201,102,2011,q1+q2+q3+q5+q6,0.8540856,3574.0738,1620.8211
2201,102,2011,q1+q2+q4+q5+q6,0.67898833,4912.4611,2219.0182
2201,102,2011,q1+q3+q4+q5+q6,0.70817121,5488.7201,2299.6998
2201,102,2011,q2+q3+q4+q5+q6,0.80544747,4996.5568,2049.0524
2201,102,2011,q1+q2+q3+q4+q5+q6,1.0,4063.9138,1769.1703
2201,102,2011,all,1.0,4063.9138,1769.1703
2202,102,2012,q1,0.19455253,198.5598,124.8254
2202,102,2012,q2,0.29182879,606.7953,285.5217
2202,102,2012,q3,0.32101167,2153.5439,896.7194
2202,102,2012,q4,0.1459144,6287.3354,2360.7516
2202,102,2012,q5,0.03891051,29135.1929,9313.2335
2202,102,2012,q6,0.0077821,107243.3531,54518.4627
2202,102,2012,q1+q2,0.48638132,443.5011,232.0283
2202,102,2012,q1+q3,0.5155642,1415.8141,675.6166
2202,102,2012,q1+q4,0.34046693,2808.0351,1369.522
2202,102,2012,q1+q5,0.23346304,5021.332,2718.675
2202,102,2012,q1+q6,0.20233463,4315.6673,2688.5925
2202,102,2012,q2+q3,0.61284047,1416.997,624.2336
2202,102,2012,q2+q4,0.43774319,2500.3086,1084.9351
2202,102,2012,q2+q5,0.3307393,3963.0774,1766.6806
2202,102,2012,q2+q6,0.29961089,3376.576,1591.8916
2202,102,2012,q3+q4,0.46692607,3445.3538,1387.3754
2202,102,2012,q3+q5,0.35992218,5070.479,2044.4227
2202,102,2012,q3+q6,0.32879377,4640.8767,1940.7361
2202,102,2012,q4+q5,0.1848249,11097.4107,4019.0677
2202,102,2012,q4+q6,0.1536965,11399.0325,4337.4858
2202,102,2012,q5+q6,0.04669261,42153.2196,14363.1312
2202,102,2012,q1+q2+q3,0.807393,1123.3976,533.352
2202,102,2012,q1+q2+q4,0.63229572,1792.0782,859.5439
2202,102,2012,q1+q2+q5,0.52529183,2568.8116,1283.4082
2202,102,2012,q1+q2+q6,0.49416342,2125.3885,1111.4382
2202,102,2012,q1+q3+q4,0.6614786,2490.4144,1121.3973
2202,102,2012,q1+q3+q5,0.55447471,3361.0337,1550.2468
2202,102,2012,q1+q3+q6,0.5233463,2989.4578,1427.8502
2202,102,2012,q1+q4+q5,0.37937743,5508.2564,2549.0106
2202,102,2012,q1+q4+q6,0.34824903,5141.7852,2510.006
2202,102,2012,q1+q5+q6,0.24124514,8318.8166,4494.5862
2202,102,2012,q2+q3+q4,0.75875486,2353.6005,1003.4054
2202,102,2012,q2+q3+q5,0.65175097,3071.8146,1323.359
2202,102,2012,q2+q3+q6,0.62062257,2743.9732,1210.836
2202,102,2012,q2+q4+q5,0.4766537,4674.5849,1970.8865
2202,102,2012,q2+q4+q6,0.44552529,4329.8815,1883.6422
2202,102,2012,q2+q5+q6,0.3385214,6337.3366,2833.1069
2202,102,2012,q3+q4+q5,0.50583658,5421.4952,2140.3654
2202,102,2012,q3+q4+q6,0.47470817,5146.9603,2079.666
2202,102,2012,q3+q5+q6,0.36770428,7232.8678,2929.1241
2202,102,2012,q4+q5+q6,0.192607,14982.0952,5489.7449
2202,102,2012,q1+q2+q3+q4,0.95330739,1913.7963,873.2619
2202,102,2012,q1+q2+q3+q5,0.8463035,2411.2963,1119.8203
2202,102,2012,q1+q2+q3+q6,0.8151751,2136.476,1014.9683
2202,102,2012,q1+q2+q4+q5,0.67120623,3377.1863,1574.1469
2202,102,2012,q1+q2+q4+q6,0.64007782,3074.1606,1475.4895
2202,102,2012,q1+q2+q5+q6,0.53307393,4096.9071,2047.377
2202,102,2012,q1+q3+q4+q5,0.70038911,3970.6798,1748.2485
2202,102,2012,q1+q3+q4+q6,0.6692607,3708.4718,1672.0921
2202,102,2012,q1+q3+q5+q6,0.56225681,4798.8512,2216.2707
2202,102,2012,q1+q4+q5+q6,0.38715953,7553.183,3501.6381
2202,102,2012,q2+q3+q4+q5,0.79766537,3660.0196,1535.3746
2202,102,2012,q2+q3+q4+q6,0.76653696,3418.4711,1459.7808
2202,102,2012,q2+q3+q5+q6,0.65953307,4300.9773,1856.2322
2202,102,2012,q2+q4+q5+q6,0.4844358,6322.276,2672.9086
2202,102,2012,q3+q4+q5+q6,0.51361868,6964.2507,2758.7718
2202,102,2012,q1+q2+q3+q4+q5,0.9922179,2981.302,1337.9345
2202,102,2012,q1+q2+q3+q4+q6,0.96108949,2766.6672,1263.4732
2202,102,2012,q1+q2+q3+q5+q6,0.8540856,3366.4859,1564.6487
2202,102,2012,q1+q2+q4+q5+q6,0.67898833,4567.6295,2131.0567
2202,102,2012,q1+q3+q4+q5+q6,0.70817121,5105.5444,2251.2301
2202,102,2012,q2+q3+q4+q5+q6,0.80544747,4660.8248,1958.5191
2202,102,2012,q1+q2+q3+q4+q5+q6,1.0,3792.6799,1703.6148
2202,102,2012,all,1.0,3792.6799,1703.6148
2203,102,2013,q1,0.19455253,203.9051,123.8238
2203,102,2013,q2,0.29182879,709.3884,313.7582
2203,102,2013,q3,0.32101167,2422.6606,879.5383
2203,102,2013,q4,0.1459144,7355.16,2272.1053
2203,102,2013,q5,0.03891051,35185.2832,8806.1661
2203,102,2013,q6,0.0077821,99091.6783,49477.597
2203,102,2013,q1+q2,0.48638132,507.1951,251.6775
2203,102,2013,q1+q3,0.5155642,1585.3944,678.5466
2203,102,2013,q1+q4,0.34046693,3268.7287,1403.8851
2203,102,2013,q1+q5,0.23346304,6034.1348,2960.5192
2203,102,2013,q1+q6,0.20233463,4007.281,2413.4004
2203,102,2013,q2+q3,0.61284047,1606.8167,637.7637
2203,102,2013,q2+q4,0.43774319,2924.6456,1130.8026
2203,102,2013,q2+q5,0.3307393,4765.376,1933.2086
2203,102,2013,q2+q6,0.29961089,3264.7725,1448.285
2203,102,2013,q3+q4,0.46692607,3964.0667,1364.422
2203,102,2013,q3+q5,0.35992218,5964.5658,2064.8373
2203,102,2013,q3+q6,0.32879377,4710.6847,1721.3158
2203,102,2013,q4+q5,0.1848249,13214.1333,3890.1557
2203,102,2013,q4+q6,0.1536965,12000.047,3779.9529
2203,102,2013,q5+q6,0.04669261,45836.349,12511.9703
2203,102,2013,q1+q2+q3,0.807393,1268.7657,549.4488
2203,102,2013,q1+q2+q4,0.63229572,2087.4947,908.6989
2203,102,2013,q1+q2+q5,0.52529183,3075.9423,1422.7664
2203,102,2013,q1+q2+q6,0.49416342,2059.7066,1022.1558
2203,102,2013,q1+q3+q4,0.6614786,2858.1368,1127.4078
2203,102,2013,q1+q3+q5,0.55447471,3943.2813,1607.6112
2203,102,2013,q1+q3+q6,0.5233463,3035.302,1301.8698
2203,102,2013,q1+q4+q5,0.37937743,6542.2214,2617.5817
2203,102,2013,q1+q4+q6,0.34824903,5410.0236,2330.8326
2203,102,2013,q1+q5+q6,0.24124514,9035.991,4435.804
2203,102,2013,q2+q3+q4,0.75875486,2712.2673,1020.6185
2203,102,2013,q2+q3+q5,0.65175097,3611.5013,1385.002
2203,102,2013,q2+q3+q6,0.62062257,2829.1974,1125.8356
2203,102,2013,q2+q4+q5,0.4766537,5558.167,2057.5285
2203,102,2013,q2+q4+q6,0.44552529,4604.4191,1787.3247
2203,102,2013,q2+q5+q6,0.3385214,6933.7967,2825.068
2203,102,2013,q3+q4+q5,0.50583658,6365.6987,2129.5863
2203,102,2013,q3+q4+q6,0.47470817,5523.5357,1910.9191
2203,102,2013,q3+q5+q6,0.36770428,7935.5099,2765.0936
2203,102,2013,q4+q5+q6,0.192607,16683.9331,4994.4598
2203,102,2013,q1+q2+q3+q4,0.95330739,2200.3567,897.6647
2203,102,2013,q1+q2+q3+q5,0.8463035,2828.1458,1184.9631
2203,102,2013,q1+q2+q3+q6,0.8151751,2202.636,955.0783
2203,102,2013,q1+q2+q4+q5,0.67120623,4006.2071,1672.2585
2203,102,2013,q1+q2+q4+q6,0.64007782,3266.8769,1424.3109
2203,102,2013,q1+q2+q5+q6,0.53307393,4477.6319,2073.3416
2203,102,2013,q1+q3+q4+q5,0.70038911,4654.0894,1778.9006
2203,102,2013,q1+q3+q4+q6,0.6692607,3977.1315,1572.6416
2203,102,2013,q1+q3+q5+q6,0.56225681,5260.2142,2149.9639
2203,102,2013,q1+q4+q5+q6,0.38715953,8402.512,3375.3751
2203,102,2013,q2+q3+q4+q5,0.79766537,4296.3169,1577.9358
2203,102,2013,q2+q3+q4+q6,0.76653696,3690.7385,1392.2968
2203,102,2013,q2+q3+q5+q6,0.65953307,4738.111,1822.0407
2203,102,2013,q2+q4+q5+q6,0.4844358,7060.7134,2624.6468
2203,102,2013,q3+q4+q5+q6,0.51361868,7770.6378,2612.659
2203,102,2013,q1+q2+q3+q4+q5,0.9922179,3493.8832,1391.0083
2203,102,2013,q1+q2+q3+q4+q6,0.96108949,2984.9018,1219.5368
2203,102,2013,q1+q2+q3+q5+q6,0.8540856,3705.2623,1554.7445
2203,102,2013,q1+q2+q4+q5+q6,0.67898833,5096.0119,2131.1677
2203,102,2013,q1+q3+q4+q5+q6,0.70817121,5691.8651,2181.1832
2203,102,2013,q2+q3+q4+q5+q6,0.80544747,5212.2141,1919.2266
2203,102,2013,q1+q2+q3+q4+q5+q6,1.0,4237.8349,1689.8603
2203,102,2013,all,1.0,4237.8349,1689.8603
2204,102,2014,q1,0.19455253,203.5139,106.1285
2204,102,2014,q2,0.29182879,566.2758,264.8608
2204,102,2014,q3,0.32101167,2403.871,1008.0567
2204,102,2014,q4,0.1459144,7633.175,2745.9013
2204,102,2014,q5,0.03891051,33481.899,9988.3097
2204,102,2014,q6,0.0077821,119288.4534,42807.0
2204,102,2014,q1+q2,0.48638132,421.1711,205.4638
2204,102,2014,q1+q3,0.5155642,1573.5476,712.5229
2204,102,2014,q1+q4,0.34046693,3387.6544,1481.1729
2204,102,2014,q1+q5,0.23346304,5749.9114,2666.0694
2204,102,2014,q1+q6,0.20233463,4783.7039,2451.8705
2204,102,2014,q2+q3,0.61284047,1528.8257,674.3208
2204,102,2014,q2+q4,0.43774319,2921.9089,1242.3312
2204,102,2014,q2+q5,0.3307393,4438.7021,1946.0755
2204,102,2014,q2+q6,0.29961089,3649.9688,1693.8303
2204,102,2014,q3+q4,0.46692607,4038.0285,1609.9605
2204,102,2014,q3+q5,0.35992218,5763.6578,2315.4215
2204,102,2014,q3+q6,0.32879377,5170.37,2159.5638
2204,102,2014,q4+q5,0.1848249,13075.0116,4508.1271
2204,102,2014,q4+q6,0.1536965,13286.6068,4779.0314
2204,102,2014,q5+q6,0.04669261,47782.9914,14666.9567
2204,102,2014,q1+q2+q3,0.807393,1209.4735,554.0496
2204,102,2014,q1+q2+q4,0.63229572,2085.4797,940.1193
2204,102,2014,q1+q2+q5,0.52529183,2870.1139,1337.2266
2204,102,2014,q1+q2+q6,0.49416342,2293.0968,1112.3664
2204,102,2014,q1+q3+q4,0.6614786,2910.2301,1246.6359
2204,102,2014,q1+q3+q5,0.55447471,3812.7301,1665.9109
2204,102,2014,q1+q3+q6,0.5233463,3323.9551,1499.2929
2204,102,2014,q1+q4+q5,0.37937743,6474.2436,2701.6874
2204,102,2014,q1+q4+q6,0.34824903,5977.6164,2600.8799
2204,102,2014,q1+q5+q6,0.24124514,9412.445,4323.5434
2204,102,2014,q2+q3+q4,0.75875486,2702.739,1142.4247
2204,102,2014,q2+q3+q5,0.65175097,3436.4719,1473.6293
2204,102,2014,q2+q3+q6,0.62062257,3005.4355,1321.8132
2204,102,2014,q2+q4+q5,0.4766537,5416.602,2225.7555
2204,102,2014,q2+q4+q6,0.44552529,4954.5123,2099.7705
2204,102,2014,q2+q5+q6,0.3385214,7078.9263,3087.896
2204,102,2014,q3+q4+q5,0.50583658,6302.9416,2449.5771
2204,102,2014,q3+q4+q6,0.47470817,5927.3797,2358.9502
2204,102,2014,q3+q5+q6,0.36770428,8166.299,3272.3547
2204,102,2014,q4+q5+q6,0.192607,17366.4638,5997.2711
2204,102,2014,q1+q2+q3+q4,0.95330739,2192.6931,964.106
2204,102,2014,q1+q2+q3+q5,0.8463035,2693.2631,1204.1111
2204,102,2014,q1+q2+q3+q6,0.8151751,2336.7191,1067.6128
2204,102,2014,q1+q2+q4+q5,0.67120623,3905.5619,1709.9351
2204,102,2014,q1+q2+q4+q6,0.64007782,3510.4398,1577.5671
2204,102,2014,q1+q2+q5+q6,0.53307393,4569.6517,2119.8326
2204,102,2014,q1+q3+q4+q5,0.70038911,4608.6562,1927.4996
2204,102,2014,q1+q3+q4+q6,0.6692607,4263.4653,1822.208
2204,102,2014,q1+q3+q5+q6,0.56225681,5411.0101,2357.1548
2204,102,2014,q1+q4+q5+q6,0.38715953,8741.8659,3636.0578
2204,102,2014,q2+q3+q4+q5,0.79766537,4204.1615,1741.6434
2204,102,2014,q2+q3+q4+q6,0.76653696,3886.3503,1639.7655
2204,102,2014,q2+q3+q5+q6,0.65953307,4803.4569,2055.0925
2204,102,2014,q2+q4+q5+q6,0.4844358,7245.8687,2970.5033
2204,102,2014,q3+q4+q5+q6,0.51361868,8014.8433,3110.9785
2204,102,2014,q1+q2+q3+q4+q5,0.9922179,3419.7208,1476.1849
2204,102,2014,q1+q2+q3+q4+q6,0.96108949,3140.8369,1378.4813
2204,102,2014,q1+q2+q3+q5+q6,0.8540856,3755.6339,1675.3254
2204,102,2014,q1+q2+q4+q5+q6,0.67898833,5228.002,2283.168
2204,102,2014,q1+q3+q4+q5+q6,0.70817121,5868.8737,2450.1108
2204,102,2014,q2+q3+q4+q5+q6,0.80544747,5316.087,2198.996
2204,102,2014,q1+q2+q3+q4+q5+q6,1.0,4321.423,1862.4801
2204,102,2014,all,1.0,4321.423,1862.4801
2205,102,2015,q1,0.19455253,203.5139,106.1285
2205,102,2015,q2,0.29182879,566.2758,264.8608
2205,102,2015,q3,0.32101167,2403.871,1008.0567
2205,102,2015,q4,0.1459144,7633.175,2745.9013
2205,102,2015,q5,0.03891051,33481.899,9988.3097
2205,102,2015,q6,0.0077821,119288.4534,42807.0
2205,102,2015,q1+q2,0.48638132,421.1711,205.4638
2205,102,2015,q1+q3,0.5155642,1573.5476,712.5229
2205,102,2015,q1+q4,0.34046693,3387.6544,1481.1729
2205,102,2015,q1+q5,0.23346304,5749.9114,2666.0694
2205,102,2015,q1+q6,0.20233463,4783.7039,2451.8705
2205,102,2015,q2+q3,0.61284047,1528.8257,674.3208
2205,102,2015,q2+q4,0.43774319,2921.9089,1242.3312
2205,102,2015,q2+q5,0.3307393,4438.7021,1946.0755
2205,102,2015,q2+q6,0.29961089,3649.9688,1693.8303
2205,102,2015,q3+q4,0.46692607,4038.0285,1609.9605
2205,102,2015,q3+q5,0.35992218,5763.6578,2315.4215
2205,102,2015,q3+q6,0.32879377,5170.37,2159.5638
2205,102,2015,q4+q5,0.1848249,13075.0116,4508.1271
2205,102,2015,q4+q6,0.1536965,13286.6068,4779.0314
2205,102,2015,q5+q6,0.04669261,47782.9914,14666.9567
2205,102,2015,q1+q2+q3,0.807393,1209.4735,554.0496
2205,102,2015,q1+q2+q4,0.63229572,2085.4797,940.1193
2205,102,2015,q1+q2+q5,0.52529183,2870.1139,1337.2266
2205,102,2015,q1+q2+q6,0.49416342,2293.0968,1112.3664
2205,102,2015,q1+q3+q4,0.6614786,2910.2301,1246.6359
2205,102,2015,q1+q3+q5,0.55447471,3812.7301,1665.9109
2205,102,2015,q1+q3+q6,0.5233463,3323.9551,1499.2929
2205,102,2015,q1+q4+q5,0.37937743,6474.2436,2701.6874
2205,102,2015,q1+q4+q6,0.34824903,5977.6164,2600.8799
2205,102,2015,q1+q5+q6,0.24124514,9412.445,4323.5434
2205,102,2015,q2+q3+q4,0.75875486,2702.739,1142.4247
2205,102,2015,q2+q3+q5,0.65175097,3436.4719,1473.6293
2205,102,2015,q2+q3+q6,0.62062257,3005.4355,1321.8132
2205,102,2015,q2+q4+q5,0.4766537,5416.602,2225.7555
2205,102,2015,q2+q4+q6,0.44552529,4954.5123,2099.7705
2205,102,2015,q2+q5+q6,0.3385214,7078.9263,3087.896
2205,102,2015,q3+q4+q5,0.50583658,6302.9416,2449.5771
2205,102,2015,q3+q4+q6,0.47470817,5927.3797,2358.9502
2205,102,2015,q3+q5+q6,0.36770428,8166.299,3272.3547
2205,102,2015,q4+q5+q6,0.192607,17366.4638,5997.2711
2205,102,2015,q1+q2+q3+q4,0.95330739,2192.6931,964.106
2205,102,2015,q1+q2+q3+q5,0.8463035,2693.2631,1204.1111
2205,102,2015,q1+q2+q3+q6,0.8151751,2336.7191,1067.6128
2205,102,2015,q1+q2+q4+q5,0.67120623,3905.5619,1709.9351
2205,102,2015,q1+q2+q4+q6,0.64007782,3510.4398,1577.5671
2205,102,2015,q1+q2+q5+q6,0.53307393,4569.6517,2119.8326
2205,102,2015,q1+q3+q4+q5,0.70038911,4608.6562,1927.4996
2205,102,2015,q1+q3+q4+q6,0.6692607,4263.4653,1822.208
2205,102,2015,q1+q3+q5+q6,0.56225681,5411.0101,2357.1548
2205,102,2015,q1+q4+q5+q6,0.38715953,8741.8659,3636.0578
2205,102,2015,q2+q3+q4+q5,0.79766537,4204.1615,1741.6434
2205,102,2015,q2+q3+q4+q6,0.76653696,3886.3503,1639.7655
2205,102,2015,q2+q3+q5+q6,0.65953307,4803.4569,2055.0925
2205,102,2015,q2+q4+q5+q6,0.4844358,7245.8687,2970.5033
2205,102,2015,q3+q4+q5+q6,0.51361868,8014.8433,3110.9785
2205,102,2015,q1+q2+q3+q4+q5,0.9922179,3419.7208,1476.1849
2205,102,2015,q1+q2+q3+q4+q6,0.96108949,3140.8369,1378.4813
2205,102,2015,q1+q2+q3+q5+q6,0.8540856,3755.6339,1675.3254
2205,102,2015,q1+q2+q4+q5+q6,0.67898833,5228.002,2283.168
2205,102,2015,q1+q3+q4+q5+q6,0.70817121,5868.8737,2450.1108
2205,102,2015,q2+q3+q4+q5+q6,0.80544747,5316.087,2198.996
2205,102,2015,q1+q2+q3+q4+q5+q6,1.0,4321.423,1862.4801
2205,102,2015,all,1.0,4321.423,1862.4801
2301,103,2021,q1,0.10699588,202.7718,118.4634
2301,103,2021,q2,0.20576132,606.3839,291.5937
2301,103,2021,q3,0.24691358,2269.1077,917.4746
2301,103,2021,q4,0.32921811,6931.1108,2444.4747
2301,103,2021,q5,0.08230453,32629.7684,9587.4375
2301,103,2021,q6,0.02880658,158161.8005,43120.78
2301,103,2021,q1+q2,0.3127572,468.3061,239.702
2301,103,2021,q1+q3,0.35390947,1644.4015,733.1321
2301,103,2021,q1+q4,0.43621399,5280.7635,2062.9707
2301,103,2021,q1+q5,0.18930041,14301.466,5843.9953
2301,103,2021,q1+q6,0.13580247,33709.2324,15850.9813
2301,103,2021,q2+q3,0.4526749,1513.3242,659.6091
2301,103,2021,q2+q4,0.53497942,4498.5236,1767.8006
2301,103,2021,q2+q5,0.28806584,9755.9224,3969.3878
2301,103,2021,q2+q6,0.2345679,19955.2947,8773.0663
2301,103,2021,q3+q4,0.57613169,4933.1095,1840.5841
2301,103,2021,q3+q5,0.32921811,9859.2729,3643.8162
2301,103,2021,q3+q6,0.27572016,18556.4039,7142.5
2301,103,2021,q4+q5,0.41152263,12070.8423,4093.1803
2301,103,2021,q4+q6,0.35802469,19099.0973,6580.4523
2301,103,2021,q5+q6,0.11111111,65175.1101,18771.8514
2301,103,2021,q1+q2+q3,0.55967078,1262.7774,578.487
2301,103,2021,q1+q2+q4,0.64197531,3782.5649,1572.2269
2301,103,2021,q1+q2+q5,0.39506173,7168.6108,3177.9708
2301,103,2021,q1+q2+q6,0.34156379,13767.7574,6561.4781
2301,103,2021,q1+q3+q4,0.68312757,4192.2132,1657.9885
2301,103,2021,q1+q3+q5,0.43621399,7490.6971,3042.6169
2301,103,2021,q1+q3+q6,0.38271605,13425.281,5712.3227
2301,103,2021,q1+q4+q5,0.51851852,9621.8754,3572.0041
2301,103,2021,q1+q4+q6,0.46502058,14751.2702,5612.2006
2301,103,2021,q1+q5+q6,0.218107,33301.8875,12767.0345
2301,103,2021,q2+q3+q4,0.781893,3794.4975,1504.4844
2301,103,2021,q2+q3+q5,0.53497942,6300.4694,2556.0676
2301,103,2021,q2+q3+q6,0.48148148,10885.4552,4580.5419
2301,103,2021,q2+q4+q5,0.61728395,8249.3562,3102.2036
2301,103,2021,q2+q4+q6,0.56378601,12349.9319,4746.1596
2301,103,2021,q2+q5+q6,0.31687243,23247.3658,9053.4239
2301,103,2021,q3+q4+q5,0.65843621,8395.1918,3030.113
2301,103,2021,q3+q4+q6,0.60493827,12229.7138,4484.3153
2301,103,2021,q3+q5+q6,0.35802469,21791.6602,7829.8069
2301,103,2021,q4+q5+q6,0.44032922,21628.1947,7218.9232
2301,103,2021,q1+q2+q3+q4,0.88888889,3362.1601,1386.7027
2301,103,2021,q1+q2+q3+q5,0.64197531,5284.1865,2258.8077
2301,103,2021,q1+q2+q3+q6,0.58847737,8943.1491,3964.8859
2301,103,2021,q1+q2+q4+q5,0.72427984,7060.6562,2802.7158
2301,103,2021,q1+q2+q4+q6,0.67078189,10412.348,4232.556
2301,103,2021,q1+q2+q5+q6,0.42386831,17430.2838,7411.8071
2301,103,2021,q1+q3+q4+q5,0.7654321,7250.0148,2764.4714
2301,103,2021,q1+q3+q4+q6,0.71193416,10422.1965,4048.0903
2301,103,2021,q1+q3+q5+q6,0.46502058,16824.3053,6632.5398
2301,103,2021,q1+q4+q5+q6,0.5473251,17439.7662,6353.3677
2301,103,2021,q2+q3+q4+q5,0.86419753,6540.7138,2509.8145
2301,103,2021,q2+q3+q4+q6,0.81069959,9279.6301,3620.843
2301,103,2021,q2+q3+q5+q6,0.56378601,14059.8075,5565.2147
2301,103,2021,q2+q4+q5+q6,0.64609053,14933.3505,5522.3504
2301,103,2021,q3+q4+q5+q6,0.6872428,14672.8341,5224.9997
2301,103,2021,q1+q2+q3+q4+q5,0.97119342,5842.4659,2329.9757
2301,103,2021,q1+q2+q3+q4+q6,0.91769547,8221.3417,3337.1262
2301,103,2021,q1+q2+q3+q5+q6,0.67078189,11849.4828,4944.6554
2301,103,2021,q1+q2+q4+q5+q6,0.75308642,12840.4814,5009.6347
2301,103,2021,q1+q3+q4+q5+q6,0.79423868,12723.4993,4782.4055
2301,103,2021,q2+q3+q4+q5+q6,0.89300412,11431.7166,4329.6921
2301,103,2021,q1+q2+q3+q4+q5+q6,1.0,10230.2657,4026.1608
2301,103,2021,all,1.0,10230.2657,4026.1608
2302,103,2022,q1,0.10699588,200.266,124.7558
2302,103,2022,q2,0.20576132,620.8273,289.1314
2302,103,2022,q3,0.24691358,2192.3983,886.5569
2302,103,2022,q4,0.32921811,6313.3031,2361.3603
2302,103,2022,q5,0.08230453,29534.1412,9341.3018
2302,103,2022,q6,0.02880658,150664.8123,46179.9162
2302,103,2022,q1+q2,0.3127572,476.9511,243.1177
2302,103,2022,q1+q3,0.35390947,1590.1257,719.3133
2302,103,2022,q1+q4,0.43621399,4813.8789,1996.1798
2302,103,2022,q1+q5,0.18930041,12954.1248,5676.745
2302,103,2022,q1+q6,0.13580247,32116.9879,16412.916
2302,103,2022,q2+q3,0.4526749,1478.0478,635.752
2302,103,2022,q2+q4,0.53497942,4123.8893,1668.8229
2302,103,2022,q2+q5,0.28806584,8881.7741,3644.4619
2302,103,2022,q2+q6,0.2345679,19047.2816,8338.7546
2302,103,2022,q3+q4,0.57613169,4547.201,1757.3087
2302,103,2022,q3+q5,0.32921811,9027.834,3413.0149
2302,103,2022,q3+q6,0.27572016,17704.4415,6928.1547
2302,103,2022,q4+q5,0.41152263,10957.4707,3954.0463
2302,103,2022,q4+q6,0.35802469,17927.7923,6588.7358
2302,103,2022,q5+q6,0.11111111,60938.3892,19115.9516
2302,103,2022,q1+q2+q3,0.55967078,1233.766,564.057
2302,103,2022,q1+q2+q4,0.64197531,3469.9521,1491.2823
2302,103,2022,q1+q2+q5,0.39506173,6530.5323,2952.6109
2302,103,2022,q1+q2+q6,0.34156379,13143.3972,6344.8302
2302,103,2022,q1+q3+q4,0.68312757,3866.3558,1588.6512
2302,103,2022,q1+q3+q5,0.43621399,6862.5815,2871.2997
2302,103,2022,q1+q3+q6,0.38271605,12810.801,5594.7371
2302,103,2022,q1+q4+q5,0.51851852,8737.73,3452.8109
2302,103,2022,q1+q4+q6,0.46502058,13848.8924,5619.891
2302,103,2022,q1+q5+q6,0.218107,31142.3288,12914.2167
2302,103,2022,q2+q3+q4,0.781893,3513.9448,1421.6685
2302,103,2022,q2+q3+q5,0.53497942,5794.3699,2361.5613
2302,103,2022,q2+q3+q6,0.48148148,10403.7517,4369.5221
2302,103,2022,q2+q4+q5,0.61728395,7511.9229,2930.6722
2302,103,2022,q2+q4+q6,0.56378601,11611.3817,4623.1486
2302,103,2022,q2+q5+q6,0.31687243,21771.1412,8666.4898
2302,103,2022,q3+q4+q5,0.65843621,7670.5685,2884.3732
2302,103,2022,q3+q4+q6,0.60493827,11505.1825,4391.735
2302,103,2022,q3+q5+q6,0.35802469,20423.9127,7579.0109
2302,103,2022,q4+q5+q6,0.44032922,20097.2033,7168.9972
2302,103,2022,q1+q2+q3+q4,0.88888889,3115.076,1315.8155
2302,103,2022,q1+q2+q3+q5,0.64197531,4862.0192,2102.7441
2302,103,2022,q1+q2+q3+q6,0.58847737,8548.5725,3816.4258
2302,103,2022,q1+q2+q4+q5,0.72427984,6431.7918,2655.9064
2302,103,2022,q1+q2+q4+q6,0.67078189,9791.2038,4136.5291
2302,103,2022,q1+q2+q5+q6,0.42386831,16326.0659,7150.5369
2302,103,2022,q1+q3+q4+q5,0.7654321,6626.3327,2637.8631
2302,103,2022,q1+q3+q4+q6,0.71193416,9806.1777,3974.5033
2302,103,2022,q1+q3+q5+q6,0.46502058,15770.6843,6452.5273
2302,103,2022,q1+q4+q5+q6,0.5473251,16207.5765,6308.5681
2302,103,2022,q2+q3+q4+q5,0.86419753,5992.0587,2361.4806
2302,103,2022,q2+q3+q4+q6,0.81069959,8742.6558,3497.3333
2302,103,2022,q2+q3+q5+q6,0.56378601,13196.5093,5289.2856
2302,103,2022,q2+q4+q5+q6,0.64609053,13894.5358,5355.609
2302,103,2022,q3+q4+q5+q6,0.6872428,13664.3392,5089.8259
2302,103,2022,q1+q2+q3+q4+q5,0.97119342,5353.9799,2199.0114
2302,103,2022,q1+q2+q3+q4+q6,0.91769547,7746.6821,3233.8344
2302,103,2022,q1+q2+q3+q5+q6,0.67078189,11123.4889,4727.2886
2302,103,2022,q1+q2+q4+q5+q6,0.75308642,11948.9018,4869.4349
2302,103,2022,q1+q3+q4+q5+q6,0.79423868,11850.5262,4666.9764
2302,103,2022,q2+q3+q4+q5+q6,0.89300412,10658.9217,4162.3279
2302,103,2022,q1+q2+q3+q4+q5+q6,1.0,9539.8886,3880.2614
2302,103,2022,all,1.0,9539.8886,3880.2614
2303,103,2023,q1,0.10699588,204.8972,122.9694
2303,103,2023,q2,0.20576132,704.3946,308.7833
2303,103,2023,q3,0.24691358,2424.3848,874.3824
2303,103,2023,q4,0.32921811,7124.5113,2311.5981
2303,103,2023,q5,0.08230453,34142.6359,8969.1736
2303,103,2023,q6,0.02880658,175751.7972,39880.6303
2303,103,2023,q1+q2,0.3127572,533.5139,257.6345
2303,103,2023,q1+q3,0.35390947,1753.3769,719.134
2303,103,2023,q1+q4,0.43621399,5427.2475,1984.518
2303,103,2023,q1+q5,0.18930041,14960.4358,5760.9654
2303,103,2023,q1+q6,0.13580247,37442.1184,16658.6631
2303,103,2023,q2+q3,0.4526749,1642.5711,644.3278
2303,103,2023,q2+q4,0.53497942,4655.2357,1678.1419
2303,103,2023,q2+q5,0.28806584,10258.1778,3775.4941
2303,103,2023,q2+q6,0.2345679,22201.444,8732.9868
2303,103,2023,q3+q4,0.57613169,5110.1714,1732.569
2303,103,2023,q3+q5,0.32921811,10353.9476,3415.8163
2303,103,2023,q3+q6,0.27572016,20533.219,6975.9575
2303,103,2023,q4+q5,0.41152263,12528.1363,3882.2974
2303,103,2023,q4+q6,0.35802469,20692.224,6489.2943
2303,103,2023,q5+q6,0.11111111,70856.1222,17882.6044
2303,103,2023,q1+q2+q3,0.55967078,1367.7217,574.5611
2303,103,2023,q1+q2+q4,0.64197531,3913.5126,1511.3535
2303,103,2023,q1+q2+q5,0.39506173,7535.4143,3097.868
2303,103,2023,q1+q2+q6,0.34156379,15310.9595,6751.3412
2303,103,2023,q1+q3+q4,0.68312757,4341.8754,1579.7321
2303,103,2023,q1+q3+q5,0.43621399,7864.5579,2916.7061
2303,103,2023,q1+q3+q6,0.38271605,14850.0322,5741.6608
2303,103,2023,q1+q4+q5,0.51851852,9985.2456,3437.3424
2303,103,2023,q1+q4+q6,0.46502058,15978.3258,5629.3854
2303,103,2023,q1+q5+q6,0.218107,36197.0307,12763.7238
2303,103,2023,q2+q3+q4,0.781893,3950.7565,1424.4082
2303,103,2023,q2+q3+q5,0.53497942,6642.5811,2421.8932
2303,103,2023,q2+q3+q6,0.48148148,12059.3624,4532.8774
2303,103,2023,q2+q4+q5,0.61728395,8586.889,2949.073
2303,103,2023,q2+q4+q6,0.56378601,13397.3957,4688.5438
2303,103,2023,q2+q5+q6,0.31687243,25303.0523,8814.3365
2303,103,2023,q3+q4+q5,0.65843621,8739.2295,2859.1108
2303,103,2023,q3+q4+q6,0.60493827,13235.9631,4384.3956
2303,103,2023,q3+q5+q6,0.35802469,23661.8206,7531.1214
2303,103,2023,q4+q5+q6,0.44032922,23206.3197,7023.3139
2303,103,2023,q1+q2+q3+q4,0.88888889,3499.866,1325.5469
2303,103,2023,q1+q2+q3+q5,0.64197531,5569.6337,2172.829
2303,103,2023,q1+q2+q3+q6,0.58847737,9904.0051,3994.095
2303,103,2023,q1+q2+q4+q5,0.72427984,7348.6402,2694.0462
2303,103,2023,q1+q2+q4+q6,0.67078189,11293.0708,4233.6376
2303,103,2023,q1+q2+q5+q6,0.42386831,18967.5957,7390.0473
2303,103,2023,q1+q3+q4+q5,0.7654321,7546.2583,2636.4585
2303,103,2023,q1+q3+q4+q6,0.71193416,11277.537,4005.385
2303,103,2023,q1+q3+q5+q6,0.46502058,18264.6523,6517.6259
2303,103,2023,q1+q4+q5+q6,0.5473251,18709.801,6270.0713
2303,103,2023,q2+q3+q4+q5,0.86419753,6826.1735,2376.8026
2303,103,2023,q2+q3+q4+q6,0.81069959,10055.362,3551.0613
2303,103,2023,q2+q3+q5+q6,0.56378601,15283.1979,5404.7091
2303,103,2023,q2+q4+q5+q6,0.64609053,16040.1015,5385.4927
2303,103,2023,q3+q4+q5+q6,0.6872428,15739.7563,5055.7717
2303,103,2023,q1+q2+q3+q4+q5,0.97119342,6096.7109,2225.7583
2303,103,2023,q1+q2+q3+q4+q6,0.91769547,8906.8773,3304.016
2303,103,2023,q1+q2+q3+q5+q6,0.67078189,12878.0702,4873.4708
2303,103,2023,q1+q2+q4+q5+q6,0.75308642,13790.291,4939.2766
2303,103,2023,q1+q3+q4+q5+q6,0.79423868,13646.9773,4676.3523
2303,103,2023,q2+q3+q4+q5+q6,0.89300412,12275.3872,4201.7227
2303,103,2023,q1+q2+q3+q4+q5+q6,1.0,10983.8945,3940.8284
2303,103,2023,all,1.0,10983.8945,3940.8284
2304,103,2024,q1,0.10699588,204.6088,123.6179
2304,103,2024,q2,0.20576132,559.2981,302.9399
2304,103,2024,q3,0.24691358,2090.9797,873.7635
2304,103,2024,q4,0.32921811,6223.2765,2385.0114
2304,103,2024,q5,0.08230453,31798.8452,10319.8332
2304,103,2024,q6,0.02880658,150379.6202,46961.3701
2304,103,2024,q1+q2,0.3127572,437.957,245.923
2304,103,2024,q1+q3,0.35390947,1520.6815,700.7793
2304,103,2024,q1+q4,0.43621399,4746.9995,1998.4931
2304,103,2024,q1+q5,0.18930041,13941.2333,6127.3635
2304,103,2024,q1+q6,0.13580247,32059.9142,16164.701
2304,103,2024,q2+q3,0.4526749,1394.7608,650.3867
2304,103,2024,q2+q4,0.53497942,4044.8233,1746.5973
2304,103,2024,q2+q5,0.28806584,9484.883,4313.0357
2304,103,2024,q2+q6,0.2345679,18958.285,9419.0652
2304,103,2024,q3+q4,0.57613169,4452.2922,1769.1364
2304,103,2024,q3+q5,0.32921811,9517.9461,3710.5005
2304,103,2024,q3+q6,0.27572016,17583.8228,7097.095
2304,103,2024,q4+q5,0.41152263,11338.3902,4193.6122
2304,103,2024,q4+q6,0.35802469,17822.0627,6707.5129
2304,103,2024,q5+q6,0.11111111,62542.0091,20092.7295
2304,103,2024,q1+q2+q3,0.55967078,1167.2318,569.1148
2304,103,2024,q1+q2+q4,0.64197531,3404.7875,1543.6169
2304,103,2024,q1+q2+q5,0.39506173,6971.4754,3397.7354
2304,103,2024,q1+q2+q6,0.34156379,13083.6395,6883.4382
2304,103,2024,q1+q3+q4,0.68312757,3786.9923,1590.026
2304,103,2024,q1+q3+q5,0.43621399,7233.5426,3088.6985
2304,103,2024,q1+q3+q6,0.38271605,12725.1178,5661.4459
2304,103,2024,q1+q4+q5,0.51851852,9040.9433,3634.7548
2304,103,2024,q1+q4+q6,0.46502058,13768.4893,5674.1853
2304,103,2024,q1+q5+q6,0.218107,31961.3976,13330.1904
2304,103,2024,q2+q3+q4,0.781893,3427.82,1464.7409
2304,103,2024,q2+q3+q5,0.53497942,6072.3123,2653.2442
2304,103,2024,q2+q3+q6,0.48148148,10308.3849,4669.0953
2304,103,2024,q2+q4+q5,0.61728395,7745.3595,3203.3449
2304,103,2024,q2+q4+q6,0.56378601,11521.7837,4879.7974
2304,103,2024,q2+q5+q6,0.31687243,22293.4955,9733.8377
2304,103,2024,q3+q4+q5,0.65843621,7870.6113,3042.0962
2304,103,2024,q3+q4+q6,0.60493827,11401.2125,4472.3047
2304,103,2024,q3+q5+q6,0.35802469,20851.644,7969.6061
2304,103,2024,q4+q5+q6,0.44032922,20434.5455,7467.8413
2304,103,2024,q1+q2+q3+q4,0.88888889,3039.8409,1346.3951
2304,103,2024,q1+q2+q3+q5,0.64197531,5094.3617,2333.5884
2304,103,2024,q1+q2+q3+q6,0.58847737,8471.3347,4019.9671
2304,103,2024,q1+q2+q4+q5,0.72427984,6631.385,2876.6795
2304,103,2024,q1+q2+q4+q6,0.67078189,9716.5901,4321.3383
2304,103,2024,q1+q2+q5+q6,0.42386831,16717.66,7848.7295
2304,103,2024,q1+q3+q4+q5,0.7654321,6799.0195,2767.266
2304,103,2024,q1+q3+q4+q6,0.71193416,9718.486,4024.358
2304,103,2024,q1+q3+q5+q6,0.46502058,16100.9987,6722.1121
2304,103,2024,q1+q4+q5+q6,0.5473251,16479.821,6526.7059
2304,103,2024,q2+q3+q4+q5,0.86419753,6129.8224,2542.6457
2304,103,2024,q2+q3+q4+q6,0.81069959,8649.4576,3648.2496
2304,103,2024,q2+q3+q5+q6,0.56378601,13445.6784,5757.5435
2304,103,2024,q2+q4+q5+q6,0.64609053,14104.8489,5750.3537
2304,103,2024,q3+q4+q5+q6,0.6872428,13844.0428,5298.1211
2304,103,2024,q1+q2+q3+q4+q5,0.97119342,5477.0447,2353.1302
2304,103,2024,q1+q2+q3+q4+q6,0.91769547,7664.8564,3350.8904
2304,103,2024,q1+q2+q3+q5+q6,0.67078189,11333.6059,5089.5788
2304,103,2024,q1+q2+q4+q5+q6,0.75308642,12129.9514,5184.7755
2304,103,2024,q1+q3+q4+q5+q6,0.79423868,12006.6061,4833.6266
2304,103,2024,q2+q3+q4+q5+q6,0.89300412,10783.0417,4425.9299
2304,103,2024,q1+q2+q3+q4+q5+q6,1.0,9651.1929,4102.086
2304,103,2024,all,1.0,9651.1929,4102.086
2305,103,2025,q1,0.10699588,203.8344,108.6983
2305,103,2025,q2,0.20576132,582.5381,270.1831
2305,103,2025,q3,0.24691358,2390.849,981.3909
2305,103,2025,q4,0.32921811,7422.8433,2689.7139
2305,103,2025,q5,0.08230453,32943.9985,9900.3812
2305,103,2025,q6,0.02880658,158495.009,42942.8484
2305,103,2025,q1+q2,0.3127572,452.9816,219.8935
2305,103,2025,q1+q3,0.35390947,1729.6585,763.1093
2305,103,2025,q1+q4,0.43621399,5652.143,2222.8327
2305,103,2025,q1+q5,0.18930041,14438.6884,5760.1002
2305,103,2025,q1+q6,0.13580247,33780.7502,14944.8608
2305,103,2025,q2+q3,0.4526749,1568.8895,679.5062
2305,103,2025,q2+q4,0.53497942,4791.9567,1895.8899
2305,103,2025,q2+q5,0.28806584,9828.6696,3946.0052
2305,103,2025,q2+q6,0.2345679,19975.2977,8519.8332
2305,103,2025,q3+q4,0.57613169,5266.2743,2009.2164
2305,103,2025,q3+q5,0.32921811,10029.1363,3771.7342
2305,103,2025,q3+q6,0.27572016,18700.2388,7284.1033
2305,103,2025,q4+q5,0.41152263,12527.0743,4359.8492
2305,103,2025,q4+q6,0.35802469,19578.075,6906.7416
2305,103,2025,q5+q6,0.11111111,65494.2605,19140.6632
2305,103,2025,q1+q2+q3,0.55967078,1307.9231,587.5755
2305,103,2025,q1+q2+q4,0.64197531,4027.2696,1664.9659
2305,103,2025,q1+q2+q5,0.39506173,7221.9434,3107.4474
2305,103,2025,q1+q2+q6,0.34156379,13781.8273,6271.4677
2305,103,2025,q1+q3+q4,0.68312757,4473.362,1786.3136
2305,103,2025,q1+q3+q5,0.43621399,7619.1566,3088.7133
2305,103,2025,q1+q3+q6,0.38271605,13529.201,5699.3985
2305,103,2025,q1+q4+q5,0.51851852,9984.1835,3743.1314
2305,103,2025,q1+q4+q6,0.46502058,15120.2851,5784.6018
2305,103,2025,q1+q5+q6,0.218107,33464.9949,12566.3124
2305,103,2025,q2+q3+q4,0.781893,4033.7121,1614.3258
2305,103,2025,q2+q3+q5,0.53497942,6395.8293,2594.039
2305,103,2025,q2+q3+q6,0.48148148,10957.6317,4581.8138
2305,103,2025,q2+q4+q5,0.61728395,8545.5622,3244.0622
2305,103,2025,q2+q4+q6,0.56378601,12645.3973,4888.0773
2305,103,2025,q2+q5+q6,0.31687243,23343.7914,8978.7786
2305,103,2025,q3+q4+q5,0.65843621,8725.9898,3220.6712
2305,103,2025,q3+q4+q6,0.60493827,12562.8807,4701.6759
2305,103,2025,q3+q5+q6,0.35802469,21974.6663,8013.9716
2305,103,2025,q4+q5+q6,0.44032922,22076.3784,7542.9246
2305,103,2025,q1+q2+q3+q4,0.88888889,3572.7083,1474.102
2305,103,2025,q1+q2+q3+q5,0.64197531,5363.8302,2265.9018
2305,103,2025,q1+q2+q3+q6,0.58847737,9002.3958,3918.0495
2305,103,2025,q1+q2+q4+q5,0.72427984,7313.2615,2899.6789
2305,103,2025,q1+q2+q4+q6,0.67078189,10660.8535,4310.1041
2305,103,2025,q1+q2+q5+q6,0.42386831,17502.6372,7241.5841
2305,103,2025,q1+q3+q4+q5,0.7654321,7534.7208,2906.0507
2305,103,2025,q1+q3+q4+q6,0.71193416,10705.4518,4194.5075
2305,103,2025,q1+q3+q5+q6,0.46502058,16965.4484,6672.4789
2305,103,2025,q1+q4+q5+q6,0.5473251,17800.5428,6541.424
2305,103,2025,q2+q3+q4+q5,0.86419753,6787.0727,2633.0612
2305,103,2025,q2+q3+q4+q6,0.81069959,9522.1846,3747.3309
2305,103,2025,q2+q3+q5+q6,0.56378601,14167.3203,5603.7378
2305,103,2025,q2+q4+q5+q6,0.64609053,15231.2064,5680.4735
2305,103,2025,q3+q4+q5+q6,0.6872428,15003.7331,5454.8927
2305,103,2025,q1+q2+q3+q4+q5,0.97119342,6061.8007,2424.4757
2305,103,2025,q1+q2+q3+q4+q6,0.91769547,8435.7402,3424.3911
2305,103,2025,q1+q2+q3+q5+q6,0.67078189,11940.0158,4925.672
2305,103,2025,q1+q2+q4+q5+q6,0.75308642,13096.1699,5102.1397
2305,103,2025,q1+q3+q4+q5+q6,0.79423868,13009.9644,4941.8764
2305,103,2025,q2+q3+q4+q5+q6,0.89300412,11680.8771,4469.3606
2305,103,2025,q1+q2+q3+q4+q5+q6,1.0,10452.8808,4124.1584
2305,103,2025,all,1.0,10452.8808,4124.1584
2306,103,2026,q1,0.10699588,202.5428,117.1593
2306,103,2026,q2,0.20576132,691.4023,296.2882
2306,103,2026,q3,0.24691358,2539.7276,940.5706
2306,103,2026,q4,0.32921811,7331.1834,2514.0722
2306,103,2026,q5,0.08230453,34273.5417,9568.8729
2306,103,2026,q6,0.02880658,174168.7262,40225.5673
2306,103,2026,q1+q2,0.3127572,524.1609,246.4722
2306,103,2026,q1+q3,0.35390947,1833.1369,761.7394
2306,103,2026,q1+q4,0.43621399,5582.6489,2126.853
2306,103,2026,q1+q5,0.18930041,15016.0206,5924.8109
2306,103,2026,q1+q6,0.13580247,37104.4605,16270.2265
2306,103,2026,q2+q3,0.4526749,1699.5798,670.8323
2306,103,2026,q2+q4,0.53497942,4777.4215,1774.6631
2306,103,2026,q2+q5,0.28806584,10286.2993,3823.6428
2306,103,2026,q2+q6,0.2345679,21995.6351,8529.7351
2306,103,2026,q3+q4,0.57613169,5277.7024,1869.1742
2306,103,2026,q3+q5,0.32921811,10473.1811,3585.9781
2306,103,2026,q3+q6,0.27572016,20471.1155,7131.6603
2306,103,2026,q4+q5,0.41152263,12719.6551,4171.4699
2306,103,2026,q4+q6,0.35802469,20754.8938,6850.2327
2306,103,2026,q5+q6,0.11111111,70542.6636,18683.2982
2306,103,2026,q1+q2+q3,0.55967078,1413.3815,593.9356
2306,103,2026,q1+q2+q4,0.64197531,4014.9417,1586.0077
2306,103,2026,q1+q2+q5,0.39506173,7555.2819,3109.421
2306,103,2026,q1+q2+q6,0.34156379,15168.8833,6559.6278
2306,103,2026,q1+q3+q4,0.68312757,4482.7979,1690.2963
2306,103,2026,q1+q3+q5,0.43621399,7953.968,3026.3229
2306,103,2026,q1+q3+q6,0.38271605,14804.6328,5802.8302
2306,103,2026,q1+q4+q5,0.51851852,10136.7589,3650.6045
2306,103,2026,q1+q4+q6,0.46502058,16026.0342,5869.3593
2306,103,2026,q1+q5+q6,0.218107,36036.1892,13002.1563
2306,103,2026,q2+q3+q4,0.781893,4070.7813,1510.7182
2306,103,2026,q2+q3+q5,0.53497942,6710.9585,2490.3311
2306,103,2026,q2+q3+q6,0.48148148,12018.2466,4550.6295
2306,103,2026,q2+q4+q5,0.61728395,8710.2375,3099.0114
2306,103,2026,q2+q4+q6,0.56378601,13432.4516,4839.3051
2306,103,2026,q2+q5+q6,0.31687243,25184.7017,8870.2284
2306,103,2026,q3+q4+q5,0.65843621,8902.1823,3050.4414
2306,103,2026,q3+q4+q6,0.60493827,13320.1321,4600.6465
2306,103,2026,q3+q5+q6,0.35802469,23644.0871,7793.0996
2306,103,2026,q4+q5+q6,0.44032922,23281.7439,7431.1824
2306,103,2026,q1+q2+q3+q4,0.88888889,3605.16,1398.2463
2306,103,2026,q1+q2+q3+q5,0.64197531,5626.2226,2220.4668
2306,103,2026,q1+q2+q3+q6,0.58847737,9869.9368,3987.6145
2306,103,2026,q1+q2+q4+q5,0.72427984,7453.419,2811.7315
2306,103,2026,q1+q2+q4+q6,0.67078189,11322.1594,4340.1447
2306,103,2026,q1+q2+q5+q6,0.42386831,18878.5257,7377.509
2306,103,2026,q1+q3+q4+q5,0.7654321,7686.1036,2792.8694
2306,103,2026,q1+q3+q4+q6,0.71193416,11348.7025,4172.374
2306,103,2026,q1+q3+q5+q6,0.46502058,18250.4574,6676.1824
2306,103,2026,q1+q4+q5+q6,0.5473251,18770.0203,6566.4461
2306,103,2026,q2+q3+q4+q5,0.86419753,6947.2347,2499.8211
2306,103,2026,q2+q3+q4+q6,0.81069959,10114.8707,3674.5223
2306,103,2026,q2+q3+q5+q6,0.56378601,15267.1948,5495.0667
2306,103,2026,q2+q4+q5+q6,0.64609053,16087.3676,5589.0291
2306,103,2026,q3+q4+q5+q6,0.6872428,15829.5225,5316.399
2306,103,2026,q1+q2+q3+q4+q5,0.97119342,6204.1754,2329.4364
2306,103,2026,q1+q2+q3+q4+q6,0.91769547,8959.1733,3402.2317
2306,103,2026,q1+q2+q3+q5+q6,0.67078189,12864.2442,4927.0726
2306,103,2026,q1+q2+q4+q5+q6,0.75308642,13830.5072,5094.0123
2306,103,2026,q1+q3+q4+q5+q6,0.79423868,13724.3335,4885.374
2306,103,2026,q2+q3+q4+q5+q6,0.89300412,12341.4763,4362.3089
2306,103,2026,q1+q2+q3+q4+q5+q6,1.0,11042.6604,4072.7019
2306,103,2026,all,1.0,11042.6604,4072.7019
2307,103,2027,q1,0.10699588,210.6227,110.9676
2307,103,2027,q2,0.20576132,510.6153,245.5999
2307,103,2027,q3,0.24691358,2255.4037,996.6412
2307,103,2027,q4,0.32921811,7676.3926,2841.808
2307,103,2027,q5,0.08230453,30055.1311,10248.3609
2307,103,2027,q6,0.02880658,140960.7695,47760.3436
2307,103,2027,q1+q2,0.3127572,407.9863,202.2605
2307,103,2027,q1+q3,0.35390947,1637.2141,760.5499
2307,103,2027,q1+q4,0.43621399,5845.166,2334.1178
2307,103,2027,q1+q5,0.18930041,13186.4959,5616.3143
2307,103,2027,q1+q6,0.13580247,30066.7145,14172.4059
2307,103,2027,q2+q3,0.4526749,1462.3181,670.9757
2307,103,2027,q2+q4,0.53497942,4920.3244,1998.5602
2307,103,2027,q2+q5,0.28806584,8951.9055,3853.6871
2307,103,2027,q2+q6,0.2345679,17758.8799,8123.2255
2307,103,2027,q3+q4,0.57613169,5353.1117,2129.8099
2307,103,2027,q3+q5,0.32921811,9205.3356,3787.545
2307,103,2027,q3+q6,0.27572016,16747.0091,7172.386
2307,103,2027,q4+q5,0.41152263,12152.1403,4422.9428
2307,103,2027,q4+q6,0.35802469,18400.4229,6761.4679
2307,103,2027,q5+q6,0.11111111,58808.4448,20019.6517
2307,103,2027,q1+q2+q3,0.55967078,1223.0234,575.3763
2307,103,2027,q1+q2+q4,0.64197531,4135.3741,1746.3906
2307,103,2027,q1+q2+q5,0.39506173,6584.4748,2982.2727
2307,103,2027,q1+q2+q6,0.34156379,12261.8355,5850.3123
2307,103,2027,q1+q3+q4,0.68312757,4547.6616,1881.5006
2307,103,2027,q1+q3+q5,0.43621399,6999.0853,3043.2892
2307,103,2027,q1+q3+q6,0.38271605,12123.9333,5479.0201
2307,103,2027,q1+q4+q5,0.51851852,9688.0176,3766.3786
2307,103,2027,q1+q4+q6,0.46502058,14215.1592,5614.3543
2307,103,2027,q1+q5+q6,0.218107,30062.3434,12383.5525
2307,103,2027,q2+q3+q4,0.781893,4078.7705,1700.1149
2307,103,2027,q2+q3+q5,0.53497942,5861.2124,2553.5929
2307,103,2027,q2+q3+q6,0.48148148,9808.3793,4407.1113
2307,103,2027,q2+q4+q5,0.61728395,8271.632,3276.2828
2307,103,2027,q2+q4+q6,0.56378601,11871.2961,4773.4459
2307,103,2027,q2+q5+q6,0.31687243,20952.7113,8803.366
2307,103,2027,q3+q4+q5,0.65843621,8440.8641,3289.7218
2307,103,2027,q3+q4+q6,0.60493827,11810.6192,4660.3464
2307,103,2027,q3+q5+q6,0.35802469,19806.3475,8011.1682
2307,103,2027,q4+q5+q6,0.44032922,20578.8731,7453.7837
2307,103,2027,q1+q2+q3+q4,0.88888889,3613.1601,1544.8764
2307,103,2027,q1+q2+q3+q5,0.64197531,4919.4475,2206.9441
2307,103,2027,q1+q2+q3+q6,0.58847737,8063.3326,3722.6314
2307,103,2027,q1+q2+q4+q5,0.72427984,7080.8011,2911.3606
2307,103,2027,q1+q2+q4+q6,0.67078189,10011.3114,4183.5616
2307,103,2027,q1+q2+q5+q6,0.42386831,15716.8443,6959.2711
2307,103,2027,q1+q3+q4+q5,0.7654321,7290.4002,2948.6131
2307,103,2027,q1+q3+q4+q6,0.71193416,10067.2671,4128.193
2307,103,2027,q1+q3+q5+q6,0.46502058,15297.5967,6536.8605
2307,103,2027,q1+q4+q5+q6,0.5473251,16597.1098,6402.7273
2307,103,2027,q2+q3+q4+q5,0.86419753,6552.7096,2674.6517
2307,103,2027,q2+q3+q4+q6,0.81069959,8942.5979,3697.2139
2307,103,2027,q2+q3+q5+q6,0.56378601,12764.1095,5480.9675
2307,103,2027,q2+q4+q5+q6,0.64609053,14187.7082,5577.5303
2307,103,2027,q3+q4+q5+q6,0.6872428,13995.5907,5420.4634
2307,103,2027,q1+q2+q3+q4+q5,0.97119342,5854.0051,2450.266
2307,103,2027,q1+q2+q3+q4+q6,0.91769547,7924.5201,3360.6497
2307,103,2027,q1+q2+q3+q5+q6,0.67078189,10761.7128,4761.6146
2307,103,2027,q1+q2+q4+q5+q6,0.75308642,12201.8928,4976.3195
2307,103,2027,q1+q3+q4+q5+q6,0.79423868,12138.5484,4875.2025
2307,103,2027,q2+q3+q4+q5+q6,0.89300412,10888.4535,4415.2394
2307,103,2027,q1+q2+q3+q4+q5+q6,1.0,9745.9695,4051.8255
2307,103,2027,all,1.0,9745.9695,4051.8255
2308,103,2028,q1,0.10699588,202.54,119.1354
2308,103,2028,q2,0.20576132,565.313,302.1118
2308,103,2028,q3,0.24691358,2157.5958,887.9107
2308,103,2028,q4,0.32921811,6563.6492,2364.087
2308,103,2028,q5,0.08230453,34456.0501,10074.1635
2308,103,2028,q6,0.02880658,150571.2696,45896.985
2308,103,2028,q1+q2,0.3127572,441.2064,243.4024
2308,103,2028,q1+q3,0.35390947,1566.5324,709.061
2308,103,2028,q1+q4,0.43621399,5003.3771,1991.4757
2308,103,2028,q1+q5,0.18930041,15095.3705,6166.4694
2308,103,2028,q1+q6,0.13580247,32098.9372,15770.717
2308,103,2028,q2+q3,0.4526749,1433.8309,658.9341
2308,103,2028,q2+q4,0.53497942,4256.5968,1752.9502
2308,103,2028,q2+q5,0.28806584,10248.3807,4429.2695
2308,103,2028,q2+q6,0.2345679,18987.0971,9287.8578
2308,103,2028,q3+q4,0.57613169,4675.3406,1779.0968
2308,103,2028,q3+q5,0.32921811,10232.2094,3821.5009
2308,103,2028,q3+q6,0.27572016,17663.502,7012.5407
2308,103,2028,q4+q5,0.41152263,12142.1294,4179.4941
2308,103,2028,q4+q6,0.35802469,18150.4693,6443.2598
2308,103,2028,q5+q6,0.11111111,64559.9959,19077.7554
2308,103,2028,q1+q2+q3,0.55967078,1198.437,574.7889
2308,103,2028,q1+q2+q4,0.64197531,3580.9207,1552.2744
2308,103,2028,q1+q2+q5,0.39506173,7527.6322,3505.1791
2308,103,2028,q1+q2+q6,0.34156379,13102.778,6766.3306
2308,103,2028,q1+q3+q4,0.68312757,3974.7815,1601.0535
2308,103,2028,q1+q3+q5,0.43621399,7772.1018,3188.1836
2308,103,2028,q1+q3+q6,0.38271605,12781.9427,5581.7726
2308,103,2028,q1+q4+q5,0.51851852,9678.4046,3643.2935
2308,103,2028,q1+q4+q6,0.46502058,14020.8572,5476.9256
2308,103,2028,q1+q5+q6,0.218107,32988.4138,12896.426
2308,103,2028,q2+q3+q4,0.781893,3593.7544,1479.6474
2308,103,2028,q2+q3+q5,0.53497942,6514.1723,2751.6042
2308,103,2028,q2+q3+q6,0.48148148,10356.5836,4619.195
2308,103,2028,q2+q4+q5,0.61728395,8283.1906,3234.9731
2308,103,2028,q2+q4+q6,0.56378601,11732.529,4746.5527
2308,103,2028,q2+q5+q6,0.31687243,23005.007,9578.7097
2308,103,2028,q3+q4+q5,0.65843621,8397.9293,3079.5848
2308,103,2028,q3+q4+q6,0.60493827,11622.7658,4371.0868
2308,103,2028,q3+q5+q6,0.35802469,21523.8579,7895.5864
2308,103,2028,q4+q5+q6,0.44032922,21198.2414,7235.56
2308,103,2028,q1+q2+q3+q4,0.88888889,3185.5527,1360.7215
2308,103,2028,q1+q2+q3+q5,0.64197531,5462.2336,2421.0014
2308,103,2028,q1+q2+q3+q6,0.58847737,8510.3939,3970.2685
2308,103,2028,q1+q2+q4+q5,0.72427984,7089.4581,2913.3916
2308,103,2028,q1+q2+q4+q6,0.67078189,9893.3897,4212.2764
2308,103,2028,q1+q2+q5+q6,0.42386831,17249.0445,7753.8488
2308,103,2028,q1+q3+q4+q5,0.7654321,7252.3372,2807.257
2308,103,2028,q1+q3+q4+q6,0.71193416,9906.4313,3939.1049
2308,103,2028,q1+q3+q5+q6,0.46502058,16618.0679,6673.9345
2308,103,2028,q1+q4+q5+q6,0.5473251,17093.8185,6356.1198
2308,103,2028,q2+q3+q4+q5,0.86419753,6533.0207,2589.1655
2308,103,2028,q2+q3+q4+q6,0.81069959,8816.3057,3585.2345
2308,103,2028,q2+q3+q5+q6,0.56378601,13874.7539,5747.4527
2308,103,2028,q2+q4+q5+q6,0.64609053,14627.2451,5641.877
2308,103,2028,q3+q4+q5+q6,0.6872428,14357.2909,5220.4996
2308,103,2028,q1+q2+q3+q4+q5,0.97119342,5835.5948,2398.9811
2308,103,2028,q1+q2+q3+q4+q6,0.91769547,7812.0101,3295.4157
2308,103,2028,q1+q2+q3+q5+q6,0.67078189,11693.91,5083.9055
2308,103,2028,q1+q2+q4+q5+q6,0.75308642,12577.8334,5100.89
2308,103,2028,q1+q3+q4+q5+q6,0.79423868,12450.4332,4772.6358
2308,103,2028,q2+q3+q4+q5+q6,0.89300412,11179.4158,4388.1326
2308,103,2028,q1+q2+q3+q4+q5+q6,1.0,10004.9352,4072.0764
2308,103,2028,all,1.0,10004.9352,4072.0764
2309,103,2029,q1,0.10699588,202.4745,124.0289
2309,103,2029,q2,0.20576132,601.6741,298.959
2309,103,2029,q3,0.24691358,2313.3396,864.4189
2309,103,2029,q4,0.32921811,7231.3677,2182.7959
2309,103,2029,q5,0.08230453,33744.7829,8768.1353
2309,103,2029,q6,0.02880658,170345.551,40230.8147
2309,103,2029,q1+q2,0.3127572,465.1058,247.0636
2309,103,2029,q1+q3,0.35390947,1675.1711,709.6254
2309,103,2029,q1+q4,0.43621399,5507.2995,1898.6006
2309,103,2029,q1+q5,0.18930041,14786.0869,5695.7272
2309,103,2029,q1+q6,0.13580247,36293.4301,16615.1344
2309,103,2029,q2+q3,0.4526749,1535.3098,646.5726
2309,103,2029,q2+q4,0.53497942,4681.4855,1664.3707
2309,103,2029,q2+q5,0.28806584,10071.1338,3969.4872
2309,103,2029,q2+q6,0.2345679,21447.4134,9384.5447
2309,103,2029,q3+q4,0.57613169,5123.6413,1685.3999
2309,103,2029,q3+q5,0.32921811,10171.2004,3425.4809
2309,103,2029,q3+q6,0.27572016,19868.9437,6998.6752
2309,103,2029,q4+q5,0.41152263,12534.0507,3664.8973
2309,103,2029,q4+q6,0.35802469,20355.4974,6009.8527
2309,103,2029,q5+q6,0.11111111,69159.7969,17515.2403
2309,103,2029,q1+q2+q3,0.55967078,1280.5031,573.5295
2309,103,2029,q1+q2+q4,0.64197531,3934.9837,1504.1691
2309,103,2029,q1+q2+q5,0.39506173,7398.3719,3227.7344
2309,103,2029,q1+q2+q6,0.34156379,14792.3723,7108.7495
2309,103,2029,q1+q3+q4,0.68312757,4352.8562,1543.8083
2309,103,2029,q1+q3+q5,0.43621399,7726.0412,2924.9988
2309,103,2029,q1+q3+q6,0.38271605,14370.791,5744.4966
2309,103,2029,q1+q4+q5,0.51851852,9989.4397,3273.972
2309,103,2029,q1+q4+q6,0.46502058,15718.5186,5268.7993
2309,103,2029,q1+q5+q6,0.218107,35331.6765,12562.9831
2309,103,2029,q2+q3+q4,0.781893,3933.65,1420.2783
2309,103,2029,q2+q3+q5,0.53497942,6490.6134,2495.1323
2309,103,2029,q2+q3+q6,0.48148148,11635.0678,4680.6165
2309,103,2029,q2+q4+q5,0.61728395,8556.5918,2899.6812
2309,103,2029,q2+q4+q6,0.56378601,13146.0728,4556.0748
2309,103,2029,q2+q5+q6,0.31687243,24641.5353,9155.6018
2309,103,2029,q3+q4+q5,0.65843621,8701.284,2770.1528
2309,103,2029,q3+q4+q6,0.60493827,12991.3513,4194.9787
2309,103,2029,q3+q5+q6,0.35802469,23058.7918,7508.4328
2309,103,2029,q4+q5+q6,0.44032922,22858.1676,6581.1249
2309,103,2029,q1+q2+q3+q4,0.88888889,3484.527,1323.5295
2309,103,2029,q1+q2+q3+q5,0.64197531,5442.5902,2230.7176
2309,103,2029,q1+q2+q3+q6,0.58847737,9556.4145,4100.3233
2309,103,2029,q1+q2+q4+q5,0.72427984,7322.4609,2656.8098
2309,103,2029,q1+q2+q4+q6,0.67078189,11081.4498,4126.3353
2309,103,2029,q1+q2+q5+q6,0.42386831,18472.452,7620.2982
2309,103,2029,q1+q3+q4+q5,0.7654321,7513.2784,2564.0803
2309,103,2029,q1+q3+q4+q6,0.71193416,11069.3236,3847.7936
2309,103,2029,q1+q3+q5+q6,0.46502058,17799.8162,6496.1573
2309,103,2029,q1+q4+q5+q6,0.5473251,18429.2351,5919.2641
2309,103,2029,q2+q3+q4+q5,0.86419753,6772.8055,2357.8997
2309,103,2029,q2+q3+q4+q6,0.81069959,9846.7632,3489.6885
2309,103,2029,q2+q3+q5+q6,0.56378601,14862.7635,5536.0099
2309,103,2029,q2+q4+q5+q6,0.64609053,15770.1123,5242.5633
2309,103,2029,q3+q4+q5+q6,0.6872428,15476.7922,4856.3724
2309,103,2029,q1+q2+q3+q4+q5,0.97119342,6048.9555,2211.0462
2309,103,2029,q1+q2+q3+q4+q6,0.91769547,8722.317,3250.9285
2309,103,2029,q1+q2+q3+q5+q6,0.67078189,12524.3125,4976.0926
2309,103,2029,q1+q2+q4+q5+q6,0.75308642,13558.3168,4820.4786
2309,103,2029,q1+q3+q4+q5+q6,0.79423868,13419.1121,4506.8395
2309,103,2029,q2+q3+q4+q5+q6,0.89300412,12049.3457,4131.6971
2309,103,2029,q1+q2+q3+q4+q5+q6,1.0,10781.7792,3879.7989
2309,103,2029,all,1.0,10781.7792,3879.7989
2310,103,2030,q1,0.10699588,196.731,126.1591
2310,103,2030,q2,0.20576132,630.2105,314.7526
2310,103,2030,q3,0.24691358,2067.373,930.9861
2310,103,2030,q4,0.32921811,6609.9887,2329.2447
2310,103,2030,q5,0.08230453,32177.242,9291.3855
2310,103,2030,q6,0.02880658,152191.8929,41996.025
2310,103,2030,q1+q2,0.3127572,481.9149,260.3906
2310,103,2030,q1+q3,0.35390947,1501.8301,743.2162
2310,103,2030,q1+q4,0.43621399,5036.9255,1995.4177
2310,103,2030,q1+q5,0.18930041,14101.301,5907.2924
2310,103,2030,q1+q6,0.13580247,32438.1289,16240.7643
2310,103,2030,q2+q3,0.4526749,1414.1173,666.6087
2310,103,2030,q2+q4,0.53497942,4310.074,1712.7621
2310,103,2030,q2+q5,0.28806584,9643.6481,3985.5772
2310,103,2030,q2+q6,0.2345679,19243.0487,8741.2814
2310,103,2030,q3+q4,0.57613169,4663.1534,1812.1216
2310,103,2030,q3+q5,0.32921811,9594.8403,3790.5513
2310,103,2030,q3+q6,0.27572016,17752.0244,7499.0262
2310,103,2030,q4+q5,0.41152263,11723.4394,3956.7646
2310,103,2030,q4+q6,0.35802469,18323.4752,6316.0938
2310,103,2030,q5+q6,0.11111111,63292.1515,18058.5829
2310,103,2030,q1+q2+q3,0.55967078,1181.3817,586.6067
2310,103,2030,q1+q2+q4,0.64197531,3624.5168,1537.8083
2310,103,2030,q1+q2+q5,0.39506173,7085.108,3240.1616
2310,103,2030,q1+q2+q6,0.34156379,13276.7323,6637.4127
2310,103,2030,q1+q3+q4,0.68312757,3963.5933,1641.5764
2310,103,2030,q1+q3+q5,0.43621399,7289.6437,3179.2656
2310,103,2030,q1+q3+q6,0.38271605,12844.0929,5998.0114
2310,103,2030,q1+q4+q5,0.51851852,9344.9122,3495.6797
2310,103,2030,q1+q4+q6,0.46502058,14152.7199,5459.375
2310,103,2030,q1+q5+q6,0.218107,32339.6811,12679.944
2310,103,2030,q2+q3+q4,0.781893,3601.8526,1486.5078
2310,103,2030,q2+q3+q5,0.53497942,6146.9058,2640.6661
2310,103,2030,q2+q3+q6,0.48148148,10435.0099,4719.0343
2310,103,2030,q2+q4+q5,0.61728395,8025.6964,3036.9647
2310,103,2030,q2+q4+q6,0.56378601,11866.0793,4611.7061
2310,103,2030,q2+q5+q6,0.31687243,22602.5794,8936.9328
2310,103,2030,q3+q4+q5,0.65843621,8102.4145,3018.1779
2310,103,2030,q3+q4+q6,0.60493827,11688.3315,4455.5112
2310,103,2030,q3+q5+q6,0.35802469,21068.1663,8043.8302
2310,103,2030,q4+q5+q6,0.44032922,20912.9644,6956.766
2310,103,2030,q1+q2+q3+q4,0.88888889,3191.9769,1376.4021
2310,103,2030,q1+q2+q3+q5,0.64197531,5155.21,2343.5758
2310,103,2030,q1+q2+q3+q6,0.58847737,8573.5046,4096.7892
2310,103,2030,q1+q2+q4+q5,0.72427984,6869.1447,2766.871
2310,103,2030,q1+q2+q4+q6,0.67078189,10004.7109,4149.0104
2310,103,2030,q1+q2+q5+q6,0.42386831,16946.7342,7418.6771
2310,103,2030,q1+q3+q4+q5,0.7654321,6997.3189,2768.7379
2310,103,2030,q1+q3+q4+q6,0.71193416,9961.2701,4043.6393
2310,103,2030,q1+q3+q5+q6,0.46502058,16265.8892,6847.8521
2310,103,2030,q1+q4+q5+q6,0.5473251,16863.1744,6192.1593
2310,103,2030,q2+q3+q4+q5,0.86419753,6323.3183,2507.1773
2310,103,2030,q2+q3+q4+q6,0.81069959,8881.7018,3602.0981
2310,103,2030,q2+q3+q5+q6,0.56378601,13609.0584,5684.6197
2310,103,2030,q2+q4+q5+q6,0.64609053,14453.4886,5380.2002
2310,103,2030,q3+q4+q5+q6,0.6872428,14142.0932,5191.8255
2310,103,2030,q1+q2+q3+q4+q5,0.97119342,5648.3553,2337.8697
2310,103,2030,q1+q2+q3+q4+q6,0.91769547,7869.1043,3334.3189
2310,103,2030,q1+q2+q3+q5+q6,0.67078189,11469.6687,5073.0916
2310,103,2030,q1+q2+q4+q5+q6,0.75308642,12427.9383,4919.4287
2310,103,2030,q1+q3+q4+q5+q6,0.79423868,12263.4434,4777.2774
2310,103,2030,q2+q3+q4+q5+q6,0.89300412,11028.7562,4312.0985
2310,103,2030,q1+q2+q3+q4+q5+q6,1.0,9869.7741,4027.1264
2310,103,2030,all,1.0,9869.7741,4027.1264
2401,104,2031,q1,0.08081539,202.7718,118.4634
2401,104,2031,q2,0.18183462,606.3839,291.5937
2401,104,2031,q3,0.34346539,2269.1077,917.4746
2401,104,2031,q4,0.24244616,6931.1108,2444.4747
2401,104,2031,q5,0.10101923,32629.7684,9587.4375
2401,104,2031,q6,0.05041921,201133.7103,52293.0814
2401,104,2031,q1+q2,0.26265001,482.1956,245.2223
2401,104,2031,q1+q3,0.42428078,1875.5199,805.5812
2401,104,2031,q1+q4,0.32326155,5249.0261,2054.8272
2401,104,2031,q1+q5,0.18183462,18217.7699,6870.6916
2401,104,2031,q1+q6,0.1312346,77398.7211,30570.9183
2401,104,2031,q2+q3,0.52530001,1693.5495,724.6856
2401,104,2031,q2+q4,0.42428078,4220.5136,1680.4914
2401,104,2031,q2+q5,0.28285385,12043.307,4718.5172
2401,104,2031,q2+q6,0.23225383,44138.1935,17919.8906
2401,104,2031,q3+q4,0.58591155,4198.2124,1600.4836
2401,104,2031,q3+q5,0.44448462,9169.2579,3415.4843
2401,104,2031,q3+q6,0.3938846,27724.7772,10466.2487
2401,104,2031,q4+q5,0.34346539,14489.5395,4825.8749
2401,104,2031,q4+q6,0.29286537,40364.7044,13412.6648
2401,104,2031,q5+q6,0.15143844,88730.6866,24988.6361
2401,104,2031,q1+q2+q3,0.6061154,1494.7791,663.2922
2401,104,2031,q1+q2+q4,0.50509616,3577.6749,1501.0117
2401,104,2031,q1+q2+q5,0.36366924,9412.0769,3978.8363
2401,104,2031,q1+q2+q6,0.31306922,32796.746,14453.5215
2401,104,2031,q1+q3+q4,0.66672694,3713.9166,1478.1073
2401,104,2031,q1+q3+q5,0.52530001,7789.7985,3072.9805
2401,104,2031,q1+q3+q6,0.47469999,23039.2883,9254.9515
2401,104,2031,q1+q4+q5,0.42428078,11768.2504,4269.1102
2401,104,2031,q1+q4+q6,0.37368076,31678.9424,11609.1896
2401,104,2031,q1+q5+q6,0.23225383,57926.3823,19899.9195
2401,104,2031,q2+q3+q4,0.76774617,3347.5162,1342.0357
2401,104,2031,q2+q3+q5,0.62631924,6683.2622,2663.7678
2401,104,2031,q2+q3+q6,0.57571922,19159.7293,7759.7238
2401,104,2031,q2+q4+q5,0.52530001,9683.8318,3609.3333
2401,104,2031,q2+q4+q6,0.47469999,25135.2137,9473.3721
2401,104,2031,q2+q5+q6,0.33327306,40649.8459,14791.9725
2401,104,2031,q3+q4+q5,0.68693078,8379.3236,3060.5604
2401,104,2031,q3+q4+q6,0.63633076,19802.255,7280.2185
2401,104,2031,q3+q5+q6,0.49490384,28725.9787,10248.441
2401,104,2031,q4+q5+q6,0.3938846,38380.9323,12339.2286
2401,104,2031,q1+q2+q3+q4,0.84856156,3048.0167,1259.6065
2401,104,2031,q1+q2+q3+q5,0.70713463,5942.6347,2457.8336
2401,104,2031,q1+q2+q3+q6,0.65653461,16826.244,7082.0843
2401,104,2031,q1+q2+q4+q5,0.6061154,8419.6905,3297.3281
2401,104,2031,q1+q2+q4+q6,0.55551538,21508.0865,8547.6015
2401,104,2031,q1+q2+q5+q6,0.41408845,32756.0109,12866.537
2401,104,2031,q1+q3+q4+q5,0.76774617,7518.6339,2858.9884
2401,104,2031,q1+q3+q4+q6,0.71714615,17593.5842,6750.1994
2401,104,2031,q1+q3+q5+q6,0.57571922,24722.0929,9329.8838
2401,104,2031,q1+q4+q5+q6,0.47469999,31881.2844,11099.4034
2401,104,2031,q2+q3+q4+q5,0.8687654,6752.4293,2597.0299
2401,104,2031,q2+q3+q4+q6,0.81816538,15536.0345,6027.1648
2401,104,2031,q2+q3+q5+q6,0.67673845,21170.4515,8115.6809
2401,104,2031,q2+q4+q5+q6,0.57571922,26450.2543,9497.8319
2401,104,2031,q3+q4+q5+q6,0.73734999,21559.6641,7662.5703
2401,104,2031,q1+q2+q3+q4+q5,0.94958079,6195.0116,2454.0026
2401,104,2031,q1+q2+q3+q4+q6,0.89898077,14157.6251,5663.4589
2401,104,2031,q1+q2+q3+q5+q6,0.75755384,18933.6321,7534.5596
2401,104,2031,q1+q2+q4+q5+q6,0.65653461,23219.3501,8752.8704
2401,104,2031,q1+q3+q4+q5+q6,0.81816538,19450.1083,7190.9949
2401,104,2031,q2+q3+q4+q5+q6,0.91918461,17414.6516,6526.213
2401,104,2031,q1+q2+q3+q4+q5+q6,1.0,16023.6669,6184.1239
2401,104,2031,all,1.0,16023.6669,6184.1239
2402,104,2032,q1,0.08081173,200.8578,124.0768
2402,104,2032,q2,0.1818264,622.1894,290.0854
2402,104,2032,q3,0.34344987,2207.8401,887.6688
2402,104,2032,q4,0.2424352,6380.2774,2370.2356
2402,104,2032,q5,0.10101467,29923.4936,9373.0421
2402,104,2032,q6,0.05046213,207865.7387,55591.5304
2402,104,2032,q1+q2,0.26263813,492.5489,248.3865
2402,104,2032,q1+q3,0.4242616,1825.5577,786.261
2402,104,2032,q1+q4,0.32324693,4835.4225,1995.1577
2402,104,2032,q1+q5,0.1818264,16713.4332,6703.9046
2402,104,2032,q1+q6,0.13127387,80027.9632,32880.7367
2402,104,2032,q2+q3,0.52527627,1658.961,700.3629
2402,104,2032,q2+q4,0.4242616,3912.5254,1592.1331
2402,104,2032,q2+q5,0.28284107,11086.9409,4401.305
2402,104,2032,q2+q6,0.23228853,45643.5743,18321.9527
2402,104,2032,q3+q4,0.58588507,3934.3659,1529.7533
2402,104,2032,q3+q5,0.44446453,8506.8522,3213.136
2402,104,2032,q3+q6,0.393912,28553.6639,10784.6838
2402,104,2032,q4+q5,0.34344987,13304.7527,4686.2745
2402,104,2032,q4+q6,0.29289733,41093.4171,14306.9335
2402,104,2032,q5+q6,0.1514768,89202.1764,26433.2823
2402,104,2032,q1+q2+q3,0.606088,1464.5472,645.5362
2402,104,2032,q1+q2+q4,0.50507333,3318.6586,1428.4637
2402,104,2032,q1+q2+q5,0.3636528,8667.8113,3737.7864
2402,104,2032,q1+q2+q6,0.31310027,33914.7286,14966.5592
2402,104,2032,q1+q3+q4,0.6666968,3481.8194,1417.4647
2402,104,2032,q1+q3+q5,0.52527627,7229.0069,2904.0775
2402,104,2032,q1+q3+q6,0.47472373,23727.1948,9596.5087
2402,104,2032,q1+q4+q5,0.4242616,10808.7727,4146.6035
2402,104,2032,q1+q4+q6,0.37370907,32250.7132,12398.2888
2402,104,2032,q1+q5+q6,0.23228853,58239.1721,21072.2516
2402,104,2032,q2+q3+q4,0.76771147,3149.903,1274.8757
2402,104,2032,q2+q3+q5,0.62629093,6217.7566,2485.5263
2402,104,2032,q2+q3+q6,0.5757384,19732.5057,7928.4182
2402,104,2032,q2+q4+q5,0.52527627,8914.6346,3430.3212
2402,104,2032,q2+q4+q6,0.47472373,25592.3222,9867.2676
2402,104,2032,q2+q5+q6,0.3333032,40879.2674,15119.5094
2402,104,2032,q3+q4+q5,0.68689973,7756.2964,2912.439
2402,104,2032,q3+q4+q6,0.6363472,20106.0595,7546.0181
2402,104,2032,q3+q5+q6,0.49492667,28833.2465,10451.2761
2402,104,2032,q4+q5+q6,0.393912,38229.0055,12939.7141
2402,104,2032,q1+q2+q3+q4,0.8485232,2869.0416,1200.6285
2402,104,2032,q1+q2+q3+q5,0.70710267,5530.111,2303.5431
2402,104,2032,q1+q2+q3+q6,0.65655013,17328.4451,7275.5201
2402,104,2032,q1+q2+q4+q5,0.606088,7752.7977,3141.1823
2402,104,2032,q1+q2+q4+q6,0.55553547,21898.7178,8931.5006
2402,104,2032,q1+q2+q5+q6,0.41411493,32941.1504,13218.6154
2402,104,2032,q1+q3+q4+q5,0.76771147,6960.9871,2726.3444
2402,104,2032,q1+q3+q4+q6,0.71715893,17863.0785,7014.3896
2402,104,2032,q1+q3+q5+q6,0.5757384,24814.3501,9548.344
2402,104,2032,q1+q4+q5+q6,0.47472373,31755.513,11644.6825
2402,104,2032,q2+q3+q4+q5,0.86872613,6263.1112,2451.6247
2402,104,2032,q2+q3+q4+q6,0.8181736,15776.0714,6189.1604
2402,104,2032,q2+q3+q5+q6,0.67675307,21253.6503,8193.8135
2402,104,2032,q2+q4+q5+q6,0.5757384,26352.2365,9764.6889
2402,104,2032,q3+q4+q5+q6,0.73736187,21450.9959,7837.9872
2402,104,2032,q1+q2+q3+q4+q5,0.94953787,5747.1747,2322.0625
2402,104,2032,q1+q2+q3+q4+q6,0.89898533,14375.9818,5831.1672
2402,104,2032,q1+q2+q3+q5+q6,0.7575648,19007.8851,7634.1355
2402,104,2032,q1+q2+q4+q5+q6,0.65655013,23133.3836,9016.0277
2402,104,2032,q1+q3+q4+q5+q6,0.8181736,19352.1009,7368.3689
2402,104,2032,q2+q3+q4+q5+q6,0.91918827,17330.8096,6615.5596
2402,104,2032,q1+q2+q3+q4+q5+q6,1.0,15946.5085,6281.0686
2402,104,2032,all,1.0,15946.5085,6281.0686
2403,104,2033,q1,0.0808114,203.1135,124.1659
2403,104,2033,q2,0.18182565,668.2123,307.1066
2403,104,2033,q3,0.34344846,2323.7787,882.3293
2403,104,2033,q4,0.2424342,6999.1625,2301.6808
2403,104,2033,q5,0.10101425,33355.9248,9045.6329
2403,104,2033,q6,0.05046603,214020.425,49984.9462
2403,104,2033,q1+q2,0.26263705,525.105,261.2884
2403,104,2033,q1+q3,0.42425986,1919.8425,785.6559
2403,104,2033,q1+q4,0.32324561,5300.1502,1970.5909
2403,104,2033,q1+q5,0.18182565,18621.342,6708.8138
2403,104,2033,q1+q6,0.13127744,82399.3547,31059.4266
2403,104,2033,q2+q3,0.52527411,1750.698,707.296
2403,104,2033,q2+q4,0.42425986,4285.8981,1605.1139
2403,104,2033,q2+q5,0.2828399,12342.3953,4544.7975
2403,104,2033,q2+q6,0.23229169,47019.5915,17855.5137
2403,104,2033,q3+q4,0.58588266,4258.4203,1519.6783
2403,104,2033,q3+q5,0.44446271,9376.5392,3263.4555
2403,104,2033,q3+q6,0.39391449,29445.1222,10350.4336
2403,104,2033,q4+q5,0.34344846,14751.1514,4565.3995
2403,104,2033,q4+q6,0.29290024,42668.4476,13109.8756
2403,104,2033,q5+q6,0.15148029,93544.7527,24075.5324
2403,104,2033,q1+q2+q3,0.60608551,1544.3534,653.4783
2403,104,2033,q1+q2+q4,0.50507126,3632.6526,1450.3579
2403,104,2033,q1+q2+q5,0.36365131,9644.7771,3895.7106
2403,104,2033,q1+q2+q6,0.31310309,34936.3341,14704.5823
2403,104,2033,q1+q3+q4,0.66669406,3766.8679,1415.6856
2403,104,2033,q1+q3+q5,0.52527411,7965.2429,2968.9716
2403,104,2033,q1+q3+q6,0.47472589,24467.3282,9271.3839
2403,104,2033,q1+q4+q5,0.42425986,11980.0965,4092.6557
2403,104,2033,q1+q4+q6,0.37371164,33485.7442,11528.4485
2403,104,2033,q1+q5+q6,0.23229169,61072.3523,19682.6899
2403,104,2033,q2+q3+q4,0.76770831,3408.1078,1284.2183
2403,104,2033,q2+q3+q5,0.62628836,6848.3152,2564.2074
2403,104,2033,q2+q3+q6,0.57574014,20357.0284,7729.8938
2403,104,2033,q2+q4+q5,0.52527411,9876.2878,3446.2597
2403,104,2033,q2+q4+q6,0.47472589,26581.8588,9354.9728
2403,104,2033,q2+q5+q6,0.33330594,42878.5759,14521.204
2403,104,2033,q3+q4+q5,0.68689691,8537.465,2911.4445
2403,104,2033,q3+q4+q6,0.63634869,20893.7283,7156.5653
2403,104,2033,q3+q5+q6,0.49492874,30243.3115,10024.9195
2403,104,2033,q4+q5+q6,0.39391449,40280.3722,11967.9912
2403,104,2033,q1+q2+q3+q4,0.84851971,3102.8703,1213.5355
2403,104,2033,q1+q2+q3+q5,0.70709976,6088.8636,2385.4899
2403,104,2033,q1+q2+q3+q6,0.65655154,17876.3913,7119.965
2403,104,2033,q1+q2+q4+q5,0.60608551,8586.5313,3178.0753
2403,104,2033,q1+q2+q4+q6,0.55553729,22744.6666,8531.0984
2403,104,2033,q1+q2+q5+q6,0.41411734,34550.8302,12816.4276
2403,104,2033,q1+q3+q4+q5,0.76770831,7660.1649,2739.7836
2403,104,2033,q1+q3+q4+q6,0.7171601,18562.2578,6689.4177
2403,104,2033,q1+q3+q5+q6,0.57574014,26026.8424,9219.6455
2403,104,2033,q1+q4+q5+q6,0.47472589,33458.1206,10894.1274
2403,104,2033,q2+q3+q4+q5,0.86872256,6890.4121,2483.8964
2403,104,2033,q2+q3+q4+q6,0.81817435,16398.9434,5954.0571
2403,104,2033,q2+q3+q5+q6,0.67675439,22297.28,7989.3814
2403,104,2033,q2+q4+q5+q6,0.57574014,27770.3762,9288.0355
2403,104,2033,q3+q4+q5+q6,0.73736295,22600.9736,7472.0631
2403,104,2033,q1+q2+q3+q4+q5,0.94953397,6321.2803,2361.1847
2403,104,2033,q1+q2+q3+q4+q6,0.89898575,14943.0719,5631.0118
2403,104,2033,q1+q2+q3+q5+q6,0.7575658,19940.4411,7474.8995
2403,104,2033,q1+q2+q4+q5+q6,0.65655154,24377.27,8634.4969
2403,104,2033,q1+q3+q4+q5+q6,0.81817435,20388.7282,7060.9159
2403,104,2033,q2+q3+q4+q5+q6,0.9191886,18262.4313,6392.5987
2403,104,2033,q1+q2+q3+q4+q5+q6,1.0,16803.0325,6092.1627
2403,104,2033,all,1.0,16803.0325,6092.1627
2404,104,2034,q1,0.08081156,204.428,123.1261
2404,104,2034,q2,0.18182601,569.8674,301.546
2404,104,2034,q3,0.34344913,2120.6498,877.1426
2404,104,2034,q4,0.24243468,6301.362,2389.2096
2404,104,2034,q5,0.10101445,31865.4204,10190.2416
2404,104,2034,q6,0.05046418,192886.5562,55524.0958
2404,104,2034,q1+q2,0.26263757,457.4245,251.4424
2404,104,2034,q1+q3,0.42426069,1755.6551,772.2531
2404,104,2034,q1+q4,0.32324624,4777.1285,1996.1697
2404,104,2034,q1+q5,0.18182601,17793.8682,7188.9523
2404,104,2034,q1+q6,0.13127574,74274.0558,31505.5589
2404,104,2034,q2+q3,0.52527514,1583.8405,708.6665
2404,104,2034,q2+q4,0.42426069,3845.0072,1659.4602
2404,104,2034,q2+q5,0.28284046,11746.8506,5037.9163
2404,104,2034,q2+q6,0.23229019,42349.9507,18957.3412
2404,104,2034,q3+q4,0.58588381,3850.5997,1534.9541
2404,104,2034,q3+q5,0.44446358,8880.8249,3443.6474
2404,104,2034,q3+q6,0.3939133,26559.6424,10403.3268
2404,104,2034,q4+q5,0.34344913,13820.2027,4968.7341
2404,104,2034,q4+q6,0.29289885,38448.5281,13822.71
2404,104,2034,q5+q6,0.15147863,85508.6255,26370.3001
2404,104,2034,q1+q2+q3,0.6060867,1399.9188,648.6092
2404,104,2034,q1+q2+q4,0.50507225,3262.5145,1474.9499
2404,104,2034,q1+q2+q5,0.36365202,9181.8678,4207.0531
2404,104,2034,q1+q2+q6,0.31310174,31472.1914,15088.0475
2404,104,2034,q1+q3+q4,0.66669537,3408.6395,1416.8511
2404,104,2034,q1+q3+q5,0.52527514,7545.9946,3095.6915
2404,104,2034,q1+q3+q6,0.47472486,22073.2416,9193.2174
2404,104,2034,q1+q4+q5,0.42426069,11226.7218,4371.9692
2404,104,2034,q1+q4+q6,0.37371041,30178.581,11885.5855
2404,104,2034,q1+q5+q6,0.23229019,55832.1016,20738.8935
2404,104,2034,q2+q3+q4,0.76770981,3073.5841,1301.2339
2404,104,2034,q2+q3+q5,0.62628959,6467.9663,2718.9525
2404,104,2034,q2+q3+q6,0.57573931,18351.7314,7830.7218
2404,104,2034,q2+q4+q5,0.52527514,9233.5482,3734.0491
2404,104,2034,q2+q4+q6,0.47472486,23940.4915,9811.6616
2404,104,2034,q2+q5+q6,0.33330463,39172.41,15640.0027
2404,104,2034,q3+q4+q5,0.68689826,7970.4262,3066.0716
2404,104,2034,q3+q4+q6,0.63634798,18841.6802,7288.3966
2404,104,2034,q3+q5+q6,0.49492775,27642.5484,10352.3945
2404,104,2034,q4+q5+q6,0.3939133,36760.3673,12807.8281
2404,104,2034,q1+q2+q3+q4,0.84852137,2800.3312,1220.0703
2404,104,2034,q1+q2+q3+q5,0.70710115,5752.1333,2504.4915
2404,104,2034,q1+q2+q3+q6,0.65655087,16118.0707,7133.5983
2404,104,2034,q1+q2+q4+q5,0.6060867,8029.6655,3395.9734
2404,104,2034,q1+q2+q4+q6,0.55553642,20487.7056,8805.9113
2404,104,2034,q1+q2+q5+q6,0.41411619,31568.1109,13491.4085
2404,104,2034,q1+q3+q4+q5,0.76770981,7152.9527,2860.393
2404,104,2034,q1+q3+q4+q6,0.71715954,16741.582,6748.0618
2404,104,2034,q1+q3+q5+q6,0.57573931,23791.2962,9409.5639
2404,104,2034,q1+q4+q5+q6,0.47472486,30537.5155,11462.1692
2404,104,2034,q2+q3+q4+q5,0.86872426,6421.4721,2619.9323
2404,104,2034,q2+q3+q4+q6,0.81817399,14781.0637,6081.159
2404,104,2034,q2+q3+q5+q6,0.67675376,20368.8282,8278.3194
2404,104,2034,q2+q4+q5+q6,0.57573931,25330.9339,9892.7797
2404,104,2034,q3+q4+q5+q6,0.73736243,20625.8583,7755.8396
2404,104,2034,q1+q2+q3+q4+q5,0.94953582,5892.3619,2471.9251
2404,104,2034,q1+q2+q3+q4+q6,0.89898555,13470.7416,5704.5882
2404,104,2034,q1+q2+q3+q5+q6,0.75756532,18217.8366,7670.2016
2404,104,2034,q1+q2+q4+q5+q6,0.65655087,22238.2381,9077.7865
2404,104,2034,q1+q3+q4+q5+q6,0.81817399,18608.8208,7267.035
2404,104,2034,q2+q3+q4+q5+q6,0.91918844,16658.5535,6644.3762
2404,104,2034,q1+q2+q3+q4+q5+q6,1.0,15328.8699,6285.5942
2404,104,2034,all,1.0,15328.8699,6285.5942
2405,104,2035,q1,0.08082079,203.7889,111.4601
2405,104,2035,q2,0.18184677,593.7557,276.0841
2405,104,2035,q3,0.34348834,2364.0148,959.0223
2405,104,2035,q4,0.24246236,7245.876,2621.3954
2405,104,2035,q5,0.10102598,32655.4801,9806.2749
2405,104,2035,q6,0.05035575,201359.8115,52233.391
2405,104,2035,q1+q2,0.26266756,473.766,230.9395
2405,104,2035,q1+q3,0.42430913,1952.5432,833.083
2405,104,2035,q1+q4,0.32328315,5485.3542,2167.9643
2405,104,2035,q1+q5,0.18184677,18232.5062,6847.5379
2405,104,2035,q1+q6,0.13117654,77423.1078,29705.6648
2405,104,2035,q2+q3,0.52533512,1751.2328,743.2452
2405,104,2035,q2+q4,0.42430913,4394.9673,1757.1416
2405,104,2035,q2+q5,0.28287275,12044.3716,4683.1413
2405,104,2035,q2+q6,0.23220252,44132.1542,17511.0543
2405,104,2035,q3+q4,0.58595071,4384.0953,1693.4902
2405,104,2035,q3+q5,0.44451433,9248.4387,3474.7347
2405,104,2035,q3+q6,0.3938441,27807.0349,10522.0309
2405,104,2035,q4+q5,0.34348834,14719.2889,5022.6548
2405,104,2035,q4+q6,0.29281811,40627.5318,13763.9915
2405,104,2035,q5+q6,0.15138174,88773.4365,25329.9922
2405,104,2035,q1+q2+q3,0.6061559,1544.907,675.8658
2405,104,2035,q1+q2+q4,0.50512992,3724.3788,1556.0078
2405,104,2035,q1+q2+q5,0.36369354,9413.131,3911.3242
2405,104,2035,q1+q2+q6,0.31302331,32790.1074,14003.2665
2405,104,2035,q1+q3+q4,0.66677149,3877.3915,1553.057
2405,104,2035,q1+q3+q5,0.52533512,7856.9541,3101.3114
2405,104,2035,q1+q3+q6,0.47466488,23107.0536,9227.7644
2405,104,2035,q1+q4+q5,0.42430913,11954.4318,4393.9899
2405,104,2035,q1+q4+q6,0.3736389,31883.5849,11770.6616
2405,104,2035,q1+q5+q6,0.23220252,57945.7414,19836.1807
2405,104,2035,q2+q3+q4,0.76779748,3486.3833,1402.9608
2405,104,2035,q2+q3+q5,0.6263611,6735.7888,2680.0871
2405,104,2035,q2+q3+q6,0.57569087,19211.0206,7723.6492
2405,104,2035,q2+q4+q5,0.52533512,9829.6813,3694.5379
2405,104,2035,q2+q4+q6,0.47466488,25290.3684,9562.2153
2405,104,2035,q2+q5+q6,0.33322851,40652.7331,14698.5788
2405,104,2035,q3+q4+q5,0.68697669,8541.6519,3166.1515
2405,104,2035,q3+q4+q6,0.63630646,19972.2769,7427.4062
2405,104,2035,q3+q5+q6,0.49487008,28796.8279,10347.1925
2405,104,2035,q4+q5+q6,0.3938441,38582.5999,12655.1223
2405,104,2035,q1+q2+q3+q4,0.84861826,3173.7553,1310.1269
2405,104,2035,q1+q2+q3+q5,0.70718189,5989.2745,2459.6646
2405,104,2035,q1+q2+q3+q6,0.65651166,16871.1087,7011.5777
2405,104,2035,q1+q2+q4+q5,0.6061559,8546.229,3351.9448
2405,104,2035,q1+q2+q4+q6,0.55548567,21640.3785,8566.9489
2405,104,2035,q1+q2+q5+q6,0.41404929,32757.259,12682.934
2405,104,2035,q1+q3+q4+q5,0.76779748,7663.9821,2940.5803
2405,104,2035,q1+q3+q4+q6,0.71712725,17744.3532,6845.8079
2405,104,2035,q1+q3+q5+q6,0.57569087,24782.6737,9355.3849
2405,104,2035,q1+q4+q5+q6,0.47466488,32047.8723,11280.5921
2405,104,2035,q2+q3+q4+q5,0.86882346,6878.1387,2662.5614
2405,104,2035,q2+q3+q4+q6,0.81815323,15665.1112,6096.9441
2405,104,2035,q2+q3+q5+q6,0.67671685,21218.1226,8119.8645
2405,104,2035,q2+q4+q5+q6,0.57569087,26582.8462,9613.7957
2405,104,2035,q3+q4+q5+q6,0.73733244,21710.0725,7818.2853
2405,104,2035,q1+q2+q3+q4+q5,0.94964425,6310.109,2504.9753
2405,104,2035,q1+q2+q3+q4+q6,0.89897402,14275.0864,5703.8252
2405,104,2035,q1+q2+q3+q5+q6,0.75753764,18976.1284,7502.2597
2405,104,2035,q1+q2+q4+q5+q6,0.65651166,23335.4154,8806.6236
2405,104,2035,q1+q3+q4+q5+q6,0.81815323,19585.5869,7299.5066
2405,104,2035,q2+q3+q4+q5+q6,0.91917921,17532.5041,6608.6869
2405,104,2035,q1+q2+q3+q4+q5+q6,1.0,16131.9837,6237.4656
2405,104,2035,all,1.0,16131.9837,6237.4656
2406,104,2036,q1,0.08081214,203.4783,119.3704
2406,104,2036,q2,0.18182731,672.6957,295.7583
2406,104,2036,q3,0.34345159,2438.17,922.776
2406,104,2036,q4,0.24243642,7051.6071,2494.5389
2406,104,2036,q5,0.10101517,33021.8661,9610.822
2406,104,2036,q6,0.05045736,214897.1019,51126.6606
2406,104,2036,q1+q2,0.26263945,528.3211,251.6858
2406,104,2036,q1+q3,0.42426373,2012.5145,816.8937
2406,104,2036,q1+q4,0.32324856,5339.5749,2097.0246
2406,104,2036,q1+q5,0.18182731,18435.916,6914.072
2406,104,2036,q1+q6,0.1312695,82727.4003,31041.9377
2406,104,2036,q2+q3,0.52527891,1827.0443,726.4822
2406,104,2036,q2+q4,0.42426373,4317.7879,1667.0347
2406,104,2036,q2+q5,0.28284249,12225.9708,4546.199
2406,104,2036,q2+q6,0.23228468,47206.9694,17526.6103
2406,104,2036,q3+q4,0.58588801,4347.1785,1599.0499
2406,104,2036,q3+q5,0.44446677,9389.0101,3326.373
2406,104,2036,q3+q6,0.39390896,29652.8789,10433.1855
2406,104,2036,q4+q5,0.34345159,14689.9186,4886.9292
2406,104,2036,q4+q6,0.29289378,42857.5421,13987.7453
2406,104,2036,q5+q6,0.15147254,93606.742,25357.3046
2406,104,2036,q1+q2+q3,0.60609104,1610.5688,669.1531
2406,104,2036,q1+q2+q4,0.50507587,3659.4984,1494.6367
2406,104,2036,q1+q2+q5,0.36365463,9554.3058,3867.4261
2406,104,2036,q1+q2+q6,0.31309682,35075.0905,14385.5461
2406,104,2036,q1+q3+q4,0.66670015,3844.9118,1481.2671
2406,104,2036,q1+q3+q5,0.52527891,7975.8513,3009.0777
2406,104,2036,q1+q3+q6,0.47472109,24639.6847,9303.1927
2406,104,2036,q1+q4+q5,0.42426373,11930.5966,4325.6861
2406,104,2036,q1+q4+q6,0.37370592,33633.8024,12142.2358
2406,104,2036,q1+q5+q6,0.23228468,61111.6259,20368.7773
2406,104,2036,q2+q3+q4,0.76771532,3476.9062,1330.4078
2406,104,2036,q2+q3+q5,0.62629408,6858.4672,2575.0162
2406,104,2036,q2+q3+q6,0.57573627,20500.4438,7698.5907
2406,104,2036,q2+q4+q5,0.52527891,9837.803,3573.8021
2406,104,2036,q2+q4+q6,0.47472109,26699.9342,9668.4323
2406,104,2036,q2+q5+q6,0.33329985,42907.8056,14702.1728
2406,104,2036,q3+q4+q5,0.68690318,8564.0443,3032.5005
2406,104,2036,q3+q4+q6,0.63634537,21042.1911,7418.8336
2406,104,2036,q3+q5+q6,0.49492413,30340.4971,10238.5735
2406,104,2036,q4+q5+q6,0.39390896,40335.2524,12767.0518
2406,104,2036,q1+q2+q3+q4,0.84852746,3165.1512,1252.6026
2406,104,2036,q1+q2+q3+q5,0.70710622,6097.897,2387.6987
2406,104,2036,q1+q2+q3+q6,0.65654841,18002.1646,7073.7349
2406,104,2036,q1+q2+q4+q5,0.60609104,8553.2263,3273.3348
2406,104,2036,q1+q2+q4+q6,0.55553323,22845.5559,8760.4577
2406,104,2036,q1+q2+q5+q6,0.41411199,34574.2433,12893.2104
2406,104,2036,q1+q3+q4+q5,0.76771532,7683.9847,2839.3524
2406,104,2036,q1+q3+q4+q6,0.71715751,18694.0027,6901.2286
2406,104,2036,q1+q3+q5+q6,0.57573627,26110.3711,9369.7425
2406,104,2036,q1+q4+q5+q6,0.47472109,33503.5894,11506.6005
2406,104,2036,q2+q3+q4+q5,0.8687305,6912.3667,2551.5811
2406,104,2036,q2+q3+q4+q6,0.81817269,16515.3587,6090.9489
2406,104,2036,q2+q3+q5+q6,0.67675144,22369.4515,8051.5827
2406,104,2036,q2+q4+q5+q6,0.57573627,27809.1419,9656.3728
2406,104,2036,q3+q4+q5+q6,0.73736055,22683.3542,7772.3684
2406,104,2036,q1+q2+q3+q4+q5,0.94954264,6341.3975,2417.0903
2406,104,2036,q1+q2+q3+q4+q6,0.89898483,15049.0403,5741.8278
2406,104,2036,q1+q2+q3+q5+q6,0.75756358,20004.9243,7510.1029
2406,104,2036,q1+q2+q4+q5+q6,0.65654841,24411.2618,8924.8096
2406,104,2036,q1+q3+q4+q5+q6,0.81817269,20462.9833,7311.9538
2406,104,2036,q2+q3+q4+q5+q6,0.91918786,18329.3597,6567.1378
2406,104,2036,q1+q2+q3+q4+q5+q6,1.0,16864.5685,6238.5756
2406,104,2036,all,1.0,16864.5685,6238.5756
2407,104,2037,q1,0.08081214,208.4659,115.2327
2407,104,2037,q2,0.18182731,561.0988,264.9963
2407,104,2037,q3,0.34345159,2262.6614,953.768
2407,104,2037,q4,0.24243642,7264.6992,2696.411
2407,104,2037,q5,0.10101517,30417.909,10021.6254
2407,104,2037,q6,0.05045736,191410.3009,56365.7646
2407,104,2037,q1+q2,0.26263945,452.5963,223.7781
2407,104,2037,q1+q3,0.42426373,1871.3861,826.1996
2407,104,2037,q1+q4,0.32324856,5500.6409,2224.3419
2407,104,2037,q1+q5,0.18182731,16991.4898,6823.136
2407,104,2037,q1+q6,0.1312695,73702.6157,30468.0807
2407,104,2037,q2+q3,0.52527891,1673.659,732.748
2407,104,2037,q2+q4,0.42426373,4391.7276,1794.7403
2407,104,2037,q2+q5,0.28284249,11224.2453,4590.3468
2407,104,2037,q2+q6,0.23228468,42017.7618,17543.2416
2407,104,2037,q3+q4,0.58588801,4332.4702,1729.1649
2407,104,2037,q3+q5,0.44446677,8661.5813,3433.0543
2407,104,2037,q3+q6,0.39390896,26491.3343,10581.9459
2407,104,2037,q4+q5,0.34345159,14074.4668,5036.471
2407,104,2037,q4+q6,0.29289378,38987.8089,13849.6013
2407,104,2037,q5+q6,0.15147254,84046.453,26636.1011
2407,104,2037,q1+q2+q3,0.60609104,1478.2999,665.6753
2407,104,2037,q1+q2+q4,0.50507587,3722.4057,1587.4253
2407,104,2037,q1+q2+q5,0.36365463,8776.2943,3809.4375
2407,104,2037,q1+q2+q6,0.31309682,31226.5353,13916.5353
2407,104,2037,q1+q3+q4,0.66670015,3832.5909,1582.9889
2407,104,2037,q1+q3+q5,0.52527891,7361.102,3050.395
2407,104,2037,q1+q3+q6,0.47472109,22017.1813,9230.5744
2407,104,2037,q1+q4+q5,0.42426373,11433.3238,4385.9445
2407,104,2037,q1+q4+q6,0.37370592,30601.9593,11781.1184
2407,104,2037,q1+q5+q6,0.23228468,54879.1089,20424.0181
2407,104,2037,q2+q3+q4,0.76771532,3439.2506,1424.9472
2407,104,2037,q2+q3+q5,0.62629408,6309.8283,2623.3704
2407,104,2037,q2+q3+q6,0.57573627,18302.1245,7685.0568
2407,104,2037,q2+q4+q5,0.52527891,9396.7625,3670.4387
2407,104,2037,q2+q4+q6,0.47472109,24269.6396,9525.5297
2407,104,2037,q2+q5+q6,0.33329985,38502.1252,14870.8247
2407,104,2037,q3+q4+q5,0.68690318,8168.5641,3161.9132
2407,104,2037,q3+q4+q6,0.63634537,19166.3238,7439.9843
2407,104,2037,q3+q5+q6,0.49492413,27292.7574,10449.0519
2407,104,2037,q4+q5+q6,0.39390896,36790.1185,12811.9859
2407,104,2037,q1+q2+q3+q4,0.84852746,3131.5568,1329.169
2407,104,2037,q1+q2+q3+q5,0.70710622,5612.5298,2401.4873
2407,104,2037,q1+q2+q3+q6,0.65654841,16075.0424,6955.6944
2407,104,2037,q1+q2+q4+q5,0.60609104,8171.6563,3321.8359
2407,104,2037,q1+q2+q4+q6,0.55553323,20769.5161,8510.7523
2407,104,2037,q1+q2+q5+q6,0.41411199,31029.2855,12733.1616
2407,104,2037,q1+q3+q4+q5,0.76771532,7330.659,2930.0189
2407,104,2037,q1+q3+q4+q6,0.71715751,17030.0775,6840.2363
2407,104,2037,q1+q3+q5+q6,0.57573627,23491.1217,9399.1298
2407,104,2037,q1+q4+q5+q6,0.47472109,30562.7955,11358.7754
2407,104,2037,q2+q3+q4+q5,0.8687305,6576.3039,2645.4621
2407,104,2037,q2+q3+q4+q6,0.81817269,15031.5755,6075.3877
2407,104,2037,q2+q3+q5+q6,0.67675144,20110.5848,8112.0625
2407,104,2037,q2+q4+q5+q6,0.57573627,25348.3774,9625.8546
2407,104,2037,q3+q4+q5+q6,0.73736055,20707.7418,7846.7564
2407,104,2037,q1+q2+q3+q4+q5,0.94954264,6034.3603,2485.0333
2407,104,2037,q1+q2+q3+q4+q6,0.89898483,13699.0868,5673.9354
2407,104,2037,q1+q2+q3+q5+q6,0.75756358,17987.5514,7471.0802
2407,104,2037,q1+q2+q4+q5+q6,0.65654841,22253.9978,8789.423
2407,104,2037,q1+q3+q4+q5+q6,0.81817269,18682.9977,7306.478
2407,104,2037,q2+q3+q4+q5+q6,0.91918786,16722.4738,6594.4699
2407,104,2037,q1+q2+q3+q4+q5+q6,1.0,15387.9415,6212.0718
2407,104,2037,all,1.0,15387.9415,6212.0718
2408,104,2038,q1,0.08081214,203.4765,120.623
2408,104,2038,q2,0.18182731,594.8628,299.064
2408,104,2038,q3,0.34345159,2202.2862,889.6674
2408,104,2038,q4,0.24243642,6577.8206,2400.1318
2408,104,2038,q5,0.10101517,33134.5257,9931.8414
2408,104,2038,q6,0.05045736,195594.9693,54547.6135
2408,104,2038,q1+q2,0.26263945,474.4362,250.2174
2408,104,2038,q1+q3,0.42426373,1821.5605,783.3965
2408,104,2038,q1+q4,0.32324856,4984.2346,2012.0632
2408,104,2038,q1+q5,0.18182731,18498.5038,7106.1612
2408,104,2038,q1+q6,0.1312695,75308.0467,31160.5727
2408,104,2038,q2+q3,0.52527891,1645.8704,713.4055
2408,104,2038,q2+q4,0.42426373,4013.6958,1659.5633
2408,104,2038,q2+q5,0.28284249,12216.1709,4945.4333
2408,104,2038,q2+q6,0.23228468,42953.1939,18388.1539
2408,104,2038,q3+q4,0.58588801,4012.8521,1552.2744
2408,104,2038,q3+q5,0.44446677,9232.3406,3456.4623
2408,104,2038,q3+q6,0.39390896,26974.7235,10304.9994
2408,104,2038,q4+q5,0.34345159,14388.6162,4934.7405
2408,104,2038,q4+q6,0.29289378,39140.1609,13561.1161
2408,104,2038,q5+q6,0.15147254,87252.0957,25517.3239
2408,104,2038,q1+q2+q3,0.60609104,1453.5512,653.4663
2408,104,2038,q1+q2+q4,0.50507587,3404.0607,1479.0862
2408,104,2038,q1+q2+q5,0.36365463,9546.6833,4157.7407
2408,104,2038,q1+q2+q6,0.31309682,31919.2391,14720.2051
2408,104,2038,q1+q3+q4,0.66670015,3551.1096,1434.0599
2408,104,2038,q1+q3+q5,0.52527891,7843.2846,3112.8732
2408,104,2038,q1+q3+q6,0.47472109,22417.4334,9115.7737
2408,104,2038,q1+q4+q5,0.42426373,11686.6848,4357.9332
2408,104,2038,q1+q4+q6,0.37370592,30720.2869,11694.6951
2408,104,2038,q1+q5+q6,0.23228468,56967.7686,20225.6723
2408,104,2038,q2+q3+q4,0.76771532,3203.3283,1310.7064
2408,104,2038,q2+q3+q5,0.62629408,6724.6858,2719.1868
2408,104,2038,q2+q3+q6,0.57573627,18643.5145,7706.7122
2408,104,2038,q2+q4+q5,0.52527891,9613.8554,3704.7619
2408,104,2038,q2+q4+q6,0.47472109,24376.5701,9587.301
2408,104,2038,q2+q5+q6,0.33329985,39977.3916,15148.2538
2408,104,2038,q3+q4+q5,0.68690318,8295.4512,3077.4137
2408,104,2038,q3+q4+q6,0.63634537,19203.8615,7207.3436
2408,104,2038,q3+q5+q6,0.49492413,28231.9536,10213.0799
2408,104,2038,q4+q5+q6,0.39390896,37600.0581,12526.6682
2408,104,2038,q1+q2+q3+q4,0.84852746,2917.6282,1230.0977
2408,104,2038,q1+q2+q3+q5,0.70710622,5979.4047,2508.9791
2408,104,2038,q1+q2+q3+q6,0.65654841,16373.7977,7030.4066
2408,104,2038,q1+q2+q4+q5,0.60609104,8359.1382,3378.9082
2408,104,2038,q1+q2+q4+q6,0.55553323,20860.1659,8626.6359
2408,104,2038,q1+q2+q5+q6,0.41411199,32215.6864,13131.7917
2408,104,2038,q1+q3+q4+q5,0.76771532,7443.6644,2874.6547
2408,104,2038,q1+q3+q4+q6,0.71715751,17062.8231,6679.9737
2408,104,2038,q1+q3+q5+q6,0.57573627,24297.7891,9298.5795
2408,104,2038,q1+q4+q5+q6,0.47472109,31234.0091,11244.174
2408,104,2038,q2+q3+q4+q5,0.8687305,6683.7001,2623.407
2408,104,2038,q2+q3+q4+q6,0.81817269,15068.2746,5992.8238
2408,104,2038,q2+q3+q5+q6,0.67675144,20806.5125,8140.2238
2408,104,2038,q2+q4+q5+q6,0.57573627,25913.1875,9662.5019
2408,104,2038,q3+q4+q5+q6,0.73736055,21112.3017,7659.0801
2408,104,2038,q1+q2+q3+q4+q5,0.94954264,6132.1917,2478.1991
2408,104,2038,q1+q2+q3+q4+q6,0.89898483,13732.0383,5627.8854
2408,104,2038,q1+q2+q3+q5+q6,0.75756358,18608.7096,7554.3861
2408,104,2038,q1+q2+q4+q5+q6,0.65654841,22748.6734,8888.4045
2408,104,2038,q1+q3+q4+q5+q6,0.81817269,19047.1057,7185.2618
2408,104,2038,q2+q3+q4+q5+q6,0.91918786,17053.6854,6547.2753
2408,104,2038,q1+q2+q3+q4+q5+q6,1.0,15691.984,6201.0696
2408,104,2038,all,1.0,15691.984,6201.0696
2409,104,2039,q1,0.08081214,203.4423,123.9105
2409,104,2039,q2,0.18182731,616.6433,297.5308
2409,104,2039,q3,0.34345159,2299.7393,873.3954
2409,104,2039,q4,0.24243642,7011.8689,2266.5319
2409,104,2039,q5,0.10101517,32757.369,9050.8763
2409,104,2039,q6,0.05045736,216062.1479,51742.1102
2409,104,2039,q1+q2,0.26263945,489.5045,252.3197
2409,104,2039,q1+q3,0.42426373,1900.4446,777.5031
2409,104,2039,q1+q4,0.32324856,5309.7622,1944.4665
2409,104,2039,q1+q5,0.18182731,18288.9571,6673.8178
2409,104,2039,q1+q6,0.1312695,83175.1984,31796.8705
2409,104,2039,q2+q3,0.52527891,1717.1291,704.0126
2409,104,2039,q2+q4,0.42426373,4271.0579,1608.059
2409,104,2039,q2+q5,0.28284249,12095.4739,4607.9164
2409,104,2039,q2+q6,0.23228468,47416.1666,18746.0068
2409,104,2039,q3+q4,0.58588801,4249.586,1504.9836
2409,104,2039,q3+q5,0.44446677,9221.9279,3227.5805
2409,104,2039,q3+q6,0.39390896,29681.4157,10485.5165
2409,104,2039,q4+q5,0.34345159,14584.0748,4489.8367
2409,104,2039,q4+q6,0.29289378,43025.3543,13117.2057
2409,104,2039,q5+q6,0.15147254,93818.4433,24659.0444
2409,104,2039,q1+q2+q3,0.60609104,1515.3042,649.5742
2409,104,2039,q1+q2+q4,0.50507587,3620.2394,1451.7172
2409,104,2039,q1+q2+q5,0.36365463,9452.8002,3928.0771
2409,104,2039,q1+q2+q6,0.31309682,35230.2833,15315.3942
2409,104,2039,q1+q3+q4,0.66670015,3759.1444,1402.4438
2409,104,2039,q1+q3+q5,0.52527891,7834.4685,2933.9885
2409,104,2039,q1+q3+q6,0.47472109,24663.3575,9383.6752
2409,104,2039,q1+q4+q5,0.42426373,11844.9067,4025.7824
2409,104,2039,q1+q4+q6,0.37370592,33765.3182,11540.493
2409,104,2039,q1+q5+q6,0.23228468,61249.6634,20067.428
2409,104,2039,q2+q3+q4,0.76771532,3389.1522,1280.9679
2409,104,2039,q2+q3+q5,0.62629408,6723.6194,2557.08
2409,104,2039,q2+q3+q6,0.57573627,20502.2659,7912.0739
2409,104,2039,q2+q4+q5,0.52527891,9749.1947,3431.2846
2409,104,2039,q2+q4+q6,0.47472109,26782.002,9505.3835
2409,104,2039,q2+q5+q6,0.33329985,42973.4374,15027.2144
2409,104,2039,q3+q4+q5,0.68690318,8441.9071,2870.7409
2409,104,2039,q3+q4+q6,0.63634537,21044.7163,7180.3276
2409,104,2039,q3+q5+q6,0.49492413,30309.225,10131.2756
2409,104,2039,q4+q5+q6,0.39390896,40392.2019,11996.3179
2409,104,2039,q1+q2+q3+q4,0.84852746,3085.7513,1210.0214
2409,104,2039,q1+q2+q3+q5,0.70710622,5978.4563,2375.6571
2409,104,2039,q1+q2+q3+q6,0.65654841,18003.758,7276.0
2409,104,2039,q1+q2+q4+q5,0.60609104,8476.4277,3161.2604
2409,104,2039,q1+q2+q4+q6,0.55553323,22915.6802,8658.7541
2409,104,2039,q1+q2+q5+q6,0.41411199,34627.0603,13206.114
2409,104,2039,q1+q3+q4+q5,0.76771532,7574.7002,2701.4356
2409,104,2039,q1+q3+q4+q6,0.71715751,18696.2393,6711.6699
2409,104,2039,q1+q3+q5+q6,0.57573627,26083.4834,9308.2587
2409,104,2039,q1+q4+q5+q6,0.47472109,33550.8382,10916.6369
2409,104,2039,q2+q3+q4+q5,0.8687305,6804.0611,2466.1607
2409,104,2039,q2+q3+q4+q6,0.81817269,16504.8658,6023.3894
2409,104,2039,q2+q3+q5+q6,0.67675144,22331.5215,8136.2186
2409,104,2039,q2+q4+q5+q6,0.57573627,27830.4034,9407.8191
2409,104,2039,q3+q4+q5+q6,0.73736055,22649.2985,7486.9062
2409,104,2039,q1+q2+q3+q4+q5,0.94954264,6242.3063,2343.3004
2409,104,2039,q1+q2+q3+q4+q6,0.89898483,15039.4875,5693.7519
2409,104,2039,q1+q2+q3+q5+q6,0.75756358,19971.0366,7602.05
2409,104,2039,q1+q2+q4+q5+q6,0.65654841,24429.902,8736.8436
2409,104,2039,q1+q3+q4+q5+q6,0.81817269,20432.2878,7073.5362
2409,104,2039,q2+q3+q4+q5+q6,0.91918786,18290.9528,6447.8753
2409,104,2039,q1+q2+q3+q4+q5+q6,1.0,16829.2624,6141.6647
2409,104,2039,all,1.0,16829.2624,6141.6647
2410,104,2040,q1,0.08081214,199.8907,124.9292
2410,104,2040,q2,0.18182731,634.923,306.7308
2410,104,2040,q3,0.34345159,2146.5931,914.931
2410,104,2040,q4,0.24243642,6606.4252,2377.6733
2410,104,2040,q5,0.10101517,31727.854,9435.3298
2410,104,2040,q6,0.05045736,193311.5976,51092.7127
2410,104,2040,q1+q2,0.26263945,501.0669,260.2441
2410,104,2040,q1+q3,0.42426373,1775.7927,805.6927
2410,104,2040,q1+q4,0.32324856,5004.7916,2014.891
2410,104,2040,q1+q5,0.18182731,17715.4259,6868.3804
2410,104,2040,q1+q6,0.1312695,74428.1569,30511.7103
2410,104,2040,q2+q3,0.52527891,1623.3227,721.2945
2410,104,2040,q2+q4,0.42426373,4047.2099,1635.3303
2410,104,2040,q2+q5,0.28284249,11739.5412,4637.1188
2410,104,2040,q2+q6,0.23228468,42488.5534,17397.6916
2410,104,2040,q3+q4,0.58588801,3992.0409,1580.9551
2410,104,2040,q3+q5,0.44446677,8869.607,3441.5676
2410,104,2040,q3+q6,0.39390896,26633.6782,10525.9048
2410,104,2040,q4+q5,0.34345159,13995.0807,4743.5629
2410,104,2040,q4+q6,0.29289378,38770.477,13135.1349
2410,104,2040,q5+q6,0.15147254,85553.3845,24423.8282
2410,104,2040,q1+q2+q3,0.60609104,1433.5318,662.4973
2410,104,2040,q1+q2+q4,0.50507587,3431.6389,1469.7246
2410,104,2040,q1+q2+q5,0.36365463,9175.1744,3946.9561
2410,104,2040,q1+q2+q6,0.31309682,31573.5995,14191.4806
2410,104,2040,q1+q3+q4,0.66670015,3532.3863,1463.9258
2410,104,2040,q1+q3+q5,0.52527891,7535.8045,3105.1586
2410,104,2040,q1+q3+q6,0.47472109,22133.8341,9331.5387
2410,104,2040,q1+q4+q5,0.42426373,11367.4255,4220.8955
2410,104,2040,q1+q4+q6,0.37370592,30429.77,11442.4373
2410,104,2040,q1+q5+q6,0.23228468,55858.7937,19662.5845
2410,104,2040,q2+q3+q4,0.76771532,3196.934,1322.5272
2410,104,2040,q2+q3+q5,0.62629408,6478.8922,2666.2779
2410,104,2040,q2+q3+q6,0.57573627,18422.8288,7724.7218
2410,104,2040,q2+q4+q5,0.52527891,9370.4107,3541.8983
2410,104,2040,q2+q4+q6,0.47472109,24163.826,9244.1588
2410,104,2040,q2+q5+q6,0.33329985,39227.244,14415.5945
2410,104,2040,q3+q4+q5,0.68690318,8070.8369,3047.6048
2410,104,2040,q3+q4+q6,0.63634537,19003.6464,7239.8475
2410,104,2040,q3+q5+q6,0.49492413,27673.4114,10248.7047
2410,104,2040,q4+q5+q6,0.39390896,36964.446,12091.4987
2410,104,2040,q1+q2+q3+q4,0.84852746,2911.5013,1244.5199
2410,104,2040,q1+q2+q3+q5,0.70710622,5761.2921,2467.2651
2410,104,2040,q1+q2+q3+q6,0.65654841,16179.8341,7070.6497
2410,104,2040,q1+q2+q4+q5,0.60609104,8147.6747,3251.0304
2410,104,2040,q1+q2+q4+q6,0.55553323,20677.8476,8383.6034
2410,104,2040,q1+q2+q5+q6,0.41411199,31611.2271,12632.4512
2410,104,2040,q1+q3+q4+q5,0.76771532,7242.3163,2853.6465
2410,104,2040,q1+q3+q4+q6,0.71715751,16884.765,6728.6446
2410,104,2040,q1+q3+q5+q6,0.57573627,23817.1424,9355.5928
2410,104,2040,q1+q4+q5+q6,0.47472109,30705.9873,10931.1724
2410,104,2040,q2+q3+q4+q5,0.8687305,6514.4828,2577.7281
2410,104,2040,q2+q3+q4+q6,0.81817269,14921.4573,5964.8857
2410,104,2040,q2+q3+q5+q6,0.67675144,20408.8008,8063.9744
2410,104,2040,q2+q4+q5+q6,0.57573627,25490.9642,9285.2431
2410,104,2040,q3+q4+q5+q6,0.73736055,20746.8072,7610.8727
2410,104,2040,q1+q2+q3+q4+q5,0.94954264,5977.0707,2441.3054
2410,104,2040,q1+q2+q3+q4+q6,0.89898483,13598.0964,5617.8647
2410,104,2040,q1+q2+q3+q5+q6,0.75756358,18253.0408,7506.7009
2410,104,2040,q1+q2+q4+q5+q6,0.65654841,22377.9786,8592.5363
2410,104,2040,q1+q3+q4+q5+q6,0.81817269,18717.3576,7158.4138
2410,104,2040,q2+q3+q4+q5+q6,0.91918786,16768.4149,6458.8729
2410,104,2040,q1+q2+q3+q4+q5+q6,1.0,15429.4771,6133.3183
2410,104,2040,all,1.0,15429.4771,6133.3183
2501,105,2041,q1,0.08422163,202.7718,118.4634
2501,105,2041,q2,0.21055408,606.3839,291.5937
2501,105,2041,q3,0.2526649,2269.1077,917.4746
2501,105,2041,q4,0.2526649,6931.1108,2444.4747
2501,105,2041,q5,0.12633245,32629.7684,9587.4375
2501,105,2041,q6,0.07356203,201133.7103,52293.0814
2501,105,2041,q1+q2,0.29477572,491.0662,248.7109
2501,105,2041,q1+q3,0.33688654,1752.5237,767.6984
2501,105,2041,q1+q4,0.33688654,5249.0261,2054.8272
2501,105,2041,q1+q5,0.21055408,19658.9698,7209.7872
2501,105,2041,q1+q6,0.15778366,93880.9575,34682.4063
2501,105,2041,q2+q3,0.46321899,1513.3242,659.6091
2501,105,2041,q2+q4,0.46321899,4056.235,1627.8053
2501,105,2041,q2+q5,0.33688654,12615.1531,4897.206
2501,105,2041,q2+q6,0.28411611,52525.9898,20704.1098
2501,105,2041,q3+q4,0.5053298,4600.1092,1733.0684
2501,105,2041,q3+q5,0.37899735,12389.3279,4451.3576
2501,105,2041,q3+q6,0.32622693,47111.7676,16929.4574
2501,105,2041,q4+q5,0.37899735,15497.33,5123.5209
2501,105,2041,q4+q6,0.32622693,50722.5197,16557.7988
2501,105,2041,q5+q6,0.19989448,94639.9431,26536.7469
2501,105,2041,q1+q2+q3,0.54744062,1311.7007,594.9714
2501,105,2041,q1+q2+q4,0.54744062,3463.3945,1460.2276
2501,105,2041,q1+q2+q5,0.42110817,10132.6769,4216.4523
2501,105,2041,q1+q2+q6,0.36833775,40562.1143,17273.1456
2501,105,2041,q1+q3+q4,0.58955144,3971.9182,1576.375
2501,105,2041,q1+q3+q5,0.46321899,10173.5905,3930.4012
2501,105,2041,q1+q3+q6,0.41044856,37486.3172,14625.7512
2501,105,2041,q1+q4+q5,0.46321899,12716.5013,4564.4229
2501,105,2041,q1+q4+q6,0.41044856,40356.1642,14485.3172
2501,105,2041,q1+q5+q6,0.28411611,66645.5684,22093.0862
2501,105,2041,q2+q3+q4,0.71588389,3425.4842,1378.3165
2501,105,2041,q2+q3+q5,0.58955144,8181.1337,3231.1701
2501,105,2041,q2+q3+q6,0.53678101,28869.8808,11515.8675
2501,105,2041,q2+q4+q5,0.58955144,10179.135,3788.0447
2501,105,2041,q2+q4+q6,0.53678101,31064.3037,11602.1604
2501,105,2041,q2+q5+q6,0.41044856,46402.1082,16550.5754
2501,105,2041,q3+q4+q5,0.63166225,10206.0411,3639.6469
2501,105,2041,q3+q4+q6,0.57889183,29574.395,10540.5171
2501,105,2041,q3+q5+q6,0.45255938,43069.1015,14569.7758
2501,105,2041,q4+q5+q6,0.45255938,45671.9082,14461.0064
2501,105,2041,q1+q2+q3+q4,0.80010552,3086.2513,1283.8855
2501,105,2041,q1+q2+q3+q5,0.67377307,7183.8384,2957.031
2501,105,2041,q1+q2+q3+q6,0.62100265,24981.9895,10413.0344
2501,105,2041,q1+q2+q4+q5,0.67377307,8932.0896,3481.9736
2501,105,2041,q1+q2+q4+q6,0.62100265,26878.8004,10555.2841
2501,105,2041,q1+q2+q5+q6,0.4946702,38536.2945,14721.2183
2501,105,2041,q1+q3+q4+q5,0.71588389,9029.1859,3374.6316
2501,105,2041,q1+q3+q4+q6,0.66311346,25843.9232,9690.9091
2501,105,2041,q1+q3+q5+q6,0.53678101,36343.319,13163.9871
2501,105,2041,q1+q4+q5+q6,0.53678101,38537.742,13146.9478
2501,105,2041,q2+q3+q4+q5,0.84221634,7806.1268,2976.0472
2501,105,2041,q2+q3+q4+q6,0.78944592,21848.3014,8364.3046
2501,105,2041,q2+q3+q5+q6,0.66311346,29586.1923,11048.9148
2501,105,2041,q2+q4+q5+q6,0.66311346,31362.5468,11138.224
2501,105,2041,q3+q4+q5+q6,0.70522428,30121.7284,10341.0312
2501,105,2041,q1+q2+q3+q4+q5,0.92643797,7114.9127,2800.9932
2501,105,2041,q1+q2+q3+q4+q6,0.87366755,19761.6703,7825.5082
2501,105,2041,q1+q2+q3+q5+q6,0.7473351,26274.8,10228.1347
2501,105,2041,q1+q2+q4+q5+q6,0.7473351,27850.9665,10348.3891
2501,105,2041,q1+q3+q4+q5+q6,0.78944592,26929.8398,9670.672
2501,105,2041,q2+q3+q4+q5+q6,0.91577837,23335.6145,8575.3333
2501,105,2041,q1+q2+q3+q4+q5+q6,1.0,21387.3287,8112.8726
2501,105,2041,all,1.0,21387.3287,8112.8726
2502,105,2042,q1,0.08421608,200.8578,124.0768
2502,105,2042,q2,0.2105402,622.1894,290.0854
2502,105,2042,q3,0.25264824,2207.8401,887.6688
2502,105,2042,q4,0.25264824,6380.2774,2370.2356
2502,105,2042,q5,0.12632412,29923.4936,9373.0421
2502,105,2042,q6,0.07362312,207865.7387,55591.5304
2502,105,2042,q1+q2,0.29475628,501.8089,251.5895
2502,105,2042,q1+q3,0.33686432,1706.0945,751.5403
2502,105,2042,q1+q4,0.33686432,4835.4225,1995.1577
2502,105,2042,q1+q5,0.2105402,18034.4392,7036.3718
2502,105,2042,q1+q6,0.1578392,97064.8609,37220.4099
2502,105,2042,q2+q3,0.46318844,1487.0898,637.7967
2502,105,2042,q2+q4,0.46318844,3762.9647,1540.1764
2502,105,2042,q2+q5,0.33686432,11610.1785,4575.0425
2502,105,2042,q2+q6,0.28416332,54316.3718,21234.625
2502,105,2042,q3+q4,0.50529648,4294.0587,1658.2365
2502,105,2042,q3+q5,0.37897236,11446.3912,4204.6383
2502,105,2042,q3+q6,0.32627136,48614.5385,17552.0751
2502,105,2042,q4+q5,0.37897236,14228.0161,4977.0518
2502,105,2042,q4+q6,0.32627136,51845.4654,17705.8022
2502,105,2042,q5+q6,0.19994724,95444.0958,28123.1445
2502,105,2042,q1+q2+q3,0.54740452,1289.2079,580.2159
2502,105,2042,q1+q2+q4,0.54740452,3214.9482,1387.9221
2502,105,2042,q1+q2+q5,0.4210804,9328.3143,3962.8514
2502,105,2042,q1+q2+q6,0.3683794,41944.8971,17900.4902
2502,105,2042,q1+q3+q4,0.58951256,3709.3157,1513.4753
2502,105,2042,q1+q3+q5,0.46318844,9401.7488,3728.3563
2502,105,2042,q1+q3+q6,0.41048744,38681.9316,15267.5222
2502,105,2042,q1+q4+q5,0.46318844,11677.6237,4434.6196
2502,105,2042,q1+q4+q6,0.41048744,41249.9978,15510.2239
2502,105,2042,q1+q5+q6,0.28416332,67217.3279,23439.0335
2502,105,2042,q2+q3+q4,0.71583668,3214.0972,1307.2111
2502,105,2042,q2+q3+q5,0.58951256,7580.6049,3012.8591
2502,105,2042,q2+q3+q6,0.53681156,29791.6973,11800.33
2502,105,2042,q2+q4+q5,0.58951256,9368.7923,3598.1664
2502,105,2042,q2+q4+q6,0.53681156,31755.4384,12116.0358
2502,105,2042,q2+q5+q6,0.41048744,46809.665,17001.8792
2502,105,2042,q3+q4+q5,0.6316206,9419.9457,3475.8306
2502,105,2042,q3+q4+q6,0.5789196,30182.9433,11032.8442
2502,105,2042,q3+q5+q6,0.45259548,43397.6729,15028.2875
2502,105,2042,q4+q5+q6,0.45259548,45726.8144,15232.4033
2502,105,2042,q1+q2+q3+q4,0.80005276,2896.9141,1222.1561
2502,105,2042,q1+q2+q3+q5,0.67372864,6658.1365,2769.6936
2502,105,2042,q1+q2+q3+q6,0.62102764,25778.954,10733.1277
2502,105,2042,q1+q2+q4+q5,0.67372864,8222.8005,3314.7769
2502,105,2042,q1+q2+q4+q6,0.62102764,27476.3969,11056.69
2502,105,2042,q1+q2+q5+q6,0.49470352,38875.1934,15185.0738
2502,105,2042,q1+q3+q4+q5,0.71583668,8335.3471,3228.579
2502,105,2042,q1+q3+q4+q6,0.66313568,26375.3158,10168.245
2502,105,2042,q1+q3+q5+q6,0.53681156,36620.8695,13620.4777
2502,105,2042,q1+q4+q5+q6,0.53681156,38584.6106,13854.6568
2502,105,2042,q2+q3+q4+q5,0.8421608,7220.5066,2810.8391
2502,105,2042,q2+q3+q4+q6,0.7894598,22299.4171,8649.3784
2502,105,2042,q2+q3+q5+q6,0.66313568,29816.8039,11243.6774
2502,105,2042,q2+q4+q5+q6,0.66313568,31406.4619,11504.9447
2502,105,2042,q3+q4+q5+q6,0.70524372,30136.4704,10695.9736
2502,105,2042,q1+q2+q3+q4+q5,0.92637688,6582.3567,2651.5614
2502,105,2042,q1+q2+q3+q4+q6,0.87367588,20169.2747,8114.1891
2502,105,2042,q1+q2+q3+q5+q6,0.74735176,26479.5014,10443.6587
2502,105,2042,q1+q2+q4+q5+q6,0.74735176,27890.0272,10707.8723
2502,105,2042,q1+q3+q4+q5+q6,0.7894598,26943.0716,10017.2141
2502,105,2042,q2+q3+q4+q5+q6,0.91578392,23351.0896,8769.0545
2502,105,2042,q1+q2+q3+q4+q5+q6,1.0,21401.4678,8311.3501
2502,105,2042,all,1.0,21401.4678,8311.3501
2503,105,2043,q1,0.08421557,203.1135,124.1659
2503,105,2043,q2,0.21053894,668.2123,307.1066
2503,105,2043,q3,0.25264672,2323.7787,882.3293
2503,105,2043,q4,0.25264672,6999.1625,2301.6808
2503,105,2043,q5,0.12632336,33355.9248,9045.6329
2503,105,2043,q6,0.07362868,214020.425,49984.9462
2503,105,2043,q1+q2,0.29475451,535.3269,264.8109
2503,105,2043,q1+q3,0.3368623,1793.6124,752.2845
2503,105,2043,q1+q4,0.3368623,5300.1502,1970.5909
2503,105,2043,q1+q5,0.21053894,20094.8003,7009.3908
2503,105,2043,q1+q6,0.15784425,99941.213,34822.3701
2503,105,2043,q2+q3,0.46318566,1571.2485,647.785
2503,105,2043,q2+q4,0.46318566,4121.4578,1556.6282
2503,105,2043,q2+q5,0.3368623,12926.1045,4712.8884
2503,105,2043,q2+q6,0.28416761,55948.4071,20558.1713
2503,105,2043,q3+q4,0.50529345,4661.4706,1642.9311
2503,105,2043,q3+q5,0.37897009,12667.8274,4243.8803
2503,105,2043,q3+q6,0.3262754,50096.1324,16667.6885
2503,105,2043,q4+q5,0.37897009,15784.7499,4847.2507
2503,105,2043,q4+q6,0.3262754,53716.4495,16175.2818
2503,105,2043,q5+q6,0.19995204,99882.3184,25569.4603
2503,105,2043,q1+q2+q3,0.54740124,1360.7662,590.592
2503,105,2043,q1+q2+q4,0.54740124,3518.6356,1411.9656
2503,105,2043,q1+q2+q5,0.42107787,10381.5063,4117.4626
2503,105,2043,q1+q2+q6,0.36838319,43204.5521,17468.5211
2503,105,2043,q1+q3+q4,0.58950902,4024.5624,1509.7858
2503,105,2043,q1+q3+q5,0.46318566,10401.5158,3796.6374
2503,105,2043,q1+q3+q6,0.41049098,39860.1723,14629.9147
2503,105,2043,q1+q4+q5,0.46318566,12951.7251,4372.9572
2503,105,2043,q1+q4+q6,0.41049098,42737.7517,14364.7099
2503,105,2043,q1+q5+q6,0.28416761,70341.5082,21754.4306
2503,105,2043,q2+q3+q4,0.71583239,3486.9828,1319.4559
2503,105,2043,q2+q3+q5,0.58950902,8382.2506,3109.1573
2503,105,2043,q2+q3+q6,0.53681434,30710.4696,11458.4697
2503,105,2043,q2+q4+q5,0.58950902,10385.9865,3618.1747
2503,105,2043,q2+q4+q6,0.53681434,32910.8959,11460.0159
2503,105,2043,q2+q5+q6,0.41049098,48995.8588,16230.4729
2503,105,2043,q3+q4+q5,0.63161681,10400.3614,3458.3318
2503,105,2043,q3+q4+q6,0.57892213,31288.2344,10356.9389
2503,105,2043,q3+q5+q6,0.45259876,45423.8278,14213.0863
2503,105,2043,q4+q5+q6,0.45259876,48033.6899,14031.7138
2503,105,2043,q1+q2+q3+q4,0.80004796,3141.3124,1238.3209
2503,105,2043,q1+q2+q3+q5,0.6737246,7359.8584,2871.056
2503,105,2043,q1+q2+q3+q6,0.62102991,26573.4796,10468.0304
2503,105,2043,q1+q2+q4+q5,0.6737246,9113.1273,3355.1396
2503,105,2043,q1+q2+q4+q6,0.62102991,28475.5142,10530.124
2503,105,2043,q1+q2+q5+q6,0.49470655,40689.7042,14619.042
2503,105,2043,q1+q3+q4+q5,0.71583239,9200.6852,3232.87
2503,105,2043,q1+q3+q4+q6,0.6631377,27340.5606,9609.7614
2503,105,2043,q1+q3+q5+q6,0.53681434,38329.5902,12987.9381
2503,105,2043,q1+q4+q5+q6,0.53681434,40530.0165,12896.0847
2503,105,2043,q2+q3+q4+q5,0.84215575,7967.3241,2846.0227
2503,105,2043,q2+q3+q4+q6,0.78946106,23122.2751,8270.9549
2503,105,2043,q2+q3+q5+q6,0.6631377,31214.4114,10868.3368
2503,105,2043,q2+q4+q5+q6,0.6631377,32995.671,10899.7677
2503,105,2043,q3+q4+q5+q6,0.70524549,31658.5985,10081.1357
2503,105,2043,q1+q2+q3+q4+q5,0.92637132,7261.4868,2695.7555
2503,105,2043,q1+q2+q3+q4+q6,0.87367664,20913.0477,7792.3098
2503,105,2043,q1+q2+q3+q5+q6,0.74735328,27719.9003,10143.6061
2503,105,2043,q1+q2+q4+q5+q6,0.74735328,29300.4385,10207.775
2503,105,2043,q1+q3+q4+q5+q6,0.78946106,28303.092,9498.0581
2503,105,2043,q2+q3+q4+q5+q6,0.91578443,24533.9054,8405.9651
2503,105,2043,q1+q2+q3+q4+q5+q6,1.0,22484.8738,8000.0315
2503,105,2043,all,1.0,22484.8738,8000.0315
2504,105,2044,q1,0.08421582,204.428,123.1261
2504,105,2044,q2,0.21053954,569.8674,301.546
2504,105,2044,q3,0.25264745,2120.6498,877.1426
2504,105,2044,q4,0.25264745,6301.362,2389.2096
2504,105,2044,q5,0.12632372,31865.4204,10190.2416
2504,105,2044,q6,0.07362603,192886.5562,55524.0958
2504,105,2044,q1+q2,0.29475535,465.4562,255.1498
2504,105,2044,q1+q3,0.33686326,1641.5943,736.69
2504,105,2044,q1+q4,0.33686326,4777.1285,1996.1697
2504,105,2044,q1+q5,0.21053954,19201.0234,7558.396
2504,105,2044,q1+q6,0.15784185,90081.8639,35942.4471
2504,105,2044,q2+q3,0.46318698,1415.7487,650.099
2504,105,2044,q2+q4,0.46318698,3696.1372,1608.6917
2504,105,2044,q2+q5,0.33686326,12305.6998,5228.0546
2504,105,2044,q2+q6,0.28416557,50398.2637,21909.8677
2504,105,2044,q3+q4,0.50529489,4211.0059,1666.0409
2504,105,2044,q3+q5,0.37897117,12035.5733,4534.6462
2504,105,2044,q3+q6,0.32627348,45168.3924,17005.9843
2504,105,2044,q4+q5,0.37897117,14822.7148,5292.6275
2504,105,2044,q4+q6,0.32627348,48405.6959,17127.5582
2504,105,2044,q5+q6,0.19994975,91157.0523,28007.1414
2504,105,2044,q1+q2+q3,0.5474028,1229.3917,585.944
2504,105,2044,q1+q2+q4,0.5474028,3158.9512,1436.1743
2504,105,2044,q1+q2+q5,0.42107908,9885.4454,4462.7775
2504,105,2044,q1+q2+q6,0.36838139,38923.4309,18070.6624
2504,105,2044,q1+q3+q4,0.58951071,3638.6376,1513.7897
2504,105,2044,q1+q3+q5,0.46318698,9884.456,3996.2351
2504,105,2044,q1+q3+q6,0.41048929,35943.6039,14660.3951
2504,105,2044,q1+q4+q5,0.46318698,12164.8445,4690.8683
2504,105,2044,q1+q4+q6,0.41048929,38516.7435,14888.5893
2504,105,2044,q1+q5+q6,0.28416557,64202.1703,23075.7101
2504,105,2044,q2+q3+q4,0.71583443,3140.0828,1341.9249
2504,105,2044,q2+q3+q5,0.58951071,7940.6783,3334.7849
2504,105,2044,q2+q3+q6,0.53681302,27676.7285,11749.7336
2504,105,2044,q2+q4+q5,0.58951071,9732.4122,3931.7423
2504,105,2044,q2+q4+q6,0.53681302,29644.3527,12055.7371
2504,105,2044,q2+q5+q6,0.41048929,44694.9779,17495.2473
2504,105,2044,q3+q4+q5,0.63161861,9741.8888,3679.7218
2504,105,2044,q3+q4+q6,0.57892092,28206.3937,10652.322
2504,105,2044,q3+q5+q6,0.4525972,41455.4199,14871.9216
2504,105,2044,q4+q5+q6,0.4525972,43789.1645,15046.9868
2504,105,2044,q1+q2+q3+q4,0.80005025,2831.0665,1248.0237
2504,105,2044,q1+q2+q3+q5,0.67372652,6973.6471,3043.8518
2504,105,2044,q1+q2+q3+q6,0.62102883,23951.2941,10592.0832
2504,105,2044,q1+q2+q4+q5,0.67372652,8541.4142,3598.7114
2504,105,2044,q1+q2+q4+q6,0.62102883,25652.0948,10912.8035
2504,105,2044,q1+q2+q5+q6,0.49470511,37121.1569,15451.4494
2504,105,2044,q1+q3+q4+q5,0.71583443,8619.8346,3405.2746
2504,105,2044,q1+q3+q4+q6,0.66313674,24650.2517,9772.1926
2504,105,2044,q1+q3+q5+q6,0.53681302,34983.919,13400.4002
2504,105,2044,q1+q4+q5+q6,0.53681302,36951.5432,13614.7376
2504,105,2044,q2+q3+q4+q5,0.84215815,7448.8835,3030.4107
2504,105,2044,q2+q3+q4+q6,0.78946046,20836.067,8519.3419
2504,105,2044,q2+q3+q5+q6,0.66313674,28474.6501,11378.517
2504,105,2044,q2+q4+q5+q6,0.66313674,30067.4533,11626.0553
2504,105,2044,q3+q4+q5+q6,0.70524465,28861.8001,10557.6457
2504,105,2044,q1+q2+q3+q4+q5,0.92637397,6790.2966,2846.46
2504,105,2044,q1+q2+q3+q4+q6,0.87367628,18847.3324,7952.3676
2504,105,2044,q1+q2+q3+q5+q6,0.74735255,25289.0053,10503.8633
2504,105,2044,q1+q2+q4+q5+q6,0.74735255,26702.3226,10758.921
2504,105,2044,q1+q3+q4+q5+q6,0.78946046,25804.7706,9852.0552
2504,105,2044,q2+q3+q4+q5+q6,0.91578418,22357.4615,8803.1285
2504,105,2044,q1+q2+q3+q4+q5+q6,1.0,20491.8257,8310.8955
2504,105,2044,all,1.0,20491.8257,8310.8955
2505,105,2045,q1,0.08422985,203.7889,111.4601
2505,105,2045,q2,0.21057461,593.7557,276.0841
2505,105,2045,q3,0.25268954,2364.0148,959.0223
2505,105,2045,q4,0.25268954,7245.876,2621.3954
2505,105,2045,q5,0.12634477,32655.4801,9806.2749
2505,105,2045,q6,0.0734717,201359.8115,52233.391
2505,105,2045,q1+q2,0.29480446,482.3367,234.3084
2505,105,2045,q1+q3,0.33691938,1823.9583,791.0104
2505,105,2045,q1+q4,0.33691938,5485.3542,2167.9643
2505,105,2045,q1+q5,0.21057461,19674.8036,7208.5274
2505,105,2045,q1+q6,0.15770154,93920.5275,33875.1093
2505,105,2045,q2+q3,0.46326415,1559.3516,671.5206
2505,105,2045,q2+q4,0.46326415,4222.185,1698.8853
2505,105,2045,q2+q5,0.33691938,12616.9024,4865.9077
2505,105,2045,q2+q6,0.28404631,52524.0998,20267.9361
2505,105,2045,q3+q4,0.50537907,4804.9454,1837.7521
2505,105,2045,q3+q5,0.37903431,12461.1699,4525.7876
2505,105,2045,q3+q6,0.32616123,47190.1842,16986.2853
2505,105,2045,q4+q5,0.37903431,15715.744,5322.3682
2505,105,2045,q4+q6,0.32616123,50972.3481,16935.1151
2505,105,2045,q5+q6,0.19981646,94687.3721,26876.3149
2505,105,2045,q1+q2+q3,0.547494,1350.8035,601.3843
2505,105,2045,q1+q2+q4,0.547494,3603.9702,1511.6026
2505,105,2045,q1+q2+q5,0.42114923,10134.2797,4153.3823
2505,105,2045,q1+q2+q6,0.36827616,40557.7218,16780.544
2505,105,2045,q1+q3+q4,0.58960892,4147.6373,1657.5561
2505,105,2045,q1+q3+q5,0.46326415,10232.5552,3958.1499
2505,105,2045,q1+q3+q6,0.41039108,37546.5613,14534.905
2505,105,2045,q1+q4+q5,0.46326415,12895.3885,4692.0751
2505,105,2045,q1+q4+q6,0.41039108,40552.463,14653.8115
2505,105,2045,q1+q5+q6,0.28404631,66669.6252,22072.1341
2505,105,2045,q2+q3+q4,0.71595369,3566.3602,1439.1374
2505,105,2045,q2+q3+q5,0.58960892,8222.8077,3239.7399
2505,105,2045,q2+q3+q6,0.53673585,28909.2645,11417.7837
2505,105,2045,q2+q4+q5,0.58960892,10315.0339,3868.6775
2505,105,2045,q2+q4+q6,0.53673585,31207.5929,11676.1438
2505,105,2045,q2+q5+q6,0.41039108,46407.2608,16463.0876
2505,105,2045,q3+q4+q5,0.63172384,10375.0523,3762.2476
2505,105,2045,q3+q4+q6,0.57885077,29753.0324,10733.337
2505,105,2045,q3+q5+q6,0.452506,43131.9312,14709.5593
2505,105,2045,q4+q5+q6,0.452506,45858.0724,14796.4381
2505,105,2045,q1+q2+q3+q4,0.80018354,3212.4053,1333.0992
2505,105,2045,q1+q2+q3+q5,0.67383877,7220.4303,2947.8499
2505,105,2045,q1+q2+q3+q6,0.62096569,25015.5586,10266.9506
2505,105,2045,q1+q2+q4+q5,0.67383877,9051.1283,3533.4541
2505,105,2045,q1+q2+q4+q6,0.62096569,27002.1341,10555.0181
2505,105,2045,q1+q2+q5+q6,0.49462093,38539.1923,14542.0385
2505,105,2045,q1+q3+q4+q5,0.71595369,9178.4331,3465.7271
2505,105,2045,q1+q3+q4+q6,0.66308062,25999.4493,9803.1628
2505,105,2045,q1+q3+q5+q6,0.53673585,36395.2267,13191.4248
2505,105,2045,q1+q4+q5+q6,0.53673585,38693.5551,13343.4276
2505,105,2045,q2+q3+q4+q5,0.84229846,7929.7282,3042.9739
2505,105,2045,q2+q3+q4+q6,0.78942539,21974.9655,8431.5787
2505,105,2045,q2+q3+q5+q6,0.66308062,29623.0762,11036.8151
2505,105,2045,q2+q4+q5+q6,0.66308062,31483.4763,11252.1054
2505,105,2045,q3+q4+q5+q6,0.70519554,30273.0429,10540.7513
2505,105,2045,q1+q2+q3+q4+q5,0.9265283,7227.3701,2850.7782
2505,105,2045,q1+q2+q3+q4+q6,0.87365523,19875.9878,7852.1791
2505,105,2045,q1+q2+q3+q5+q6,0.74731046,26307.2093,10166.7179
2505,105,2045,q1+q2+q4+q5+q6,0.74731046,27957.9225,10398.2362
2505,105,2045,q1+q3+q4+q5+q6,0.78942539,27064.7237,9803.7636
2505,105,2045,q2+q3+q4+q5+q6,0.91577015,23448.509,8664.9682
2505,105,2045,q1+q2+q3+q4+q5+q6,1.0,21490.6098,8164.5261
2505,105,2045,all,1.0,21490.6098,8164.5261
2506,105,2046,q1,0.0842167,203.4783,119.3704
2506,105,2046,q2,0.21054174,672.6957,295.7583
2506,105,2046,q3,0.25265009,2438.17,922.776
2506,105,2046,q4,0.25265009,7051.6071,2494.5389
2506,105,2046,q5,0.12632505,33021.8661,9610.822
2506,105,2046,q6,0.07361633,214897.1019,51126.6606
2506,105,2046,q1+q2,0.29475844,538.6336,255.0766
2506,105,2046,q1+q3,0.33686679,1879.4971,780.5842
2506,105,2046,q1+q4,0.33686679,5339.5749,2097.0246
2506,105,2046,q1+q5,0.21054174,19894.511,7251.8223
2506,105,2046,q1+q6,0.15783303,100340.677,34961.8322
2506,105,2046,q2+q3,0.46319183,1635.6817,660.8654
2506,105,2046,q2+q4,0.46319183,4152.1019,1611.9946
2506,105,2046,q2+q5,0.33686679,12803.6346,4724.5659
2506,105,2046,q2+q6,0.28415808,56171.4369,20248.1152
2506,105,2046,q3+q4,0.50530018,4744.8886,1735.1846
2506,105,2046,q3+q5,0.37897514,12632.7354,4345.9606
2506,105,2046,q3+q6,0.32626643,50375.8265,16823.1845
2506,105,2046,q4+q5,0.37897514,15708.3601,5184.5395
2506,105,2046,q4+q6,0.32626643,53948.3219,17195.335
2506,105,2046,q5+q6,0.19994138,99986.4346,26889.4538
2506,105,2046,q1+q2+q3,0.54740853,1415.3427,600.6053
2506,105,2046,q1+q2+q4,0.54740853,3544.6214,1451.6845
2506,105,2046,q1+q2+q5,0.42108348,10283.6033,4098.8013
2506,105,2046,q1+q2+q6,0.36837477,43376.216,17147.2117
2506,105,2046,q1+q3+q4,0.58951688,4096.1157,1583.111
2506,105,2046,q1+q3+q5,0.46319183,10372.8705,3858.6705
2506,105,2046,q1+q3+q6,0.41048312,40082.2256,14683.2078
2506,105,2046,q1+q4+q5,0.46319183,12889.2907,4621.6528
2506,105,2046,q1+q4+q6,0.41048312,42921.7706,15095.1
2506,105,2046,q1+q5+q6,0.28415808,70413.4902,22556.993
2506,105,2046,q2+q3+q4,0.71584192,3547.1848,1364.7165
2506,105,2046,q2+q3+q5,0.58951688,8361.2926,3118.7734
2506,105,2046,q2+q3+q6,0.53680817,30881.7421,11386.8356
2506,105,2046,q2+q4+q5,0.58951688,10338.48,3745.7281
2506,105,2046,q2+q4+q6,0.53680817,33053.0676,11809.1307
2506,105,2046,q2+q5+q6,0.41048312,49047.2205,16470.9172
2506,105,2046,q3+q4+q5,0.63162523,10400.2841,3617.7506
2506,105,2046,q3+q4+q6,0.57891652,31468.3197,10772.0991
2506,105,2046,q3+q5+q6,0.45259147,45532.0768,14604.6091
2506,105,2046,q4+q5+q6,0.45259147,48107.4353,14936.9337
2506,105,2046,q1+q2+q3+q4,0.80005862,3195.2157,1275.5148
2506,105,2046,q1+q2+q3+q5,0.67373357,7341.5658,2869.0201
2506,105,2046,q1+q2+q3+q6,0.62102486,26721.4867,10375.5213
2506,105,2046,q1+q2+q4+q5,0.67373357,9071.6048,3451.7236
2506,105,2046,q1+q2+q4+q6,0.62102486,28598.3605,10789.6427
2506,105,2046,q1+q2+q5+q6,0.49469982,40732.1606,14752.3716
2506,105,2046,q1+q3+q4+q5,0.71584192,9200.6599,3361.4349
2506,105,2046,q1+q3+q4+q6,0.66313321,27497.7424,9938.5952
2506,105,2046,q1+q3+q5+q6,0.53680817,38420.7378,13266.9889
2506,105,2046,q1+q4+q5+q6,0.53680817,40592.0634,13608.4818
2506,105,2046,q2+q3+q4+q5,0.84216697,7968.387,2924.4854
2506,105,2046,q2+q3+q4+q6,0.78945826,23255.3911,8460.2481
2506,105,2046,q2+q3+q5+q6,0.66313321,31289.4298,10978.9492
2506,105,2046,q2+q4+q5+q6,0.66313321,33047.1238,11316.418
2506,105,2046,q3+q4+q5+q6,0.70524156,31746.5958,10534.9274
2506,105,2046,q1+q2+q3+q4+q5,0.92638367,7262.4862,2759.3282
2506,105,2046,q1+q2+q3+q4+q6,0.87367495,21033.3336,7942.7103
2506,105,2046,q1+q2+q3+q5+q6,0.74734991,27786.4439,10212.2959
2506,105,2046,q1+q2+q4+q5+q6,0.74734991,29346.0685,10543.6649
2506,105,2046,q1+q3+q4+q5+q6,0.78945826,28381.6843,9875.8887
2506,105,2046,q2+q3+q4+q5+q6,0.9157833,24602.5989,8652.0217
2506,105,2046,q1+q2+q3+q4+q5+q6,1.0,22547.7855,8206.2189
2506,105,2046,all,1.0,22547.7855,8206.2189
2507,105,2047,q1,0.0842167,208.4659,115.2327
2507,105,2047,q2,0.21054174,561.0988,264.9963
2507,105,2047,q3,0.25265009,2262.6614,953.768
2507,105,2047,q4,0.25265009,7264.6992,2696.411
2507,105,2047,q5,0.12632505,30417.909,10021.6254
2507,105,2047,q6,0.07361633,191410.3009,56365.7646
2507,105,2047,q1+q2,0.29475844,460.3465,226.8501
2507,105,2047,q1+q3,0.33686679,1749.1126,783.819
2507,105,2047,q1+q4,0.33686679,5500.6409,2224.3419
2507,105,2047,q1+q5,0.21054174,18334.1318,7204.6297
2507,105,2047,q1+q6,0.15783303,89388.6466,35065.5322
2507,105,2047,q2+q3,0.46319183,1489.2239,659.9852
2507,105,2047,q2+q4,0.46319183,4217.6081,1734.2022
2507,105,2047,q2+q5,0.33686679,11757.4026,4776.3746
2507,105,2047,q2+q6,0.28415808,50004.0669,20421.5245
2507,105,2047,q3+q4,0.50530018,4763.6803,1880.4434
2507,105,2047,q3+q5,0.37897514,11647.744,4491.4722
2507,105,2047,q3+q6,0.32626643,44940.5309,17263.0465
2507,105,2047,q4+q5,0.37897514,14982.4358,5335.848
2507,105,2047,q4+q6,0.32626643,48813.946,17112.5342
2507,105,2047,q5+q6,0.19994138,89693.6317,28312.3056
2507,105,2047,q1+q2+q3,0.54740853,1292.1842,590.679
2507,105,2047,q1+q2+q4,0.54740853,3600.817,1541.3262
2507,105,2047,q1+q2+q5,0.42108348,9447.6153,4052.8971
2507,105,2047,q1+q2+q6,0.36837477,38619.9512,16773.8277
2507,105,2047,q1+q3+q4,0.58951688,4112.9354,1692.6917
2507,105,2047,q1+q3+q5,0.46319183,9567.8752,3904.1121
2507,105,2047,q1+q3+q6,0.41048312,35763.0848,14654.9668
2507,105,2047,q1+q4+q5,0.46319183,12296.2595,4682.0001
2507,105,2047,q1+q4+q6,0.41048312,38841.8113,14721.4573
2507,105,2047,q1+q5+q6,0.28415808,63172.6714,22845.1003
2507,105,2047,q2+q3+q4,0.71584192,3527.6269,1463.1665
2507,105,2047,q2+q3+q5,0.58951688,7688.2278,3172.5868
2507,105,2047,q2+q3+q6,0.53680817,27534.4564,11412.2728
2507,105,2047,q2+q4+q5,0.58951688,9831.9583,3838.6957
2507,105,2047,q2+q4+q6,0.53680817,29888.6778,11656.163
2507,105,2047,q2+q5+q6,0.41048312,43976.4809,16726.6271
2507,105,2047,q3+q4+q5,0.63162523,9894.5261,3756.9411
2507,105,2047,q3+q4+q6,0.57891652,28498.0871,10782.6263
2507,105,2047,q3+q5+q6,0.45259147,40887.0501,15010.7989
2507,105,2047,q4+q5+q6,0.45259147,43679.3371,15043.578
2507,105,2047,q1+q2+q3+q4,0.80005862,3178.2416,1353.8262
2507,105,2047,q1+q2+q3+q5,0.67373357,6753.2576,2877.9512
2507,105,2047,q1+q2+q3+q6,0.62102486,23828.8002,10223.2259
2507,105,2047,q1+q2+q4+q5,0.67373357,8629.0217,3497.4219
2507,105,2047,q1+q2+q4+q6,0.62102486,25863.7675,10506.0583
2507,105,2047,q1+q2+q5+q6,0.49469982,36525.5026,14671.6598
2507,105,2047,q1+q3+q4+q5,0.71584192,8754.9896,3451.3899
2507,105,2047,q1+q3+q4+q6,0.66313321,24905.3573,9816.6112
2507,105,2047,q1+q3+q5+q6,0.53680817,34505.2247,13372.3991
2507,105,2047,q1+q4+q5+q6,0.53680817,36859.4461,13492.6279
2507,105,2047,q2+q3+q4+q5,0.84216697,7561.1692,3018.919
2507,105,2047,q2+q3+q4+q6,0.78945826,21047.5321,8409.6085
2507,105,2047,q2+q3+q5+q6,0.66313321,28083.7462,11094.6189
2507,105,2047,q2+q4+q5+q6,0.66313321,29989.4949,11300.0515
2507,105,2047,q3+q4+q5+q6,0.70524156,28841.9715,10630.1361
2507,105,2047,q1+q2+q3+q4+q5,0.92638367,6892.7417,2823.3125
2507,105,2047,q1+q2+q3+q4+q6,0.87367495,19038.7789,7815.8263
2507,105,2047,q1+q2+q3+q5+q6,0.74734991,24942.5616,10181.0078
2507,105,2047,q1+q2+q4+q5+q6,0.74734991,26633.557,10408.9253
2507,105,2047,q1+q3+q4+q5+q6,0.78945826,25787.4474,9854.6625
2507,105,2047,q2+q3+q4+q5+q6,0.9157833,22340.1013,8671.5903
2507,105,2047,q1+q2+q3+q4+q5+q6,1.0,20476.248,8152.563
2507,105,2047,all,1.0,20476.248,8152.563
2508,105,2048,q1,0.0842167,203.4765,120.623
2508,105,2048,q2,0.21054174,594.8628,299.064
2508,105,2048,q3,0.25265009,2202.2862,889.6674
2508,105,2048,q4,0.25265009,6577.8206,2400.1318
2508,105,2048,q5,0.12632505,33134.5257,9931.8414
2508,105,2048,q6,0.07361633,195594.9693,54547.6135
2508,105,2048,q1+q2,0.29475844,483.0381,253.8647
2508,105,2048,q1+q3,0.33686679,1702.5838,747.3133
2508,105,2048,q1+q4,0.33686679,4984.2346,2012.0632
2508,105,2048,q1+q5,0.21054174,19962.106,7458.3796
2508,105,2048,q1+q6,0.15783303,91337.7935,35504.6799
2508,105,2048,q2+q3,0.46319183,1471.6392,652.8003
2508,105,2048,q2+q4,0.46319183,3858.2943,1608.2893
2508,105,2048,q2+q5,0.33686679,12797.2363,5130.6997
2508,105,2048,q2+q6,0.28415808,51113.1984,21272.953
2508,105,2048,q3+q4,0.50530018,4390.0534,1683.2988
2508,105,2048,q3+q5,0.37897514,12513.0327,4529.8781
2508,105,2048,q3+q6,0.32626643,45837.9758,16815.4886
2508,105,2048,q4+q5,0.37897514,15430.0556,5249.8612
2508,105,2048,q4+q6,0.32626643,49226.2471,16793.2977
2508,105,2048,q5+q6,0.19994138,92950.7697,27114.51
2508,105,2048,q1+q2+q3,0.54740853,1276.5372,589.068
2508,105,2048,q1+q2+q4,0.54740853,3296.0146,1439.6551
2508,105,2048,q1+q2+q5,0.42108348,10278.4844,4406.1206
2508,105,2048,q1+q2+q6,0.36837477,39474.3759,17629.7626
2508,105,2048,q1+q3+q4,0.58951688,3791.971,1531.2331
2508,105,2048,q1+q3+q5,0.46319183,10274.9316,4003.0181
2508,105,2048,q1+q3+q6,0.41048312,36475.3819,14516.0648
2508,105,2048,q1+q4+q5,0.46319183,12661.5867,4669.6686
2508,105,2048,q1+q4+q6,0.41048312,39168.4991,14637.0055
2508,105,2048,q1+q5+q6,0.28415808,65463.0039,22480.1387
2508,105,2048,q2+q3+q4,0.71584192,3273.8208,1349.4898
2508,105,2048,q2+q3+q5,0.58951688,8256.5434,3320.9866
2508,105,2048,q2+q3+q6,0.53680817,28093.1567,11528.0693
2508,105,2048,q2+q4+q5,0.58951688,10131.7724,3897.0892
2508,105,2048,q2+q4+q6,0.53680817,30152.5128,11770.2606
2508,105,2048,q2+q5+q6,0.41048312,45580.3116,16944.345
2508,105,2048,q3+q4+q5,0.63162523,10138.9478,3682.0123
2508,105,2048,q3+q4+q6,0.57891652,28704.1033,10505.3183
2508,105,2048,q3+q5+q6,0.45259147,42292.253,14602.3234
2508,105,2048,q4+q5+q6,0.45259147,44734.8071,14694.5463
2508,105,2048,q1+q2+q3+q4,0.80005862,2950.6267,1256.5641
2508,105,2048,q1+q2+q3+q5,0.67373357,7249.9101,3038.189
2508,105,2048,q1+q2+q3+q6,0.62102486,24311.0589,10410.6045
2508,105,2048,q1+q2+q4+q5,0.67373357,8890.7355,3576.7361
2508,105,2048,q1+q2+q4+q6,0.62102486,26091.1473,10679.468
2508,105,2048,q1+q2+q5+q6,0.49469982,37855.4509,15026.5839
2508,105,2048,q1+q3+q4+q5,0.71584192,8970.0689,3413.0844
2508,105,2048,q1+q3+q4+q6,0.66313321,25084.5762,9649.5149
2508,105,2048,q1+q3+q5+q6,0.53680817,35689.1908,13186.3041
2508,105,2048,q1+q4+q5+q6,0.53680817,37748.5468,13332.3316
2508,105,2048,q2+q3+q4+q5,0.84216697,7752.9266,3025.5291
2508,105,2048,q2+q3+q4+q6,0.78945826,21207.6101,8368.8281
2508,105,2048,q2+q3+q5+q6,0.66313321,29053.5235,11139.1255
2508,105,2048,q2+q4+q5+q6,0.66313321,30720.578,11339.0098
2508,105,2048,q3+q4+q5+q6,0.70524156,29497.6942,10384.6695
2508,105,2048,q1+q2+q3+q4+q5,0.92638367,7066.6129,2846.1118
2508,105,2048,q1+q2+q3+q4+q6,0.87367495,19182.9455,7821.9487
2508,105,2048,q1+q2+q3+q5+q6,0.74734991,25802.4953,10302.8015
2508,105,2048,q1+q2+q4+q5+q6,0.74734991,27281.6942,10516.9433
2508,105,2048,q1+q3+q4+q5+q6,0.78945826,26372.6877,9704.9778
2508,105,2048,q2+q3+q4+q5+q6,0.9157833,22852.8335,8640.8001
2508,105,2048,q1+q2+q3+q4+q5+q6,1.0,20945.3795,8168.7395
2508,105,2048,all,1.0,20945.3795,8168.7395
2509,105,2049,q1,0.0842167,203.4423,123.9105
2509,105,2049,q2,0.21054174,616.6433,297.5308
2509,105,2049,q3,0.25265009,2299.7393,873.3954
2509,105,2049,q4,0.25265009,7011.8689,2266.5319
2509,105,2049,q5,0.12632505,32757.369,9050.8763
2509,105,2049,q6,0.07361633,216062.1479,51742.1102
2509,105,2049,q1+q2,0.29475844,498.5859,255.7529
2509,105,2049,q1+q3,0.33686679,1775.665,744.4235
2509,105,2049,q1+q4,0.33686679,5309.7622,1944.4665
2509,105,2049,q1+q5,0.21054174,19735.7983,6978.0005
2509,105,2049,q1+q6,0.15783303,100884.0574,35727.5004
2509,105,2049,q2+q3,0.46319183,1534.6957,645.2912
2509,105,2049,q2+q4,0.46319183,4104.9482,1561.1074
2509,105,2049,q2+q5,0.33686679,12669.4154,4776.3094
2509,105,2049,q2+q6,0.28415808,56431.7323,21560.1231
2509,105,2049,q3+q4,0.50530018,4655.8041,1625.9826
2509,105,2049,q3+q5,0.37897514,12452.2825,4204.2706
2509,105,2049,q3+q6,0.32626643,50531.5026,16950.2029
2509,105,2049,q4+q5,0.37897514,15593.7023,4770.3894
2509,105,2049,q4+q6,0.32626643,54180.4222,16232.3196
2509,105,2049,q5+q6,0.19994138,100248.2803,26214.549
2509,105,2049,q1+q2+q3,0.54740853,1329.8874,587.1469
2509,105,2049,q1+q2+q4,0.54740853,3504.7165,1414.5825
2509,105,2049,q1+q2+q5,0.42108348,10176.2208,4152.8605
2509,105,2049,q1+q2+q6,0.36837477,43576.9952,18199.6838
2509,105,2049,q1+q3+q4,0.58951688,4019.7524,1494.9572
2509,105,2049,q1+q3+q5,0.46319183,10225.2207,3756.7542
2509,105,2049,q1+q3+q6,0.41048312,40205.955,14855.9273
2509,105,2049,q1+q4+q5,0.46319183,12795.4732,4303.8433
2509,105,2049,q1+q4+q6,0.41048312,43106.2447,14417.4816
2509,105,2049,q1+q5+q6,0.28415808,70597.7214,22218.8956
2509,105,2049,q2+q3+q4,0.71584192,3467.8156,1318.1711
2509,105,2049,q2+q3+q5,0.58951688,8225.2685,3110.6631
2509,105,2049,q2+q3+q6,0.53680817,30954.376,11793.0562
2509,105,2049,q2+q4+q5,0.58951688,10244.7526,3605.2798
2509,105,2049,q2+q4+q6,0.53680817,33172.1515,11673.9333
2509,105,2049,q2+q5+q6,0.41048312,49146.0125,16797.8943
2509,105,2049,q3+q4+q5,0.63162523,10276.1171,3408.8364
2509,105,2049,q3+q4+q6,0.57891652,31538.7133,10407.9128
2509,105,2049,q3+q5+q6,0.45259147,45570.4762,14424.3689
2509,105,2049,q4+q5+q6,0.45259147,48200.9278,14108.8356
2509,105,2049,q1+q2+q3+q4,0.80005862,3124.1974,1236.4831
2509,105,2049,q1+q2+q3+q5,0.67373357,7222.5402,2867.3151
2509,105,2049,q1+q2+q3+q6,0.62102486,26784.2659,10750.2574
2509,105,2049,q1+q2+q4+q5,0.67373357,8989.5888,3339.8326
2509,105,2049,q1+q2+q4+q6,0.62102486,28701.2906,10713.9709
2509,105,2049,q1+q2+q5+q6,0.49469982,40814.1283,15076.3627
2509,105,2049,q1+q3+q4+q5,0.71584192,9091.0965,3186.4393
2509,105,2049,q1+q3+q4+q6,0.66313321,27559.1916,9656.5524
2509,105,2049,q1+q3+q5+q6,0.53680817,38453.1073,13163.4148
2509,105,2049,q1+q4+q5+q6,0.53680817,40670.8828,12960.8845
2509,105,2049,q2+q3+q4+q5,0.84216697,7861.2486,2828.7553
2509,105,2049,q2+q3+q4+q6,0.78945826,23292.0626,8394.0033
2509,105,2049,q2+q3+q5+q6,0.66313321,31297.8412,11121.2526
2509,105,2049,q2+q4+q5+q6,0.66313321,33093.1365,11069.0294
2509,105,2049,q3+q4+q5+q6,0.70524156,31757.0027,10127.3577
2509,105,2049,q1+q2+q3+q4+q5,0.92638367,7165.0844,2677.8687
2509,105,2049,q1+q2+q3+q4+q6,0.87367495,21066.4668,7902.9919
2509,105,2049,q1+q2+q3+q5+q6,0.74734991,27793.9034,10362.6467
2509,105,2049,q1+q2+q4+q5+q6,0.74734991,29386.8922,10355.4487
2509,105,2049,q1+q3+q4+q5+q6,0.78945826,28390.9772,9538.7028
2509,105,2049,q2+q3+q4+q5+q6,0.9157833,24597.7266,8507.426
2509,105,2049,q1+q2+q3+q4+q5+q6,1.0,22543.3205,8091.361
2509,105,2049,all,1.0,22543.3205,8091.361
2510,105,2050,q1,0.0842167,199.8907,124.9292
2510,105,2050,q2,0.21054174,634.923,306.7308
2510,105,2050,q3,0.25265009,2146.5931,914.931
2510,105,2050,q4,0.25265009,6606.4252,2377.6733
2510,105,2050,q5,0.12632505,31727.854,9435.3298
2510,105,2050,q6,0.07361633,193311.5976,51092.7127
2510,105,2050,q1+q2,0.29475844,510.628,263.7949
2510,105,2050,q1+q3,0.33686679,1659.9175,768.6072
2510,105,2050,q1+q4,0.33686679,5004.7916,2014.891
2510,105,2050,q1+q5,0.21054174,19116.6687,7193.1754
2510,105,2050,q1+q6,0.15783303,90270.872,34474.7375
2510,105,2050,q2+q3,0.46319183,1459.4703,657.2327
2510,105,2050,q2+q4,0.46319183,3892.106,1584.441
2510,105,2050,q2+q5,0.33686679,12294.7721,4812.5535
2510,105,2050,q2+q6,0.28415808,50551.3311,20108.7159
2510,105,2050,q3+q4,0.50530018,4376.5092,1708.0041
2510,105,2050,q3+q5,0.37897514,12007.0134,4471.8714
2510,105,2050,q3+q6,0.32626643,45279.6459,16955.5141
2510,105,2050,q4+q5,0.37897514,14980.2348,5038.3563
2510,105,2050,q4+q6,0.32626643,48733.1945,16215.8018
2510,105,2050,q5+q6,0.19994138,91221.3062,25932.6129
2510,105,2050,q1+q2+q3,0.54740853,1265.6888,595.5754
2510,105,2050,q1+q2+q4,0.54740853,3324.0729,1429.8954
2510,105,2050,q1+q2+q5,0.42108348,9875.7958,4177.9498
2510,105,2050,q1+q2+q6,0.36837477,39040.1412,16937.3342
2510,105,2050,q1+q3+q4,0.58951688,3779.8494,1558.7789
2510,105,2050,q1+q3+q5,0.46319183,9860.2638,3963.5424
2510,105,2050,q1+q3+q6,0.41048312,36030.8659,14701.2248
2510,105,2050,q1+q4+q5,0.46319183,12292.8995,4513.5333
2510,105,2050,q1+q4+q6,0.41048312,38775.8679,14271.6748
2510,105,2050,q1+q5+q6,0.28415808,64245.0434,21783.1089
2510,105,2050,q2+q3+q4,0.71584192,3276.0426,1355.1176
2510,105,2050,q2+q3+q5,0.58951688,7945.5525,3222.8886
2510,105,2050,q2+q3+q6,0.53680817,27769.5216,11404.4935
2510,105,2050,q2+q4+q5,0.58951688,9856.9091,3718.6876
2510,105,2050,q2+q4+q6,0.53680817,29868.5526,11320.5038
2510,105,2050,q2+q5+q6,0.41048312,44758.4581,16128.5572
2510,105,2050,q3+q4+q5,0.63162523,9846.7781,3616.9273
2510,105,2050,q3+q4+q6,0.57891652,28401.9227,10450.9418
2510,105,2050,q3+q5+q6,0.45259147,41497.1382,14490.7861
2510,105,2050,q4+q5+q6,0.45259147,43986.7498,14166.2469
2510,105,2050,q1+q2+q3+q4,0.80005862,2952.2372,1266.2497
2510,105,2050,q1+q2+q3+q5,0.67373357,6977.3448,2960.031
2510,105,2050,q1+q2+q3+q6,0.62102486,24030.8255,10350.3569
2510,105,2050,q1+q2+q4+q5,0.67373357,8649.7818,3433.3855
2510,105,2050,q1+q2+q4+q6,0.62102486,25845.2085,10347.8989
2510,105,2050,q1+q2+q5+q6,0.49469982,37172.8977,14435.7184
2510,105,2050,q1+q3+q4+q5,0.71584192,8711.8502,3363.168
2510,105,2050,q1+q3+q4+q6,0.66313321,24820.3166,9636.3085
2510,105,2050,q1+q3+q5+q6,0.53680817,35018.2543,13137.873
2510,105,2050,q1+q4+q5+q6,0.53680817,37117.2853,12937.6875
2510,105,2050,q2+q3+q4+q5,0.84216697,7543.8143,2947.6045
2510,105,2050,q2+q3+q4+q6,0.78945826,20996.7022,8250.459
2510,105,2050,q2+q3+q5+q6,0.66313321,28523.573,10921.5094
2510,105,2050,q2+q4+q5+q6,0.66313321,30222.7443,10885.5528
2510,105,2050,q3+q4+q5+q6,0.70524156,28997.6738,10235.0239
2510,105,2050,q1+q2+q3+q4+q5,0.92638367,6876.1849,2781.5191
2510,105,2050,q1+q2+q3+q4+q6,0.87367495,18992.0221,7739.7379
2510,105,2050,q1+q2+q3+q5+q6,0.74734991,25331.8592,10142.1261
2510,105,2050,q1+q2+q4+q5+q6,0.74734991,26839.5559,10151.7081
2510,105,2050,q1+q3+q4+q5+q6,0.78945826,25925.6251,9596.2801
2510,105,2050,q2+q3+q4+q5+q6,0.9157833,22476.9795,8457.2554
2510,105,2050,q1+q2+q3+q4+q5+q6,1.0,20600.8766,8020.1463
2510,105,2050,all,1.0,20600.8766,8020.1463
2511,105,2141,q1,0.07845065,202.7718,118.4634
2511,105,2141,q2,0.19612661,606.3839,291.5937
2511,105,2141,q3,0.23535194,2269.1077,917.4746
2511,105,2141,q4,0.23535194,6931.1108,2444.4747
2511,105,2141,q5,0.11767597,32629.7684,9587.4375
2511,105,2141,q6,0.1370429,201133.7103,52293.0814
2511,105,2141,q1+q2,0.27457726,491.0662,248.7109
2511,105,2141,q1+q3,0.31380258,1752.5237,767.6984
2511,105,2141,q1+q4,0.31380258,5249.0261,2054.8272
2511,105,2141,q1+q5,0.19612661,19658.9698,7209.7872
2511,105,2141,q1+q6,0.21549355,127984.5967,41699.9814
2511,105,2141,q2+q3,0.43147855,1513.3242,659.6091
2511,105,2141,q2+q4,0.43147855,4056.235,1627.8053
2511,105,2141,q2+q5,0.31380258,12615.1531,4897.206
2511,105,2141,q2+q6,0.33316951,83089.4599,29608.6083
2511,105,2141,q3+q4,0.47070387,4600.1092,1733.0684
2511,105,2141,q3+q5,0.3530279,12389.3279,4451.3576
2511,105,2141,q3+q6,0.37239484,75452.1359,25332.2174
2511,105,2141,q4+q5,0.3530279,15497.33,5123.5209
2511,105,2141,q4+q6,0.37239484,78398.5019,24442.8583
2511,105,2141,q5+q6,0.25471887,123287.6337,33854.6989
2511,105,2141,q1+q2+q3,0.5099292,1311.7007,594.9714
2511,105,2141,q1+q2+q4,0.5099292,3463.3945,1460.2276
2511,105,2141,q1+q2+q5,0.39225323,10132.6769,4216.4523
2511,105,2141,q1+q2+q6,0.41162016,67292.0942,25905.0397
2511,105,2141,q1+q3+q4,0.54915452,3971.9182,1576.375
2511,105,2141,q1+q3+q5,0.43147855,10173.5905,3930.4012
2511,105,2141,q1+q3+q6,0.45084548,62358.1571,22609.3612
2511,105,2141,q1+q4+q5,0.43147855,12716.5013,4564.4229
2511,105,2141,q1+q4+q6,0.45084548,64791.8323,21984.5744
2511,105,2141,q1+q5+q6,0.33316951,94305.1294,29588.5189
2511,105,2141,q2+q3+q4,0.66683049,3425.4842,1378.3165
2511,105,2141,q2+q3+q5,0.54915452,8181.1337,3231.1701
2511,105,2141,q2+q3+q6,0.56852145,49632.1007,18600.0391
2511,105,2141,q2+q4+q5,0.54915452,10179.135,3788.0447
2511,105,2141,q2+q4+q6,0.56852145,51562.0392,18295.2371
2511,105,2141,q2+q5+q6,0.45084548,69918.8876,23604.3595
2511,105,2141,q3+q4+q5,0.58837984,10206.0411,3639.6469
2511,105,2141,q3+q4+q6,0.60774677,48917.1436,16734.711
2511,105,2141,q3+q5+q6,0.4900708,65169.6145,21155.3391
2511,105,2141,q4+q5+q6,0.4900708,67408.498,20712.5533
2511,105,2141,q1+q2+q3+q4,0.74528113,3086.2513,1283.8855
2511,105,2141,q1+q2+q3+q5,0.62760516,7183.8384,2957.031
2511,105,2141,q1+q2+q3+q6,0.6469721,43638.3912,17097.1455
2511,105,2141,q1+q2+q4+q5,0.62760516,8932.0896,3481.9736
2511,105,2141,q1+q2+q4+q6,0.6469721,45334.309,16889.6887
2511,105,2141,q1+q2+q5+q6,0.52929613,59585.7791,21458.5728
2511,105,2141,q1+q3+q4+q5,0.66683049,9029.1859,3374.6316
2511,105,2141,q1+q3+q4+q6,0.68619742,43347.7931,15566.9841
2511,105,2141,q1+q3+q5+q6,0.56852145,56204.7975,19436.9954
2511,105,2141,q1+q4+q5+q6,0.56852145,58134.7361,19113.3056
2511,105,2141,q2+q3+q4+q5,0.78450645,7806.1268,2976.0472
2511,105,2141,q2+q3+q4+q6,0.80387339,37130.4296,13664.5105
2511,105,2141,q2+q3+q5+q6,0.68619742,46716.3714,16717.6615
2511,105,2141,q2+q4+q5+q6,0.68619742,48315.3449,16553.9328
2511,105,2141,q3+q4+q5+q6,0.72542274,46275.053,15419.8449
2511,105,2141,q1+q2+q3+q4+q5,0.8629571,7114.9127,2800.9932
2511,105,2141,q1+q2+q3+q4+q6,0.88232403,33847.057,12879.9991
2511,105,2141,q1+q2+q3+q5+q6,0.76464806,41944.2127,15631.3138
2511,105,2141,q1+q2+q4+q5+q6,0.76464806,43379.1362,15521.207
2511,105,2141,q1+q3+q4+q5+q6,0.80387339,41778.8223,14530.853
2511,105,2141,q2+q3+q4+q5+q6,0.92154935,36555.7239,13032.8092
2511,105,2141,q1+q2+q3+q4+q5+q6,1.0,33703.8114,12395.0433
2511,105,2141,all,1.0,33703.8114,12395.0433
2512,105,2142,q1,0.07844101,200.8578,124.0768
2512,105,2142,q2,0.19610252,622.1894,290.0854
2512,105,2142,q3,0.23532302,2207.8401,887.6688
2512,105,2142,q4,0.23532302,6380.2774,2370.2356
2512,105,2142,q5,0.11766151,29923.4936,9373.0421
2512,105,2142,q6,0.13714891,207865.7387,55591.5304
2512,105,2142,q1+q2,0.27454353,501.8089,251.5895
2512,105,2142,q1+q3,0.31376403,1706.0945,751.5403
2512,105,2142,q1+q4,0.31376403,4835.4225,1995.1577
2512,105,2142,q1+q5,0.19610252,18034.4392,7036.3718
2512,105,2142,q1+q6,0.21558992,132308.2061,44582.9134
2512,105,2142,q2+q3,0.43142554,1487.0898,637.7967
2512,105,2142,q2+q4,0.43142554,3762.9647,1540.1764
2512,105,2142,q2+q5,0.31376403,11610.1785,4575.0425
2512,105,2142,q2+q6,0.33325143,85912.8284,30672.3621
2512,105,2142,q3+q4,0.47064605,4294.0587,1658.2365
2512,105,2142,q3+q5,0.35298454,11446.3912,4204.6383
2512,105,2142,q3+q6,0.37247194,77933.6992,26434.2431
2512,105,2142,q4+q5,0.35298454,14228.0161,4977.0518
2512,105,2142,q4+q6,0.37247194,80569.7919,26180.5063
2512,105,2142,q5+q6,0.25481043,125698.9533,36050.5914
2512,105,2142,q1+q2+q3,0.50986655,1289.2079,580.2159
2512,105,2142,q1+q2+q4,0.50986655,3214.9482,1387.9221
2512,105,2142,q1+q2+q5,0.39220504,9328.3143,3962.8514
2512,105,2142,q1+q2+q6,0.41169244,69581.867,27014.2864
2512,105,2142,q1+q3+q4,0.54908705,3709.3157,1513.4753
2512,105,2142,q1+q3+q5,0.43142554,9401.7488,3728.3563
2512,105,2142,q1+q3+q6,0.45091295,64411.261,23707.2074
2512,105,2142,q1+q4+q5,0.43142554,11677.6237,4434.6196
2512,105,2142,q1+q4+q6,0.45091295,66588.7779,23581.8957
2512,105,2142,q1+q5+q6,0.33325143,96159.1041,31557.9409
2512,105,2142,q2+q3+q4,0.66674857,3214.0972,1307.2111
2512,105,2142,q2+q3+q5,0.54908705,7580.6049,3012.8591
2512,105,2142,q2+q3+q6,0.56857446,51268.7977,19193.6804
2512,105,2142,q2+q4+q5,0.54908705,9368.7923,3598.1664
2512,105,2142,q2+q4+q6,0.56857446,52995.6965,19230.542
2512,105,2142,q2+q5+q6,0.45091295,71302.9356,24560.5515
2512,105,2142,q3+q4+q5,0.58830756,9419.9457,3475.8306
2512,105,2142,q3+q4+q6,0.60779496,50230.002,17631.0759
2512,105,2142,q3+q5+q6,0.49013345,66408.3618,22085.6495
2512,105,2142,q4+q5+q6,0.49013345,68411.6336,22032.1108
2512,105,2142,q1+q2+q3+q4,0.74518957,2896.9141,1222.1561
2512,105,2142,q1+q2+q3+q5,0.62752806,6658.1365,2769.6936
2512,105,2142,q1+q2+q3+q6,0.64701546,45077.5691,17722.2907
2512,105,2142,q1+q2+q4+q5,0.62752806,8222.8005,3314.7769
2512,105,2142,q1+q2+q4+q6,0.64701546,46595.1071,17798.2121
2512,105,2142,q1+q2+q5+q6,0.52935395,60766.8499,22399.7713
2512,105,2142,q1+q3+q4+q5,0.66674857,8335.3471,3228.579
2512,105,2142,q1+q3+q4+q6,0.68623597,44511.3619,16434.9496
2512,105,2142,q1+q3+q5+q6,0.56857446,57274.3191,20343.5084
2512,105,2142,q1+q4+q5+q6,0.56857446,59001.2179,20344.9623
2512,105,2142,q2+q3+q4+q5,0.78441008,7220.5066,2810.8391
2512,105,2142,q2+q3+q4+q6,0.80389748,38128.6865,14242.057
2512,105,2142,q2+q3+q5+q6,0.68623597,47608.9477,17246.3445
2512,105,2142,q2+q4+q5+q6,0.68623597,49039.7537,17324.3442
2512,105,2142,q3+q4+q5+q6,0.72545647,46936.497,16158.9843
2512,105,2142,q1+q2+q3+q4+q5,0.86285109,6582.3567,2651.5614
2512,105,2142,q1+q2+q3+q4+q6,0.88233849,34756.8545,13455.4866
2512,105,2142,q1+q2+q3+q5+q6,0.76467698,42745.7983,16170.7204
2512,105,2142,q1+q2+q4+q5+q6,0.76467698,44029.8314,16268.9584
2512,105,2142,q1+q3+q4+q5+q6,0.80389748,42376.2257,15247.6301
2512,105,2142,q2+q3+q4+q5+q6,0.92155899,37081.0754,13518.5197
2512,105,2142,q1+q2+q3+q4+q5+q6,1.0,34188.154,12877.8507
2512,105,2142,all,1.0,34188.154,12877.8507
2513,105,2143,q1,0.07844013,203.1135,124.1659
2513,105,2143,q2,0.19610033,668.2123,307.1066
2513,105,2143,q3,0.2353204,2323.7787,882.3293
2513,105,2143,q4,0.2353204,6999.1625,2301.6808
2513,105,2143,q5,0.1176602,33355.9248,9045.6329
2513,105,2143,q6,0.13715855,214020.425,49984.9462
2513,105,2143,q1+q2,0.27454046,535.3269,264.8109
2513,105,2143,q1+q3,0.31376053,1793.6124,752.2845
2513,105,2143,q1+q4,0.31376053,5300.1502,1970.5909
2513,105,2143,q1+q5,0.19610033,20094.8003,7009.3908
2513,105,2143,q1+q6,0.21559868,136228.3999,41044.2301
2513,105,2143,q2+q3,0.43142072,1571.2485,647.785
2513,105,2143,q2+q4,0.43142072,4121.4578,1556.6282
2513,105,2143,q2+q5,0.31376053,12926.1045,4712.8884
2513,105,2143,q2+q6,0.33325888,88477.0659,29080.0197
2513,105,2143,q3+q4,0.47064079,4661.4706,1642.9311
2513,105,2143,q3+q5,0.35298059,12667.8274,4243.8803
2513,105,2143,q3+q6,0.37247895,80277.1918,24772.8093
2513,105,2143,q4+q5,0.35298059,15784.7499,4847.2507
2513,105,2143,q4+q6,0.37247895,83230.9511,23795.257
2513,105,2143,q5+q6,0.25481875,130600.2647,32590.2613
2513,105,2143,q1+q2+q3,0.50986086,1360.7662,590.592
2513,105,2143,q1+q2+q4,0.50986086,3518.6356,1411.9656
2513,105,2143,q1+q2+q5,0.39220066,10381.5063,4117.4626
2513,105,2143,q1+q2+q6,0.41169901,71658.4187,25827.3228
2513,105,2143,q1+q3+q4,0.54908092,4024.5624,1509.7858
2513,105,2143,q1+q3+q5,0.43142072,10401.5158,3796.6374
2513,105,2143,q1+q3+q6,0.45091908,66347.8161,22404.3052
2513,105,2143,q1+q4+q5,0.43142072,12951.7251,4372.9572
2513,105,2143,q1+q4+q6,0.45091908,68787.7509,21672.98
2513,105,2143,q1+q5+q6,0.33325888,99908.3001,28966.0693
2513,105,2143,q2+q3+q4,0.66674112,3486.9828,1319.4559
2513,105,2143,q2+q3+q5,0.54908092,8382.2506,3109.1573
2513,105,2143,q2+q3+q6,0.56857928,52820.4275,18383.0334
2513,105,2143,q2+q4+q5,0.54908092,10385.9865,3618.1747
2513,105,2143,q2+q4+q6,0.56857928,54755.4491,18000.6668
2513,105,2143,q2+q5+q6,0.45091908,74094.0764,23076.2635
2513,105,2143,q3+q4+q5,0.58830099,10400.3614,3458.3318
2513,105,2143,q3+q4+q6,0.60779934,51906.291,16409.2143
2513,105,2143,q3+q5+q6,0.49013914,69013.5218,20614.3661
2513,105,2143,q4+q5+q6,0.49013914,71258.2174,20110.4697
2513,105,2143,q1+q2+q3+q4,0.74518125,3141.3124,1238.3209
2513,105,2143,q1+q2+q3+q5,0.62752105,7359.8584,2871.056
2513,105,2143,q1+q2+q3+q6,0.64701941,46441.4704,17053.3872
2513,105,2143,q1+q2+q4+q5,0.62752105,9113.1273,3355.1396
2513,105,2143,q1+q2+q4+q6,0.64701941,48141.9034,16766.0092
2513,105,2143,q1+q2+q5+q6,0.52935921,63144.9576,21207.7244
2513,105,2143,q1+q3+q4+q5,0.66674112,9200.6852,3232.87
2513,105,2143,q1+q3+q4+q6,0.68623947,45996.3947,15390.3575
2513,105,2143,q1+q3+q5+q6,0.56857928,59520.5668,19128.2961
2513,105,2143,q1+q4+q5+q6,0.56857928,61455.5883,18735.42
2513,105,2143,q2+q3+q4+q5,0.78440132,7967.3241,2846.0227
2513,105,2143,q2+q3+q4+q6,0.80389967,39407.4625,13484.7352
2513,105,2143,q2+q3+q5+q6,0.68623947,49483.1126,16423.6212
2513,105,2143,q2+q4+q5+q6,0.68623947,51086.3622,16204.7266
2513,105,2143,q3+q4+q5+q6,0.72545954,48897.6604,15053.4407
2513,105,2143,q1+q2+q3+q4+q5,0.86284145,7261.4868,2695.7555
2513,105,2143,q1+q2+q3+q4+q6,0.8823398,35922.1904,12792.798
2513,105,2143,q1+q2+q3+q5+q6,0.7646796,44428.0155,15471.1866
2513,105,2143,q1+q2+q4+q5+q6,0.7646796,45866.8053,15304.372
2513,105,2143,q1+q3+q4+q5+q6,0.80389967,44146.3129,14282.499
2513,105,2143,q2+q3+q4+q5+q6,0.92155987,38634.8321,12792.7148
2513,105,2143,q1+q2+q3+q4+q5+q6,1.0,35620.243,12234.3897
2513,105,2143,all,1.0,35620.243,12234.3897
2514,105,2144,q1,0.07844055,204.428,123.1261
2514,105,2144,q2,0.19610137,569.8674,301.546
2514,105,2144,q3,0.23532165,2120.6498,877.1426
2514,105,2144,q4,0.23532165,6301.362,2389.2096
2514,105,2144,q5,0.11766082,31865.4204,10190.2416
2514,105,2144,q6,0.13715396,192886.5562,55524.0958
2514,105,2144,q1+q2,0.27454192,465.4562,255.1498
2514,105,2144,q1+q3,0.3137622,1641.5943,736.69
2514,105,2144,q1+q4,0.3137622,4777.1285,1996.1697
2514,105,2144,q1+q5,0.19610137,19201.0234,7558.396
2514,105,2144,q1+q6,0.21559451,122782.3042,43631.5408
2514,105,2144,q2+q3,0.43142302,1415.7487,650.099
2514,105,2144,q2+q4,0.43142302,3696.1372,1608.6917
2514,105,2144,q2+q5,0.3137622,12305.6998,5228.0546
2514,105,2144,q2+q6,0.33325533,79719.3755,31363.7114
2514,105,2144,q3+q4,0.47064329,4211.0059,1666.0409
2514,105,2144,q3+q5,0.35298247,12035.5733,4534.6462
2514,105,2144,q3+q6,0.37247561,72364.9804,25783.7384
2514,105,2144,q4+q5,0.35298247,14822.7148,5292.6275
2514,105,2144,q4+q6,0.37247561,75006.2597,25465.1829
2514,105,2144,q5+q6,0.25481479,118534.9858,35770.5771
2514,105,2144,q1+q2+q3,0.50986357,1229.3917,585.944
2514,105,2144,q1+q2+q4,0.50986357,3158.9512,1436.1743
2514,105,2144,q1+q2+q5,0.39220274,9885.4454,4462.7775
2514,105,2144,q1+q2+q6,0.41169588,64569.367,27200.5394
2514,105,2144,q1+q3+q4,0.54908384,3638.6376,1513.7897
2514,105,2144,q1+q3+q5,0.43142302,9884.456,3996.2351
2514,105,2144,q1+q3+q6,0.45091616,59812.0629,22941.0663
2514,105,2144,q1+q4+q5,0.43142302,12164.8445,4690.8683
2514,105,2144,q1+q4+q6,0.45091616,61993.87,22776.0822
2514,105,2144,q1+q5+q6,0.33325533,90682.7267,31007.1513
2514,105,2144,q2+q3+q4,0.66674467,3140.0828,1341.9249
2514,105,2144,q2+q3+q5,0.54908384,7940.6783,3334.7849
2514,105,2144,q2+q3+q6,0.56857698,47602.9506,19114.4854
2514,105,2144,q2+q4+q5,0.54908384,9732.4122,3931.7423
2514,105,2144,q2+q4+q6,0.56857698,49333.2564,19111.3405
2514,105,2144,q2+q5+q6,0.45091616,67232.4959,24951.8185
2514,105,2144,q3+q4+q5,0.58830412,9741.8888,3679.7218
2514,105,2144,q3+q4+q6,0.60779726,46787.0441,17068.658
2514,105,2144,q3+q5+q6,0.49013643,62642.7658,21724.2803
2514,105,2144,q4+q5+q6,0.49013643,64649.9867,21629.0126
2514,105,2144,q1+q2+q3+q4,0.74518521,2831.0665,1248.0237
2514,105,2144,q1+q2+q3+q5,0.62752439,6973.6471,3043.8518
2514,105,2144,q1+q2+q3+q6,0.64701753,41856.6362,17514.8776
2514,105,2144,q1+q2+q4+q5,0.62752439,8541.4142,3598.7114
2514,105,2144,q1+q2+q4+q6,0.64701753,43377.1701,17563.754
2514,105,2144,q1+q2+q5+q6,0.52935671,57300.217,22548.0688
2514,105,2144,q1+q3+q4+q5,0.66674467,8619.8346,3405.2746
2514,105,2144,q1+q3+q4+q6,0.6862378,41462.4089,15840.05
2514,105,2144,q1+q3+q5+q6,0.56857698,54028.8091,19901.7134
2514,105,2144,q1+q4+q5+q6,0.56857698,55759.115,19873.3019
2514,105,2144,q2+q3+q4+q5,0.78440549,7448.8835,3030.4107
2514,105,2144,q2+q3+q4+q6,0.80389863,35512.9214,14017.6305
2514,105,2144,q2+q3+q5+q6,0.6862378,44904.6283,17273.8726
2514,105,2144,q2+q4+q5+q6,0.6862378,46338.2597,17323.2092
2514,105,2144,q3+q4+q5+q6,0.72545808,44366.9311,15824.3983
2514,105,2144,q1+q2+q3+q4+q5,0.86284604,6790.2966,2846.46
2514,105,2144,q1+q2+q3+q4+q6,0.88233918,32373.9725,13182.5259
2514,105,2144,q1+q2+q3+q5+q6,0.76467835,40319.2909,16106.9667
2514,105,2144,q1+q2+q4+q5+q6,0.76467835,41605.8607,16183.7296
2514,105,2144,q1+q3+q4+q5+q6,0.80389863,40057.7672,14879.5393
2514,105,2144,q2+q3+q4+q5+q6,0.92155945,35047.2239,13431.9875
2514,105,2144,q1+q2+q3+q4+q5+q6,1.0,32314.1358,12748.1899
2514,105,2144,all,1.0,32314.1358,12748.1899
2515,105,2145,q1,0.0784649,203.7889,111.4601
2515,105,2145,q2,0.19616224,593.7557,276.0841
2515,105,2145,q3,0.23539469,2364.0148,959.0223
2515,105,2145,q4,0.23539469,7245.876,2621.3954
2515,105,2145,q5,0.11769735,32655.4801,9806.2749
2515,105,2145,q6,0.13688614,201359.8115,52233.391
2515,105,2145,q1+q2,0.27462714,482.3367,234.3084
2515,105,2145,q1+q3,0.31385959,1823.9583,791.0104
2515,105,2145,q1+q4,0.31385959,5485.3542,2167.9643
2515,105,2145,q1+q5,0.19616224,19674.8036,7208.5274
2515,105,2145,q1+q6,0.21535103,128066.9819,41092.1833
2515,105,2145,q2+q3,0.43155693,1559.3516,671.5206
2515,105,2145,q2+q4,0.43155693,4222.185,1698.8853
2515,105,2145,q2+q5,0.31385959,12616.9024,4865.9077
2515,105,2145,q2+q6,0.33304838,83110.5653,29149.8835
2515,105,2145,q3+q4,0.47078938,4804.9454,1837.7521
2515,105,2145,q3+q5,0.35309204,12461.1699,4525.7876
2515,105,2145,q3+q6,0.37228083,75533.9546,25380.0586
2515,105,2145,q4+q5,0.35309204,15715.744,5322.3682
2515,105,2145,q4+q6,0.37228083,78620.7755,24838.8144
2515,105,2145,q5+q6,0.25458348,123365.5447,34151.3904
2515,105,2145,q1+q2+q3,0.51002183,1350.8035,601.3843
2515,105,2145,q1+q2+q4,0.51002183,3603.9702,1511.6026
2515,105,2145,q1+q2+q5,0.39232448,10134.2797,4153.3823
2515,105,2145,q1+q2+q6,0.41151327,67302.3957,25338.5488
2515,105,2145,q1+q3+q4,0.54925428,4147.6373,1657.5561
2515,105,2145,q1+q3+q5,0.43155693,10232.5552,3958.1499
2515,105,2145,q1+q3+q6,0.45074572,62420.6329,22483.2656
2515,105,2145,q1+q4+q5,0.43155693,12895.3885,4692.0751
2515,105,2145,q1+q4+q6,0.45074572,64970.1063,22155.0638
2515,105,2145,q1+q5+q6,0.33304838,94349.1162,29557.7997
2515,105,2145,q2+q3+q4,0.66695162,3566.3602,1439.1374
2515,105,2145,q2+q3+q5,0.54925428,8222.8077,3239.7399
2515,105,2145,q2+q3+q6,0.56844307,49673.0756,18457.238
2515,105,2145,q2+q4+q5,0.54925428,10315.0339,3868.6775
2515,105,2145,q2+q4+q6,0.56844307,51694.6751,18363.2756
2515,105,2145,q2+q5+q6,0.45074572,69935.8877,23498.3969
2515,105,2145,q3+q4+q5,0.58848673,10375.0523,3762.2476
2515,105,2145,q3+q4+q6,0.60767552,49081.2662,16959.6759
2515,105,2145,q3+q5+q6,0.48997817,65234.1435,21310.4413
2515,105,2145,q4+q5+q6,0.48997817,67579.4811,21086.7587
2515,105,2145,q1+q2+q3+q4,0.74541652,3212.4053,1333.0992
2515,105,2145,q1+q2+q3+q5,0.62771917,7220.4303,2947.8499
2515,105,2145,q1+q2+q3+q6,0.64690796,43672.8365,16884.3319
2515,105,2145,q1+q2+q4+q5,0.62771917,9051.1283,3533.4541
2515,105,2145,q1+q2+q4+q6,0.64690796,45449.2317,16861.6115
2515,105,2145,q1+q2+q5+q6,0.52921062,59596.8625,21239.0018
2515,105,2145,q1+q3+q4+q5,0.66695162,9178.4331,3465.7271
2515,105,2145,q1+q3+q4+q6,0.68614041,43491.789,15688.9166
2515,105,2145,q1+q3+q5+q6,0.56844307,56257.6948,19459.8043
2515,105,2145,q1+q4+q5+q6,0.56844307,58279.2942,19330.8774
2515,105,2145,q2+q3+q4+q5,0.78464897,7929.7282,3042.9739
2515,105,2145,q2+q3+q4+q6,0.80383776,37248.7556,13731.7884
2515,105,2145,q2+q3+q5+q6,0.68614041,46753.9562,16692.8935
2515,105,2145,q2+q4+q5+q6,0.68614041,48428.7798,16679.7728
2515,105,2145,q3+q4+q5+q6,0.72537286,46416.0556,15655.9643
2515,105,2145,q1+q2+q3+q4+q5,0.86311386,7227.3701,2850.7782
2515,105,2145,q1+q2+q3+q4+q6,0.88230265,33954.2745,12890.978
2515,105,2145,q1+q2+q3+q5+q6,0.76460531,41976.911,15541.0553
2515,105,2145,q1+q2+q4+q5+q6,0.76460531,43479.8619,15566.7897
2515,105,2145,q1+q3+q4+q5+q6,0.80383776,41905.1444,14683.8491
2515,105,2145,q2+q3+q4+q5+q6,0.9215351,36662.108,13133.6901
2515,105,2145,q1+q2+q3+q4+q5+q6,1.0,33801.4098,12445.8135
2515,105,2145,all,1.0,33801.4098,12445.8135
2516,105,2146,q1,0.07844208,203.4783,119.3704
2516,105,2146,q2,0.1961052,672.6957,295.7583
2516,105,2146,q3,0.23532624,2438.17,922.776
2516,105,2146,q4,0.23532624,7051.6071,2494.5389
2516,105,2146,q5,0.11766312,33021.8661,9610.822
2516,105,2146,q6,0.13713714,214897.1019,51126.6606
2516,105,2146,q1+q2,0.27454727,538.6336,255.0766
2516,105,2146,q1+q3,0.31376831,1879.4971,780.5842
2516,105,2146,q1+q4,0.31376831,5339.5749,2097.0246
2516,105,2146,q1+q5,0.1961052,19894.511,7251.8223
2516,105,2146,q1+q6,0.21557921,136777.2603,41522.3918
2516,105,2146,q2+q3,0.43143143,1635.6817,660.8654
2516,105,2146,q2+q4,0.43143143,4152.1019,1611.9946
2516,105,2146,q2+q5,0.31376831,12803.6346,4724.5659
2516,105,2146,q2+q6,0.33324233,88831.1278,28952.1472
2516,105,2146,q3+q4,0.47065247,4744.8886,1735.1846
2516,105,2146,q3+q5,0.35298935,12632.7354,4345.9606
2516,105,2146,q3+q6,0.37246337,80663.337,25074.3775
2516,105,2146,q4+q5,0.35298935,15708.3601,5184.5395
2516,105,2146,q4+q6,0.37246337,83578.1546,25071.4524
2516,105,2146,q5+q6,0.25480025,130909.7158,34012.3306
2516,105,2146,q1+q2+q3,0.50987351,1415.3427,600.6053
2516,105,2146,q1+q2+q4,0.50987351,3544.6214,1451.6845
2516,105,2146,q1+q2+q5,0.39221039,10283.6033,4098.8013
2516,105,2146,q1+q2+q6,0.41168441,71944.0733,25617.6063
2516,105,2146,q1+q3+q4,0.54909455,4096.1157,1583.111
2516,105,2146,q1+q3+q5,0.43143143,10372.8705,3858.6705
2516,105,2146,q1+q3+q6,0.45090545,66666.082,22569.1199
2516,105,2146,q1+q4+q5,0.43143143,12889.2907,4621.6528
2516,105,2146,q1+q4+q6,0.45090545,69073.8213,22645.6113
2516,105,2146,q1+q5+q6,0.33324233,100142.7095,29945.6982
2516,105,2146,q2+q3+q4,0.66675767,3547.1848,1364.7165
2516,105,2146,q2+q3+q5,0.54909455,8361.2926,3118.7734
2516,105,2146,q2+q3+q6,0.56856857,53073.7351,18352.6124
2516,105,2146,q2+q4+q5,0.54909455,10338.48,3745.7281
2516,105,2146,q2+q4+q6,0.56856857,54983.2019,18523.4852
2516,105,2146,q2+q5+q6,0.45090545,74267.7825,23471.595
2516,105,2146,q3+q4+q5,0.58831559,10400.2841,3617.7506
2516,105,2146,q3+q4+q6,0.60778961,52162.0742,17013.5977
2516,105,2146,q3+q5+q6,0.49012649,69226.1996,21173.1779
2516,105,2146,q4+q5+q6,0.49012649,71441.2661,21273.9397
2516,105,2146,q1+q2+q3+q4,0.74519975,3195.2157,1275.5148
2516,105,2146,q1+q2+q3+q5,0.62753663,7341.5658,2869.0201
2516,105,2146,q1+q2+q3+q6,0.64701065,46663.8671,16981.3679
2516,105,2146,q1+q2+q4+q5,0.62753663,9071.6048,3451.7236
2516,105,2146,q1+q2+q4+q6,0.64701065,48341.8345,17172.4025
2516,105,2146,q1+q2+q5+q6,0.52934753,63292.4636,21470.5831
2516,105,2146,q1+q3+q4+q5,0.66675767,9200.6599,3361.4349
2516,105,2146,q1+q3+q4+q6,0.68623169,46222.7678,15882.498
2516,105,2146,q1+q3+q5+q6,0.56856857,59703.5386,19551.7287
2516,105,2146,q1+q4+q5+q6,0.56856857,61613.0054,19684.5009
2516,105,2146,q2+q3+q4+q5,0.78442079,7968.387,2924.4854
2516,105,2146,q2+q3+q4+q6,0.8038948,39601.5568,13784.8052
2516,105,2146,q2+q3+q5+q6,0.68623169,49635.5881,16627.4012
2516,105,2146,q2+q4+q5+q6,0.68623169,51217.6526,16801.0787
2516,105,2146,q3+q4+q5+q6,0.72545273,49057.6727,15693.8541
2516,105,2146,q1+q2+q3+q4+q5,0.86286286,7262.4862,2759.3282
2516,105,2146,q1+q2+q3+q4+q6,0.88233688,36098.9636,13036.9121
2516,105,2146,q1+q2+q3+q5+q6,0.76467376,44564.7231,15615.9023
2516,105,2146,q1+q2+q4+q5+q6,0.76467376,45984.4956,15798.889
2516,105,2146,q1+q3+q4+q5+q6,0.8038948,44290.6005,14826.6593
2516,105,2146,q2+q3+q4+q5+q6,0.92155792,38761.4719,13162.9866
2516,105,2146,q1+q2+q3+q4+q5+q6,1.0,35736.9027,12550.4785
2516,105,2146,all,1.0,35736.9027,12550.4785
2517,105,2147,q1,0.07844208,208.4659,115.2327
2517,105,2147,q2,0.1961052,561.0988,264.9963
2517,105,2147,q3,0.23532624,2262.6614,953.768
2517,105,2147,q4,0.23532624,7264.6992,2696.411
2517,105,2147,q5,0.11766312,30417.909,10021.6254
2517,105,2147,q6,0.13713714,191410.3009,56365.7646
2517,105,2147,q1+q2,0.27454727,460.3465,226.8501
2517,105,2147,q1+q3,0.31376831,1749.1126,783.819
2517,105,2147,q1+q4,0.31376831,5500.6409,2224.3419
2517,105,2147,q1+q5,0.1961052,18334.1318,7204.6297
2517,105,2147,q1+q6,0.21557921,121838.3368,43228.2812
2517,105,2147,q2+q3,0.43143143,1489.2239,659.9852
2517,105,2147,q2+q4,0.43143143,4217.6081,1734.2022
2517,105,2147,q2+q5,0.31376831,11757.4026,4776.3746
2517,105,2147,q2+q6,0.33324233,79100.0791,29922.4001
2517,105,2147,q3+q4,0.47065247,4763.6803,1880.4434
2517,105,2147,q3+q5,0.35298935,11647.744,4491.4722
2517,105,2147,q3+q6,0.37246337,71904.8532,26154.9286
2517,105,2147,q4+q5,0.35298935,14982.4358,5335.848
2517,105,2147,q4+q6,0.37246337,75065.1927,25423.8428
2517,105,2147,q5+q6,0.25480025,117066.3138,36251.0119
2517,105,2147,q1+q2+q3,0.50987351,1292.1842,590.679
2517,105,2147,q1+q2+q4,0.50987351,3600.817,1541.3262
2517,105,2147,q1+q2+q5,0.39221039,9447.6153,4052.8971
2517,105,2147,q1+q2+q6,0.41168441,64068.1227,25786.9508
2517,105,2147,q1+q3+q4,0.54909455,4112.9354,1692.6917
2517,105,2147,q1+q3+q5,0.43143143,9567.8752,3904.1121
2517,105,2147,q1+q3+q6,0.45090545,59432.1416,22985.433
2517,105,2147,q1+q4+q5,0.43143143,12296.2595,4682.0001
2517,105,2147,q1+q4+q6,0.45090545,62042.6905,22531.2583
2517,105,2147,q1+q5+q6,0.33324233,89559.0868,30935.6246
2517,105,2147,q2+q3+q4,0.66675767,3527.6269,1463.1665
2517,105,2147,q2+q3+q5,0.54909455,7688.2278,3172.5868
2517,105,2147,q2+q3+q6,0.56856857,47297.6523,18685.3232
2517,105,2147,q2+q4+q5,0.54909455,9831.9583,3838.6957
2517,105,2147,q2+q4+q6,0.56856857,49367.9579,18528.0872
2517,105,2147,q2+q5+q6,0.45090545,66396.538,24181.7793
2517,105,2147,q3+q4+q5,0.58831559,9894.5261,3756.9411
2517,105,2147,q3+q4+q6,0.60778961,46877.2385,17184.3523
2517,105,2147,q3+q5+q6,0.49012649,61945.2136,21983.0888
2517,105,2147,q4+q5+q6,0.49012649,64346.8604,21648.1248
2517,105,2147,q1+q2+q3+q4,0.74519975,3178.2416,1353.8262
2517,105,2147,q1+q2+q3+q5,0.62753663,6753.2576,2877.9512
2517,105,2147,q1+q2+q3+q6,0.64701065,41588.6679,17018.6128
2517,105,2147,q1+q2+q4+q5,0.62753663,8629.0217,3497.4219
2517,105,2147,q1+q2+q4+q6,0.64701065,43407.9745,16951.0391
2517,105,2147,q1+q2+q5+q6,0.52934753,56588.3691,21706.9106
2517,105,2147,q1+q3+q4+q5,0.66675767,8754.9896,3451.3899
2517,105,2147,q1+q3+q4+q6,0.68623169,41542.6036,15838.5808
2517,105,2147,q1+q3+q5+q6,0.56856857,53427.7557,19945.5288
2517,105,2147,q1+q4+q5+q6,0.56856857,55498.0614,19736.8306
2517,105,2147,q2+q3+q4+q5,0.78442079,7561.1692,3018.919
2517,105,2147,q2+q3+q4+q6,0.8038948,35578.7009,13795.7012
2517,105,2147,q2+q3+q5+q6,0.68623169,44403.4064,16962.8711
2517,105,2147,q2+q4+q5+q6,0.68623169,46118.7319,16905.3215
2517,105,2147,q3+q4+q5+q6,0.72545273,44207.6558,15914.9247
2517,105,2147,q1+q2+q3+q4+q5,0.86286286,6892.7417,2823.3125
2517,105,2147,q1+q2+q3+q4+q6,0.88233688,32434.1936,12919.2851
2517,105,2147,q1+q2+q3+q5+q6,0.76467376,39869.7829,15729.3722
2517,105,2147,q1+q2+q4+q5+q6,0.76467376,41409.1461,15722.2686
2517,105,2147,q1+q3+q4+q5+q6,0.8038948,39914.323,14875.483
2517,105,2147,q2+q3+q4+q5+q6,0.92155792,34919.7788,13241.1106
2517,105,2147,q1+q2+q3+q4+q5+q6,1.0,32196.9513,12516.9726
2517,105,2147,all,1.0,32196.9513,12516.9726
2518,105,2148,q1,0.07844208,203.4765,120.623
2518,105,2148,q2,0.1961052,594.8628,299.064
2518,105,2148,q3,0.23532624,2202.2862,889.6674
2518,105,2148,q4,0.23532624,6577.8206,2400.1318
2518,105,2148,q5,0.11766312,33134.5257,9931.8414
2518,105,2148,q6,0.13713714,195594.9693,54547.6135
2518,105,2148,q1+q2,0.27454727,483.0381,253.8647
2518,105,2148,q1+q3,0.31376831,1702.5838,747.3133
2518,105,2148,q1+q4,0.31376831,4984.2346,2012.0632
2518,105,2148,q1+q5,0.1961052,19962.106,7458.3796
2518,105,2148,q1+q6,0.21557921,124498.5287,43007.2786
2518,105,2148,q2+q3,0.43143143,1471.6392,652.8003
2518,105,2148,q2+q4,0.43143143,3858.2943,1608.2893
2518,105,2148,q2+q5,0.31376831,12797.2363,5130.6997
2518,105,2148,q2+q6,0.33324233,80842.0388,30550.7569
2518,105,2148,q3+q4,0.47065247,4390.0534,1683.2988
2518,105,2148,q3+q5,0.35298935,12513.0327,4529.8781
2518,105,2148,q3+q6,0.37246337,73407.4588,25451.34
2518,105,2148,q4+q5,0.35298935,15430.0556,5249.8612
2518,105,2148,q4+q6,0.37246337,76171.967,24959.7967
2518,105,2148,q5+q6,0.25480025,120573.0569,34742.1122
2518,105,2148,q1+q2+q3,0.50987351,1276.5372,589.068
2518,105,2148,q1+q2+q4,0.50987351,3296.0146,1439.6551
2518,105,2148,q1+q2+q5,0.39221039,10278.4844,4406.1206
2518,105,2148,q1+q2+q6,0.41168441,65477.2199,26580.2854
2518,105,2148,q1+q3+q4,0.54909455,3791.971,1531.2331
2518,105,2148,q1+q3+q5,0.43143143,10274.9316,4003.0181
2518,105,2148,q1+q3+q6,0.45090545,60672.4774,22673.4154
2518,105,2148,q1+q4+q5,0.43143143,12661.5867,4669.6686
2518,105,2148,q1+q4+q6,0.45090545,62956.056,22369.7451
2518,105,2148,q1+q5+q6,0.33324233,92239.2014,30235.7687
2518,105,2148,q2+q3+q4,0.66675767,3273.8208,1349.4898
2518,105,2148,q2+q3+q5,0.54909455,8256.5434,3320.9866
2518,105,2148,q2+q3+q6,0.56856857,48293.6392,18751.298
2518,105,2148,q2+q4+q5,0.54909455,10131.7724,3897.0892
2518,105,2148,q2+q4+q6,0.56856857,50104.6398,18659.2195
2518,105,2148,q2+q5+q6,0.45090545,68392.833,24199.4098
2518,105,2148,q3+q4+q5,0.58831559,10138.9478,3682.0123
2518,105,2148,q3+q4+q6,0.60778961,47532.1115,16803.9904
2518,105,2148,q3+q5+q6,0.49012649,63739.263,21298.0388
2518,105,2148,q4+q5+q6,0.49012649,65840.1044,21102.174
2518,105,2148,q1+q2+q3+q4,0.74519975,2950.6267,1256.5641
2518,105,2148,q1+q2+q3+q5,0.62753663,7249.9101,3038.189
2518,105,2148,q1+q2+q3+q6,0.64701065,42463.2988,17207.2913
2518,105,2148,q1+q2+q4+q5,0.62753663,8890.7355,3576.7361
2518,105,2148,q1+q2+q4+q6,0.64701065,44054.7379,17180.6379
2518,105,2148,q1+q2+q5+q6,0.52934753,58288.1011,21934.3872
2518,105,2148,q1+q3+q4+q5,0.66675767,8970.0689,3413.0844
2518,105,2148,q1+q3+q4+q6,0.68623169,42122.0487,15611.6876
2518,105,2148,q1+q3+q5+q6,0.56856857,54973.6023,19545.6915
2518,105,2148,q1+q4+q5+q6,0.56856857,56784.6029,19431.245
2518,105,2148,q2+q3+q4+q5,0.78442079,7752.9266,3025.5291
2518,105,2148,q2+q3+q4+q6,0.8038948,36082.0581,13751.7271
2518,105,2148,q2+q3+q5+q6,0.68623169,45694.4171,16886.8592
2518,105,2148,q2+q4+q5+q6,0.68623169,47194.8987,16874.239
2518,105,2148,q3+q4+q5+q6,0.72545273,45196.9285,15526.5495
2518,105,2148,q1+q2+q3+q4+q5,0.86286286,7066.6129,2846.1118
2518,105,2148,q1+q2+q3+q4+q6,0.88233688,32892.3575,12947.0779
2518,105,2148,q1+q2+q3+q5+q6,0.76467376,41027.8467,15771.5668
2518,105,2148,q1+q2+q4+q5+q6,0.76467376,42374.4053,15793.6873
2518,105,2148,q1+q3+q4+q5+q6,0.8038948,40806.5781,14618.1358
2518,105,2148,q2+q3+q4+q5+q6,0.92155792,35705.7217,13152.3705
2518,105,2148,q1+q2+q3+q4+q5+q6,1.0,32920.8518,12497.7399
2518,105,2148,all,1.0,32920.8518,12497.7399
2519,105,2149,q1,0.07844208,203.4423,123.9105
2519,105,2149,q2,0.1961052,616.6433,297.5308
2519,105,2149,q3,0.23532624,2299.7393,873.3954
2519,105,2149,q4,0.23532624,7011.8689,2266.5319
2519,105,2149,q5,0.11766312,32757.369,9050.8763
2519,105,2149,q6,0.13713714,216062.1479,51742.1102
2519,105,2149,q1+q2,0.27454727,498.5859,255.7529
2519,105,2149,q1+q3,0.31376831,1775.665,744.4235
2519,105,2149,q1+q4,0.31376831,5309.7622,1944.4665
2519,105,2149,q1+q5,0.1961052,19735.7983,6978.0005
2519,105,2149,q1+q6,0.21557921,137518.3718,42264.6008
2519,105,2149,q2+q3,0.43143143,1534.6957,645.2912
2519,105,2149,q2+q4,0.43143143,4104.9482,1561.1074
2519,105,2149,q2+q5,0.31376831,12669.4154,4776.3094
2519,105,2149,q2+q6,0.33324233,89277.5863,30386.5879
2519,105,2149,q3+q4,0.47065247,4655.8041,1625.9826
2519,105,2149,q3+q5,0.35298935,12452.2825,4204.2706
2519,105,2149,q3+q6,0.37246337,81004.8328,25305.3965
2519,105,2149,q4+q5,0.35298935,15593.7023,4770.3894
2519,105,2149,q4+q6,0.37246337,83982.0053,24049.336
2519,105,2149,q5+q6,0.25480025,131414.6192,33534.6958
2519,105,2149,q1+q2+q3,0.50987351,1329.8874,587.1469
2519,105,2149,q1+q2+q4,0.50987351,3504.7165,1414.5825
2519,105,2149,q1+q2+q5,0.39221039,10176.2208,4152.8605
2519,105,2149,q1+q2+q6,0.41168441,72305.4571,26868.5659
2519,105,2149,q1+q3+q4,0.54909455,4019.7524,1494.9572
2519,105,2149,q1+q3+q5,0.43143143,10225.2207,3756.7542
2519,105,2149,q1+q3+q6,0.45090545,66948.163,22850.4901
2519,105,2149,q1+q4+q5,0.43143143,12795.4732,4303.8433
2519,105,2149,q1+q4+q6,0.45090545,69407.4096,21893.7258
2519,105,2149,q1+q5+q6,0.33324233,100528.7549,29717.6071
2519,105,2149,q2+q3+q4,0.66675767,3467.8156,1318.1711
2519,105,2149,q2+q3+q5,0.54909455,8225.2685,3110.6631
2519,105,2149,q2+q3+q6,0.56856857,53278.1124,18947.7777
2519,105,2149,q2+q4+q5,0.54909455,10244.7526,3605.2798
2519,105,2149,q2+q4+q6,0.56856857,55228.4273,18394.3972
2519,105,2149,q2+q5+q6,0.45090545,74528.7183,23919.4992
2519,105,2149,q3+q4+q5,0.58831559,10276.1171,3408.8364
2519,105,2149,q3+q4+q6,0.60778961,52355.9624,16571.0029
2519,105,2149,q3+q5+q6,0.49012649,69422.2166,21027.6341
2519,105,2149,q4+q5+q6,0.49012649,71684.6687,20349.9166
2519,105,2149,q1+q2+q3+q4,0.74519975,3124.1974,1236.4831
2519,105,2149,q1+q2+q3+q5,0.62753663,7222.5402,2867.3151
2519,105,2149,q1+q2+q3+q6,0.64701065,46843.4618,17544.4162
2519,105,2149,q1+q2+q4+q5,0.62753663,8989.5888,3339.8326
2519,105,2149,q1+q2+q4+q6,0.64701065,48557.325,17112.7021
2519,105,2149,q1+q2+q5+q6,0.52934753,63514.7269,21921.3386
2519,105,2149,q1+q3+q4+q5,0.66675767,9091.0965,3186.4393
2519,105,2149,q1+q3+q4+q6,0.68623169,46394.4888,15537.2688
2519,105,2149,q1+q3+q5+q6,0.56856857,59872.5073,19486.5363
2519,105,2149,q1+q4+q5+q6,0.56856857,61822.8221,18945.889
2519,105,2149,q2+q3+q4+q5,0.78442079,7861.2486,2828.7553
2519,105,2149,q2+q3+q4+q6,0.8038948,39734.4735,13728.3538
2519,105,2149,q2+q3+q5+q6,0.68623169,49759.5709,16866.0498
2519,105,2149,q2+q4+q5+q6,0.68623169,51375.4796,16528.9309
2519,105,2149,q3+q4+q5+q6,0.72545273,49177.2141,15206.0223
2519,105,2149,q1+q2+q3+q4+q5,0.86286286,7165.0844,2677.8687
2519,105,2149,q1+q2+q3+q4+q6,0.88233688,36220.0605,13014.8154
2519,105,2149,q1+q2+q3+q5+q6,0.76467376,44675.9838,15864.7241
2519,105,2149,q1+q2+q4+q5+q6,0.76467376,46126.1286,15594.7841
2519,105,2149,q1+q3+q4+q5+q6,0.8038948,44398.4739,14421.1878
2519,105,2149,q2+q3+q4+q5+q6,0.92155792,38843.6474,13004.7043
2519,105,2149,q1+q2+q3+q4+q5+q6,1.0,35812.6294,12428.9679
2519,105,2149,all,1.0,35812.6294,12428.9679
2520,105,2150,q1,0.07844208,199.8907,124.9292
2520,105,2150,q2,0.1961052,634.923,306.7308
2520,105,2150,q3,0.23532624,2146.5931,914.931
2520,105,2150,q4,0.23532624,6606.4252,2377.6733
2520,105,2150,q5,0.11766312,31727.854,9435.3298
2520,105,2150,q6,0.13713714,193311.5976,51092.7127
2520,105,2150,q1+q2,0.27454727,510.628,263.7949
2520,105,2150,q1+q3,0.31376831,1659.9175,768.6072
2520,105,2150,q1+q4,0.31376831,5004.7916,2014.891
2520,105,2150,q1+q5,0.1961052,19116.6687,7193.1754
2520,105,2150,q1+q6,0.21557921,123044.6949,41165.3185
2520,105,2150,q2+q3,0.43143143,1459.4703,657.2327
2520,105,2150,q2+q4,0.43143143,3892.106,1584.441
2520,105,2150,q2+q5,0.31376831,12294.7721,4812.5535
2520,105,2150,q2+q6,0.33324233,79925.9516,28800.6313
2520,105,2150,q3+q4,0.47065247,4376.5092,1708.0041
2520,105,2150,q3+q5,0.35298935,12007.0134,4471.8714
2520,105,2150,q3+q6,0.37246337,72531.5577,25224.8299
2520,105,2150,q4+q5,0.35298935,14980.2348,5038.3563
2520,105,2150,q4+q6,0.37246337,75349.326,23931.3371
2520,105,2150,q5+q6,0.25480025,118694.5327,33070.0159
2520,105,2150,q1+q2+q3,0.50987351,1265.6888,595.5754
2520,105,2150,q1+q2+q4,0.50987351,3324.0729,1429.8954
2520,105,2150,q1+q2+q5,0.39221039,9875.7958,4177.9498
2520,105,2150,q1+q2+q6,0.41168441,64735.0001,25373.9315
2520,105,2150,q1+q3+q4,0.54909455,3779.8494,1558.7789
2520,105,2150,q1+q3+q5,0.43143143,9860.2638,3963.5424
2520,105,2150,q1+q3+q6,0.45090545,59948.3292,22591.8961
2520,105,2150,q1+q4+q5,0.43143143,12292.8995,4513.5333
2520,105,2150,q1+q4+q6,0.45090545,62275.9025,21629.7967
2520,105,2150,q1+q5+q6,0.33324233,90802.0199,29094.2568
2520,105,2150,q2+q3+q4,0.66675767,3276.0426,1355.1176
2520,105,2150,q2+q3+q5,0.54909455,7945.5525,3222.8886
2520,105,2150,q2+q3+q6,0.56856857,47733.6626,18376.0615
2520,105,2150,q2+q4+q5,0.54909455,9856.9091,3718.6876
2520,105,2150,q2+q4+q6,0.56856857,49579.5534,17856.5672
2520,105,2150,q2+q5+q6,0.45090545,67348.7285,22998.0167
2520,105,2150,q3+q4+q5,0.58831559,9846.7781,3616.9273
2520,105,2150,q3+q4+q6,0.60778961,47006.4202,16563.8415
2520,105,2150,q3+q5+q6,0.49012649,62735.9414,20965.2416
2520,105,2150,q4+q5+q6,0.49012649,64877.257,20274.3841
2520,105,2150,q1+q2+q3+q4,0.74519975,2952.2372,1266.2497
2520,105,2150,q1+q2+q3+q5,0.62753663,6977.3448,2960.031
2520,105,2150,q1+q2+q3+q6,0.64701065,41970.7777,16946.5414
2520,105,2150,q1+q2+q4+q5,0.62753663,8649.7818,3433.3855
2520,105,2150,q1+q2+q4+q6,0.64701065,43592.877,16550.6524
2520,105,2150,q1+q2+q5+q6,0.52934753,57398.1873,21012.6349
2520,105,2150,q1+q3+q4+q5,0.66675767,8711.8502,3363.168
2520,105,2150,q1+q3+q4+q6,0.68623169,41656.0385,15448.7859
2520,105,2150,q1+q3+q5+q6,0.56856857,54108.2084,19322.3951
2520,105,2150,q1+q4+q5+q6,0.56856857,55954.0992,18781.4027
2520,105,2150,q2+q3+q4+q5,0.78442079,7543.8143,2947.6045
2520,105,2150,q2+q3+q4+q6,0.8038948,35694.3785,13466.7163
2520,105,2150,q2+q3+q5+q6,0.68623169,44989.2639,16486.9496
2520,105,2150,q2+q4+q5+q6,0.68623169,46518.6534,16168.9154
2520,105,2150,q3+q4+q5+q6,0.72545273,44528.3487,15233.7432
2520,105,2150,q1+q2+q3+q4+q5,0.86286286,6876.1849,2781.5191
2520,105,2150,q1+q2+q3+q4+q6,0.88233688,32538.8248,12724.5553
2520,105,2150,q1+q2+q3+q5+q6,0.76467376,40394.662,15459.1683
2520,105,2150,q1+q2+q4+q5+q6,0.76467376,41767.163,15209.9421
2520,105,2150,q1+q3+q4+q5+q6,0.8038948,40202.8867,14389.4451
2520,105,2150,q2+q3+q4+q5+q6,0.92155792,35187.9386,12835.3663
2520,105,2150,q1+q2+q3+q4+q5+q6,1.0,32443.4034,12233.8135
2520,105,2150,all,1.0,32443.4034,12233.8135
2601,106,2051,q1,0.01030928,205.1989,123.8888
2601,106,2051,q2,0.10309278,593.9213,304.8193
2601,106,2051,q3,0.20618557,2003.0905,910.084
2601,106,2051,q4,0.24742268,7155.2116,2402.9238
2601,106,2051,q5,0.22680412,30952.1534,9810.1017
2601,106,2051,q6,0.20618557,199996.1129,62563.5007
2601,106,2051,q1+q2,0.11340206,558.5829,290.6439
2601,106,2051,q1+q3,0.21649485,1917.4767,881.5749
2601,106,2051,q1+q4,0.25773196,6877.2111,2351.3
2601,106,2051,q1+q5,0.2371134,29615.3293,9584.358
2601,106,2051,q1+q6,0.21649485,190482.2598,60986.7433
2601,106,2051,q2+q3,0.30927835,1533.3675,724.3768
2601,106,2051,q2+q4,0.35051546,5225.4203,1953.4405
2601,106,2051,q2+q5,0.32989691,21465.2058,7726.7475
2601,106,2051,q2+q6,0.30927835,133528.7157,48021.4494
2601,106,2051,q3+q4,0.45360825,4813.3384,1833.8915
2601,106,2051,q3+q5,0.43298969,17166.8854,6356.2683
2601,106,2051,q3+q6,0.41237113,100999.6017,37423.3023
2601,106,2051,q4+q5,0.4742268,18536.3576,6052.5623
2601,106,2051,q4+q6,0.45360825,94810.1667,30810.064
2601,106,2051,q5+q6,0.43298969,111449.2769,35103.0099
2601,106,2051,q1+q2+q3,0.31958763,1490.5233,709.113
2601,106,2051,q1+q2+q4,0.36082474,5081.9854,1920.7177
2601,106,2051,q1+q2+q5,0.34020619,20820.9632,7587.6836
2601,106,2051,q1+q2+q6,0.31958763,129227.9571,47088.9316
2601,106,2051,q1+q3+q4,0.46391753,4710.9353,1809.713
2601,106,2051,q1+q3+q5,0.44329897,16772.4275,6266.5744
2601,106,2051,q1+q3+q6,0.42268041,98541.2016,36859.6713
2601,106,2051,q1+q4+q5,0.48453608,18146.333,5983.6683
2601,106,2051,q1+q4+q6,0.46391753,92707.8341,30439.2207
2601,106,2051,q1+q5+q6,0.44329897,108862.2054,34673.8604
2601,106,2051,q2+q3+q4,0.55670103,4031.9648,1613.1524
2601,106,2051,q2+q3+q5,0.53608247,13979.7769,5469.1842
2601,106,2051,q2+q3+q6,0.51546392,80918.4656,31748.1511
2601,106,2051,q2+q4+q5,0.57731959,15332.3511,5354.1989
2601,106,2051,q2+q4+q6,0.55670103,77362.7138,26972.4919
2601,106,2051,q2+q5+q6,0.53608247,90130.9393,30666.6018
2601,106,2051,q3+q4+q5,0.68041237,13526.2767,4828.257
2601,106,2051,q3+q4+q6,0.65979381,65807.9554,23474.1852
2601,106,2051,q3+q5+q6,0.63917526,76144.0555,26616.8038
2601,106,2051,q4+q5+q6,0.68041237,73524.1623,23692.9532
2601,106,2051,q1+q2+q3+q4,0.56701031,3962.3873,1595.098
2601,106,2051,q1+q2+q3+q5,0.54639175,13719.8792,5403.3949
2601,106,2051,q1+q2+q3+q6,0.5257732,79335.8526,31342.4034
2601,106,2051,q1+q2+q4+q5,0.58762887,15066.9625,5300.7295
2601,106,2051,q1+q2+q4+q6,0.56701031,75959.8499,26688.4119
2601,106,2051,q1+q2+q5+q6,0.54639175,88434.2272,30339.1422
2601,106,2051,q1+q3+q4+q5,0.69072165,13327.4546,4786.4894
2601,106,2051,q1+q3+q4+q6,0.67010309,64798.6822,23260.5972
2601,106,2051,q1+q3+q5+q6,0.64948454,74938.6768,26371.692
2601,106,2051,q1+q4+q5+q6,0.69072165,72429.8494,23503.8788
2601,106,2051,q2+q3+q4+q5,0.78350515,11824.651,4397.024
2601,106,2051,q2+q3+q4+q6,0.7628866,56995.2481,21204.5349
2601,106,2051,q2+q3+q5+q6,0.74226804,65650.9813,24012.4349
2601,106,2051,q2+q4+q5+q6,0.78350515,63928.0779,21661.25
2601,106,2051,q3+q4+q5+q6,0.88659794,56891.3549,19662.5182
2601,106,2051,q1+q2+q3+q4+q5,0.79381443,11673.749,4362.6729
2601,106,2051,q1+q2+q3+q4+q6,0.77319588,56238.0474,21030.4408
2601,106,2051,q1+q2+q3+q5+q6,0.75257732,64754.4638,23813.1124
2601,106,2051,q1+q2+q4+q5+q6,0.79381443,63100.5081,21503.3731
2601,106,2051,q1+q3+q4+q5+q6,0.89690722,56239.7899,19533.3218
2601,106,2051,q2+q3+q4+q5+q6,0.98969072,51027.0389,18256.8152
2601,106,2051,q1+q2+q3+q4+q5+q6,1.0,50503.1024,18145.5673
2601,106,2051,all,1.0,50503.1024,18145.5673
4401,104,2031,q1,0.08081539,202.7718,118.4634
4401,104,2031,q2,0.18183462,606.3839,291.5937
4401,104,2031,q3,0.34346539,2269.1077,917.4746
4401,104,2031,q4,0.24244616,6931.1108,2444.4747
4401,104,2031,q5,0.10101923,32629.7684,9587.4375
4401,104,2031,q6,0.05041921,201133.7103,52293.0814
4401,104,2031,q1+q2,0.26265001,482.1956,245.2223
4401,104,2031,q1+q3,0.42428078,1875.5199,805.5812
4401,104,2031,q1+q4,0.32326155,5249.0261,2054.8272
4401,104,2031,q1+q5,0.18183462,18217.7699,6870.6916
4401,104,2031,q1+q6,0.1312346,77398.7211,30570.9183
4401,104,2031,q2+q3,0.52530001,1693.5495,724.6856
4401,104,2031,q2+q4,0.42428078,4220.5136,1680.4914
4401,104,2031,q2+q5,0.28285385,12043.307,4718.5172
4401,104,2031,q2+q6,0.23225383,44138.1935,17919.8906
4401,104,2031,q3+q4,0.58591155,4198.2124,1600.4836
4401,104,2031,q3+q5,0.44448462,9169.2579,3415.4843
4401,104,2031,q3+q6,0.3938846,27724.7772,10466.2487
4401,104,2031,q4+q5,0.34346539,14489.5395,4825.8749
4401,104,2031,q4+q6,0.29286537,40364.7044,13412.6648
4401,104,2031,q5+q6,0.15143844,88730.6866,24988.6361
4401,104,2031,q1+q2+q3,0.6061154,1494.7791,663.2922
4401,104,2031,q1+q2+q4,0.50509616,3577.6749,1501.0117
4401,104,2031,q1+q2+q5,0.36366924,9412.0769,3978.8363
4401,104,2031,q1+q2+q6,0.31306922,32796.746,14453.5215
4401,104,2031,q1+q3+q4,0.66672694,3713.9166,1478.1073
4401,104,2031,q1+q3+q5,0.52530001,7789.7985,3072.9805
4401,104,2031,q1+q3+q6,0.47469999,23039.2883,9254.9515
4401,104,2031,q1+q4+q5,0.42428078,11768.2504,4269.1102
4401,104,2031,q1+q4+q6,0.37368076,31678.9424,11609.1896
4401,104,2031,q1+q5+q6,0.23225383,57926.3823,19899.9195
4401,104,2031,q2+q3+q4,0.76774617,3347.5162,1342.0357
4401,104,2031,q2+q3+q5,0.62631924,6683.2622,2663.7678
4401,104,2031,q2+q3+q6,0.57571922,19159.7293,7759.7238
4401,104,2031,q2+q4+q5,0.52530001,9683.8318,3609.3333
4401,104,2031,q2+q4+q6,0.47469999,25135.2137,9473.3721
4401,104,2031,q2+q5+q6,0.33327306,40649.8459,14791.9725
4401,104,2031,q3+q4+q5,0.68693078,8379.3236,3060.5604
4401,104,2031,q3+q4+q6,0.63633076,19802.255,7280.2185
4401,104,2031,q3+q5+q6,0.49490384,28725.9787,10248.441
4401,104,2031,q4+q5+q6,0.3938846,38380.9323,12339.2286
4401,104,2031,q1+q2+q3+q4,0.84856156,3048.0167,1259.6065
4401,104,2031,q1+q2+q3+q5,0.70713463,5942.6347,2457.8336
4401,104,2031,q1+q2+q3+q6,0.65653461,16826.244,7082.0843
4401,104,2031,q1+q2+q4+q5,0.6061154,8419.6905,3297.3281
4401,104,2031,q1+q2+q4+q6,0.55551538,21508.0865,8547.6015
4401,104,2031,q1+q2+q5+q6,0.41408845,32756.0109,12866.537
4401,104,2031,q1+q3+q4+q5,0.76774617,7518.6339,2858.9884
4401,104,2031,q1+q3+q4+q6,0.71714615,17593.5842,6750.1994
4401,104,2031,q1+q3+q5+q6,0.57571922,24722.0929,9329.8838
4401,104,2031,q1+q4+q5+q6,0.47469999,31881.2844,11099.4034
4401,104,2031,q2+q3+q4+q5,0.8687654,6752.4293,2597.0299
4401,104,2031,q2+q3+q4+q6,0.81816538,15536.0345,6027.1648
4401,104,2031,q2+q3+q5+q6,0.67673845,21170.4515,8115.6809
4401,104,2031,q2+q4+q5+q6,0.57571922,26450.2543,9497.8319
4401,104,2031,q3+q4+q5+q6,0.73734999,21559.6641,7662.5703
4401,104,2031,q1+q2+q3+q4+q5,0.94958079,6195.0116,2454.0026
4401,104,2031,q1+q2+q3+q4+q6,0.89898077,14157.6251,5663.4589
4401,104,2031,q1+q2+q3+q5+q6,0.75755384,18933.6321,7534.5596
4401,104,2031,q1+q2+q4+q5+q6,0.65653461,23219.3501,8752.8704
4401,104,2031,q1+q3+q4+q5+q6,0.81816538,19450.1083,7190.9949
4401,104,2031,q2+q3+q4+q5+q6,0.91918461,17414.6516,6526.213
4401,104,2031,q1+q2+q3+q4+q5+q6,1.0,16023.6669,6184.1239
4401,104,2031,all,1.0,16023.6669,6184.1239
4402,104,2032,q1,0.08081173,200.8578,124.0768
4402,104,2032,q2,0.1818264,622.1894,290.0854
4402,104,2032,q3,0.34344987,2207.8401,887.6688
4402,104,2032,q4,0.2424352,6380.2774,2370.2356
4402,104,2032,q5,0.10101467,29923.4936,9373.0421
4402,104,2032,q6,0.05046213,207865.7387,55591.5304
4402,104,2032,q1+q2,0.26263813,492.5489,248.3865
4402,104,2032,q1+q3,0.4242616,1825.5577,786.261
4402,104,2032,q1+q4,0.32324693,4835.4225,1995.1577
4402,104,2032,q1+q5,0.1818264,16713.4332,6703.9046
4402,104,2032,q1+q6,0.13127387,80027.9632,32880.7367
4402,104,2032,q2+q3,0.52527627,1658.961,700.3629
4402,104,2032,q2+q4,0.4242616,3912.5254,1592.1331
4402,104,2032,q2+q5,0.28284107,11086.9409,4401.305
4402,104,2032,q2+q6,0.23228853,45643.5743,18321.9527
4402,104,2032,q3+q4,0.58588507,3934.3659,1529.7533
4402,104,2032,q3+q5,0.44446453,8506.8522,3213.136
4402,104,2032,q3+q6,0.393912,28553.6639,10784.6838
4402,104,2032,q4+q5,0.34344987,13304.7527,4686.2745
4402,104,2032,q4+q6,0.29289733,41093.4171,14306.9335
4402,104,2032,q5+q6,0.1514768,89202.1764,26433.2823
4402,104,2032,q1+q2+q3,0.606088,1464.5472,645.5362
4402,104,2032,q1+q2+q4,0.50507333,3318.6586,1428.4637
4402,104,2032,q1+q2+q5,0.3636528,8667.8113,3737.7864
4402,104,2032,q1+q2+q6,0.31310027,33914.7286,14966.5592
4402,104,2032,q1+q3+q4,0.6666968,3481.8194,1417.4647
4402,104,2032,q1+q3+q5,0.52527627,7229.0069,2904.0775
4402,104,2032,q1+q3+q6,0.47472373,23727.1948,9596.5087
4402,104,2032,q1+q4+q5,0.4242616,10808.7727,4146.6035
4402,104,2032,q1+q4+q6,0.37370907,32250.7132,12398.2888
4402,104,2032,q1+q5+q6,0.23228853,58239.1721,21072.2516
4402,104,2032,q2+q3+q4,0.76771147,3149.903,1274.8757
4402,104,2032,q2+q3+q5,0.62629093,6217.7566,2485.5263
4402,104,2032,q2+q3+q6,0.5757384,19732.5057,7928.4182
4402,104,2032,q2+q4+q5,0.52527627,8914.6346,3430.3212
4402,104,2032,q2+q4+q6,0.47472373,25592.3222,9867.2676
4402,104,2032,q2+q5+q6,0.3333032,40879.2674,15119.5094
4402,104,2032,q3+q4+q5,0.68689973,7756.2964,2912.439
4402,104,2032,q3+q4+q6,0.6363472,20106.0595,7546.0181
4402,104,2032,q3+q5+q6,0.49492667,28833.2465,10451.2761
4402,104,2032,q4+q5+q6,0.393912,38229.0055,12939.7141
4402,104,2032,q1+q2+q3+q4,0.8485232,2869.0416,1200.6285
4402,104,2032,q1+q2+q3+q5,0.70710267,5530.111,2303.5431
4402,104,2032,q1+q2+q3+q6,0.65655013,17328.4451,7275.5201
4402,104,2032,q1+q2+q4+q5,0.606088,7752.7977,3141.1823
4402,104,2032,q1+q2+q4+q6,0.55553547,21898.7178,8931.5006
4402,104,2032,q1+q2+q5+q6,0.41411493,32941.1504,13218.6154
4402,104,2032,q1+q3+q4+q5,0.76771147,6960.9871,2726.3444
4402,104,2032,q1+q3+q4+q6,0.71715893,17863.0785,7014.3896
4402,104,2032,q1+q3+q5+q6,0.5757384,24814.3501,9548.344
4402,104,2032,q1+q4+q5+q6,0.47472373,31755.513,11644.6825
4402,104,2032,q2+q3+q4+q5,0.86872613,6263.1112,2451.6247
4402,104,2032,q2+q3+q4+q6,0.8181736,15776.0714,6189.1604
4402,104,2032,q2+q3+q5+q6,0.67675307,21253.6503,8193.8135
4402,104,2032,q2+q4+q5+q6,0.5757384,26352.2365,9764.6889
4402,104,2032,q3+q4+q5+q6,0.73736187,21450.9959,7837.9872
4402,104,2032,q1+q2+q3+q4+q5,0.94953787,5747.1747,2322.0625
4402,104,2032,q1+q2+q3+q4+q6,0.89898533,14375.9818,5831.1672
4402,104,2032,q1+q2+q3+q5+q6,0.7575648,19007.8851,7634.1355
4402,104,2032,q1+q2+q4+q5+q6,0.65655013,23133.3836,9016.0277
4402,104,2032,q1+q3+q4+q5+q6,0.8181736,19352.1009,7368.3689
4402,104,2032,q2+q3+q4+q5+q6,0.91918827,17330.8096,6615.5596
4402,104,2032,q1+q2+q3+q4+q5+q6,1.0,15946.5085,6281.0686
4402,104,2032,all,1.0,15946.5085,6281.0686
4403,104,2033,q1,0.0808114,203.1135,124.1659
4403,104,2033,q2,0.18182565,668.2123,307.1066
4403,104,2033,q3,0.34344846,2323.7787,882.3293
4403,104,2033,q4,0.2424342,6999.1625,2301.6808
4403,104,2033,q5,0.10101425,33355.9248,9045.6329
4403,104,2033,q6,0.05046603,214020.425,49984.9462
4403,104,2033,q1+q2,0.26263705,525.105,261.2884
4403,104,2033,q1+q3,0.42425986,1919.8425,785.6559
4403,104,2033,q1+q4,0.32324561,5300.1502,1970.5909
4403,104,2033,q1+q5,0.18182565,18621.342,6708.8138
4403,104,2033,q1+q6,0.13127744,82399.3547,31059.4266
4403,104,2033,q2+q3,0.52527411,1750.698,707.296
4403,104,2033,q2+q4,0.42425986,4285.8981,1605.1139
4403,104,2033,q2+q5,0.2828399,12342.3953,4544.7975
4403,104,2033,q2+q6,0.23229169,47019.5915,17855.5137
4403,104,2033,q3+q4,0.58588266,4258.4203,1519.6783
4403,104,2033,q3+q5,0.44446271,9376.5392,3263.4555
4403,104,2033,q3+q6,0.39391449,29445.1222,10350.4336
4403,104,2033,q4+q5,0.34344846,14751.1514,4565.3995
4403,104,2033,q4+q6,0.29290024,42668.4476,13109.8756
4403,104,2033,q5+q6,0.15148029,93544.7527,24075.5324
4403,104,2033,q1+q2+q3,0.60608551,1544.3534,653.4783
4403,104,2033,q1+q2+q4,0.50507126,3632.6526,1450.3579
4403,104,2033,q1+q2+q5,0.36365131,9644.7771,3895.7106
4403,104,2033,q1+q2+q6,0.31310309,34936.3341,14704.5823
4403,104,2033,q1+q3+q4,0.66669406,3766.8679,1415.6856
4403,104,2033,q1+q3+q5,0.52527411,7965.2429,2968.9716
4403,104,2033,q1+q3+q6,0.47472589,24467.3282,9271.3839
4403,104,2033,q1+q4+q5,0.42425986,11980.0965,4092.6557
4403,104,2033,q1+q4+q6,0.37371164,33485.7442,11528.4485
4403,104,2033,q1+q5+q6,0.23229169,61072.3523,19682.6899
4403,104,2033,q2+q3+q4,0.76770831,3408.1078,1284.2183
4403,104,2033,q2+q3+q5,0.62628836,6848.3152,2564.2074
4403,104,2033,q2+q3+q6,0.57574014,20357.0284,7729.8938
4403,104,2033,q2+q4+q5,0.52527411,9876.2878,3446.2597
4403,104,2033,q2+q4+q6,0.47472589,26581.8588,9354.9728
4403,104,2033,q2+q5+q6,0.33330594,42878.5759,14521.204
4403,104,2033,q3+q4+q5,0.68689691,8537.465,2911.4445
4403,104,2033,q3+q4+q6,0.63634869,20893.7283,7156.5653
4403,104,2033,q3+q5+q6,0.49492874,30243.3115,10024.9195
4403,104,2033,q4+q5+q6,0.39391449,40280.3722,11967.9912
4403,104,2033,q1+q2+q3+q4,0.84851971,3102.8703,1213.5355
4403,104,2033,q1+q2+q3+q5,0.70709976,6088.8636,2385.4899
4403,104,2033,q1+q2+q3+q6,0.65655154,17876.3913,7119.965
4403,104,2033,q1+q2+q4+q5,0.60608551,8586.5313,3178.0753
4403,104,2033,q1+q2+q4+q6,0.55553729,22744.6666,8531.0984
4403,104,2033,q1+q2+q5+q6,0.41411734,34550.8302,12816.4276
4403,104,2033,q1+q3+q4+q5,0.76770831,7660.1649,2739.7836
4403,104,2033,q1+q3+q4+q6,0.7171601,18562.2578,6689.4177
4403,104,2033,q1+q3+q5+q6,0.57574014,26026.8424,9219.6455
4403,104,2033,q1+q4+q5+q6,0.47472589,33458.1206,10894.1274
4403,104,2033,q2+q3+q4+q5,0.86872256,6890.4121,2483.8964
4403,104,2033,q2+q3+q4+q6,0.81817435,16398.9434,5954.0571
4403,104,2033,q2+q3+q5+q6,0.67675439,22297.28,7989.3814
4403,104,2033,q2+q4+q5+q6,0.57574014,27770.3762,9288.0355
4403,104,2033,q3+q4+q5+q6,0.73736295,22600.9736,7472.0631
4403,104,2033,q1+q2+q3+q4+q5,0.94953397,6321.2803,2361.1847
4403,104,2033,q1+q2+q3+q4+q6,0.89898575,14943.0719,5631.0118
4403,104,2033,q1+q2+q3+q5+q6,0.7575658,19940.4411,7474.8995
4403,104,2033,q1+q2+q4+q5+q6,0.65655154,24377.27,8634.4969
4403,104,2033,q1+q3+q4+q5+q6,0.81817435,20388.7282,7060.9159
4403,104,2033,q2+q3+q4+q5+q6,0.9191886,18262.4313,6392.5987
4403,104,2033,q1+q2+q3+q4+q5+q6,1.0,16803.0325,6092.1627
4403,104,2033,all,1.0,16803.0325,6092.1627
4404,104,2034,q1,0.08081156,204.428,123.1261
4404,104,2034,q2,0.18182601,569.8674,301.546
4404,104,2034,q3,0.34344913,2120.6498,877.1426
4404,104,2034,q4,0.24243468,6301.362,2389.2096
4404,104,2034,q5,0.10101445,31865.4204,10190.2416
4404,104,2034,q6,0.05046418,192886.5562,55524.0958
4404,104,2034,q1+q2,0.26263757,457.4245,251.4424
4404,104,2034,q1+q3,0.42426069,1755.6551,772.2531
4404,104,2034,q1+q4,0.32324624,4777.1285,1996.1697
4404,104,2034,q1+q5,0.18182601,17793.8682,7188.9523
4404,104,2034,q1+q6,0.13127574,74274.0558,31505.5589
4404,104,2034,q2+q3,0.52527514,1583.8405,708.6665
4404,104,2034,q2+q4,0.42426069,3845.0072,1659.4602
4404,104,2034,q2+q5,0.28284046,11746.8506,5037.9163
4404,104,2034,q2+q6,0.23229019,42349.9507,18957.3412
4404,104,2034,q3+q4,0.58588381,3850.5997,1534.9541
4404,104,2034,q3+q5,0.44446358,8880.8249,3443.6474
4404,104,2034,q3+q6,0.3939133,26559.6424,10403.3268
4404,104,2034,q4+q5,0.34344913,13820.2027,4968.7341
4404,104,2034,q4+q6,0.29289885,38448.5281,13822.71
4404,104,2034,q5+q6,0.15147863,85508.6255,26370.3001
4404,104,2034,q1+q2+q3,0.6060867,1399.9188,648.6092
4404,104,2034,q1+q2+q4,0.50507225,3262.5145,1474.9499
4404,104,2034,q1+q2+q5,0.36365202,9181.8678,4207.0531
4404,104,2034,q1+q2+q6,0.31310174,31472.1914,15088.0475
4404,104,2034,q1+q3+q4,0.66669537,3408.6395,1416.8511
4404,104,2034,q1+q3+q5,0.52527514,7545.9946,3095.6915
4404,104,2034,q1+q3+q6,0.47472486,22073.2416,9193.2174
4404,104,2034,q1+q4+q5,0.42426069,11226.7218,4371.9692
4404,104,2034,q1+q4+q6,0.37371041,30178.581,11885.5855
4404,104,2034,q1+q5+q6,0.23229019,55832.1016,20738.8935
4404,104,2034,q2+q3+q4,0.76770981,3073.5841,1301.2339
4404,104,2034,q2+q3+q5,0.62628959,6467.9663,2718.9525
4404,104,2034,q2+q3+q6,0.57573931,18351.7314,7830.7218
4404,104,2034,q2+q4+q5,0.52527514,9233.5482,3734.0491
4404,104,2034,q2+q4+q6,0.47472486,23940.4915,9811.6616
4404,104,2034,q2+q5+q6,0.33330463,39172.41,15640.0027
4404,104,2034,q3+q4+q5,0.68689826,7970.4262,3066.0716
4404,104,2034,q3+q4+q6,0.63634798,18841.6802,7288.3966
4404,104,2034,q3+q5+q6,0.49492775,27642.5484,10352.3945
4404,104,2034,q4+q5+q6,0.3939133,36760.3673,12807.8281
4404,104,2034,q1+q2+q3+q4,0.84852137,2800.3312,1220.0703
4404,104,2034,q1+q2+q3+q5,0.70710115,5752.1333,2504.4915
4404,104,2034,q1+q2+q3+q6,0.65655087,16118.0707,7133.5983
4404,104,2034,q1+q2+q4+q5,0.6060867,8029.6655,3395.9734
4404,104,2034,q1+q2+q4+q6,0.55553642,20487.7056,8805.9113
4404,104,2034,q1+q2+q5+q6,0.41411619,31568.1109,13491.4085
4404,104,2034,q1+q3+q4+q5,0.76770981,7152.9527,2860.393
4404,104,2034,q1+q3+q4+q6,0.71715954,16741.582,6748.0618
4404,104,2034,q1+q3+q5+q6,0.57573931,23791.2962,9409.5639
4404,104,2034,q1+q4+q5+q6,0.47472486,30537.5155,11462.1692
4404,104,2034,q2+q3+q4+q5,0.86872426,6421.4721,2619.9323
4404,104,2034,q2+q3+q4+q6,0.81817399,14781.0637,6081.159
4404,104,2034,q2+q3+q5+q6,0.67675376,20368.8282,8278.3194
4404,104,2034,q2+q4+q5+q6,0.57573931,25330.9339,9892.7797
4404,104,2034,q3+q4+q5+q6,0.73736243,20625.8583,7755.8396
4404,104,2034,q1+q2+q3+q4+q5,0.94953582,5892.3619,2471.9251
4404,104,2034,q1+q2+q3+q4+q6,0.89898555,13470.7416,5704.5882
4404,104,2034,q1+q2+q3+q5+q6,0.75756532,18217.8366,7670.2016
4404,104,2034,q1+q2+q4+q5+q6,0.65655087,22238.2381,9077.7865
4404,104,2034,q1+q3+q4+q5+q6,0.81817399,18608.8208,7267.035
4404,104,2034,q2+q3+q4+q5+q6,0.91918844,16658.5535,6644.3762
4404,104,2034,q1+q2+q3+q4+q5+q6,1.0,15328.8699,6285.5942
4404,104,2034,all,1.0,15328.8699,6285.5942
4405,104,2035,q1,0.08082079,203.7889,111.4601
4405,104,2035,q2,0.18184677,593.7557,276.0841
4405,104,2035,q3,0.34348834,2364.0148,959.0223
4405,104,2035,q4,0.24246236,7245.876,2621.3954
4405,104,2035,q5,0.10102598,32655.4801,9806.2749
4405,104,2035,q6,0.05035575,201359.8115,52233.391
4405,104,2035,q1+q2,0.26266756,473.766,230.9395
4405,104,2035,q1+q3,0.42430913,1952.5432,833.083
4405,104,2035,q1+q4,0.32328315,5485.3542,2167.9643
4405,104,2035,q1+q5,0.18184677,18232.5062,6847.5379
4405,104,2035,q1+q6,0.13117654,77423.1078,29705.6648
4405,104,2035,q2+q3,0.52533512,1751.2328,743.2452
4405,104,2035,q2+q4,0.42430913,4394.9673,1757.1416
4405,104,2035,q2+q5,0.28287275,12044.3716,4683.1413
4405,104,2035,q2+q6,0.23220252,44132.1542,17511.0543
4405,104,2035,q3+q4,0.58595071,4384.0953,1693.4902
4405,104,2035,q3+q5,0.44451433,9248.4387,3474.7347
4405,104,2035,q3+q6,0.3938441,27807.0349,10522.0309
4405,104,2035,q4+q5,0.34348834,14719.2889,5022.6548
4405,104,2035,q4+q6,0.29281811,40627.5318,13763.9915
4405,104,2035,q5+q6,0.15138174,88773.4365,25329.9922
4405,104,2035,q1+q2+q3,0.6061559,1544.907,675.8658
4405,104,2035,q1+q2+q4,0.50512992,3724.3788,1556.0078
4405,104,2035,q1+q2+q5,0.36369354,9413.131,3911.3242
4405,104,2035,q1+q2+q6,0.31302331,32790.1074,14003.2665
4405,104,2035,q1+q3+q4,0.66677149,3877.3915,1553.057
4405,104,2035,q1+q3+q5,0.52533512,7856.9541,3101.3114
4405,104,2035,q1+q3+q6,0.47466488,23107.0536,9227.7644
4405,104,2035,q1+q4+q5,0.42430913,11954.4318,4393.9899
4405,104,2035,q1+q4+q6,0.3736389,31883.5849,11770.6616
4405,104,2035,q1+q5+q6,0.23220252,57945.7414,19836.1807
4405,104,2035,q2+q3+q4,0.76779748,3486.3833,1402.9608
4405,104,2035,q2+q3+q5,0.6263611,6735.7888,2680.0871
4405,104,2035,q2+q3+q6,0.57569087,19211.0206,7723.6492
4405,104,2035,q2+q4+q5,0.52533512,9829.6813,3694.5379
4405,104,2035,q2+q4+q6,0.47466488,25290.3684,9562.2153
4405,104,2035,q2+q5+q6,0.33322851,40652.7331,14698.5788
4405,104,2035,q3+q4+q5,0.68697669,8541.6519,3166.1515
4405,104,2035,q3+q4+q6,0.63630646,19972.2769,7427.4062
4405,104,2035,q3+q5+q6,0.49487008,28796.8279,10347.1925
4405,104,2035,q4+q5+q6,0.3938441,38582.5999,12655.1223
4405,104,2035,q1+q2+q3+q4,0.84861826,3173.7553,1310.1269
4405,104,2035,q1+q2+q3+q5,0.70718189,5989.2745,2459.6646
4405,104,2035,q1+q2+q3+q6,0.65651166,16871.1087,7011.5777
4405,104,2035,q1+q2+q4+q5,0.6061559,8546.229,3351.9448
4405,104,2035,q1+q2+q4+q6,0.55548567,21640.3785,8566.9489
4405,104,2035,q1+q2+q5+q6,0.41404929,32757.259,12682.934
4405,104,2035,q1+q3+q4+q5,0.76779748,7663.9821,2940.5803
4405,104,2035,q1+q3+q4+q6,0.71712725,17744.3532,6845.8079
4405,104,2035,q1+q3+q5+q6,0.57569087,24782.6737,9355.3849
4405,104,2035,q1+q4+q5+q6,0.47466488,32047.8723,11280.5921
4405,104,2035,q2+q3+q4+q5,0.86882346,6878.1387,2662.5614
4405,104,2035,q2+q3+q4+q6,0.81815323,15665.1112,6096.9441
4405,104,2035,q2+q3+q5+q6,0.67671685,21218.1226,8119.8645
4405,104,2035,q2+q4+q5+q6,0.57569087,26582.8462,9613.7957
4405,104,2035,q3+q4+q5+q6,0.73733244,21710.0725,7818.2853
4405,104,2035,q1+q2+q3+q4+q5,0.94964425,6310.109,2504.9753
4405,104,2035,q1+q2+q3+q4+q6,0.89897402,14275.0864,5703.8252
4405,104,2035,q1+q2+q3+q5+q6,0.75753764,18976.1284,7502.2597
4405,104,2035,q1+q2+q4+q5+q6,0.65651166,23335.4154,8806.6236
4405,104,2035,q1+q3+q4+q5+q6,0.81815323,19585.5869,7299.5066
4405,104,2035,q2+q3+q4+q5+q6,0.91917921,17532.5041,6608.6869
4405,104,2035,q1+q2+q3+q4+q5+q6,1.0,16131.9837,6237.4656
4405,104,2035,all,1.0,16131.9837,6237.4656
4406,104,2036,q1,0.08081214,203.4783,119.3704
4406,104,2036,q2,0.18182731,672.6957,295.7583
4406,104,2036,q3,0.34345159,2438.17,922.776
4406,104,2036,q4,0.24243642,7051.6071,2494.5389
4406,104,2036,q5,0.10101517,33021.8661,9610.822
4406,104,2036,q6,0.05045736,214897.1019,51126.6606
4406,104,2036,q1+q2,0.26263945,528.3211,251.6858
4406,104,2036,q1+q3,0.42426373,2012.5145,816.8937
4406,104,2036,q1+q4,0.32324856,5339.5749,2097.0246
4406,104,2036,q1+q5,0.18182731,18435.916,6914.072
4406,104,2036,q1+q6,0.1312695,82727.4003,31041.9377
4406,104,2036,q2+q3,0.52527891,1827.0443,726.4822
4406,104,2036,q2+q4,0.42426373,4317.7879,1667.0347
4406,104,2036,q2+q5,0.28284249,12225.9708,4546.199
4406,104,2036,q2+q6,0.23228468,47206.9694,17526.6103
4406,104,2036,q3+q4,0.58588801,4347.1785,1599.0499
4406,104,2036,q3+q5,0.44446677,9389.0101,3326.373
4406,104,2036,q3+q6,0.39390896,29652.8789,10433.1855
4406,104,2036,q4+q5,0.34345159,14689.9186,4886.9292
4406,104,2036,q4+q6,0.29289378,42857.5421,13987.7453
4406,104,2036,q5+q6,0.15147254,93606.742,25357.3046
4406,104,2036,q1+q2+q3,0.60609104,1610.5688,669.1531
4406,104,2036,q1+q2+q4,0.50507587,3659.4984,1494.6367
4406,104,2036,q1+q2+q5,0.36365463,9554.3058,3867.4261
4406,104,2036,q1+q2+q6,0.31309682,35075.0905,14385.5461
4406,104,2036,q1+q3+q4,0.66670015,3844.9118,1481.2671
4406,104,2036,q1+q3+q5,0.52527891,7975.8513,3009.0777
4406,104,2036,q1+q3+q6,0.47472109,24639.6847,9303.1927
4406,104,2036,q1+q4+q5,0.42426373,11930.5966,4325.6861
4406,104,2036,q1+q4+q6,0.37370592,33633.8024,12142.2358
4406,104,2036,q1+q5+q6,0.23228468,61111.6259,20368.7773
4406,104,2036,q2+q3+q4,0.76771532,3476.9062,1330.4078
4406,104,2036,q2+q3+q5,0.62629408,6858.4672,2575.0162
4406,104,2036,q2+q3+q6,0.57573627,20500.4438,7698.5907
4406,104,2036,q2+q4+q5,0.52527891,9837.803,3573.8021
4406,104,2036,q2+q4+q6,0.47472109,26699.9342,9668.4323
4406,104,2036,q2+q5+q6,0.33329985,42907.8056,14702.1728
4406,104,2036,q3+q4+q5,0.68690318,8564.0443,3032.5005
4406,104,2036,q3+q4+q6,0.63634537,21042.1911,7418.8336
4406,104,2036,q3+q5+q6,0.49492413,30340.4971,10238.5735
4406,104,2036,q4+q5+q6,0.39390896,40335.2524,12767.0518
4406,104,2036,q1+q2+q3+q4,0.84852746,3165.1512,1252.6026
4406,104,2036,q1+q2+q3+q5,0.70710622,6097.897,2387.6987
4406,104,2036,q1+q2+q3+q6,0.65654841,18002.1646,7073.7349
4406,104,2036,q1+q2+q4+q5,0.60609104,8553.2263,3273.3348
4406,104,2036,q1+q2+q4+q6,0.55553323,22845.5559,8760.4577
4406,104,2036,q1+q2+q5+q6,0.41411199,34574.2433,12893.2104
4406,104,2036,q1+q3+q4+q5,0.76771532,7683.9847,2839.3524
4406,104,2036,q1+q3+q4+q6,0.71715751,18694.0027,6901.2286
4406,104,2036,q1+q3+q5+q6,0.57573627,26110.3711,9369.7425
4406,104,2036,q1+q4+q5+q6,0.47472109,33503.5894,11506.6005
4406,104,2036,q2+q3+q4+q5,0.8687305,6912.3667,2551.5811
4406,104,2036,q2+q3+q4+q6,0.81817269,16515.3587,6090.9489
4406,104,2036,q2+q3+q5+q6,0.67675144,22369.4515,8051.5827
4406,104,2036,q2+q4+q5+q6,0.57573627,27809.1419,9656.3728
4406,104,2036,q3+q4+q5+q6,0.73736055,22683.3542,7772.3684
4406,104,2036,q1+q2+q3+q4+q5,0.94954264,6341.3975,2417.0903
4406,104,2036,q1+q2+q3+q4+q6,0.89898483,15049.0403,5741.8278
4406,104,2036,q1+q2+q3+q5+q6,0.75756358,20004.9243,7510.1029
4406,104,2036,q1+q2+q4+q5+q6,0.65654841,24411.2618,8924.8096
4406,104,2036,q1+q3+q4+q5+q6,0.81817269,20462.9833,7311.9538
4406,104,2036,q2+q3+q4+q5+q6,0.91918786,18329.3597,6567.1378
4406,104,2036,q1+q2+q3+q4+q5+q6,1.0,16864.5685,6238.5756
4406,104,2036,all,1.0,16864.5685,6238.5756
4407,104,2037,q1,0.08081214,208.4659,115.2327
4407,104,2037,q2,0.18182731,561.0988,264.9963
4407,104,2037,q3,0.34345159,2262.6614,953.768
4407,104,2037,q4,0.24243642,7264.6992,2696.411
4407,104,2037,q5,0.10101517,30417.909,10021.6254
4407,104,2037,q6,0.05045736,191410.3009,56365.7646
4407,104,2037,q1+q2,0.26263945,452.5963,223.7781
4407,104,2037,q1+q3,0.42426373,1871.3861,826.1996
4407,104,2037,q1+q4,0.32324856,5500.6409,2224.3419
4407,104,2037,q1+q5,0.18182731,16991.4898,6823.136
4407,104,2037,q1+q6,0.1312695,73702.6157,30468.0807
4407,104,2037,q2+q3,0.52527891,1673.659,732.748
4407,104,2037,q2+q4,0.42426373,4391.7276,1794.7403
4407,104,2037,q2+q5,0.28284249,11224.2453,4590.3468
4407,104,2037,q2+q6,0.23228468,42017.7618,17543.2416
4407,104,2037,q3+q4,0.58588801,4332.4702,1729.1649
4407,104,2037,q3+q5,0.44446677,8661.5813,3433.0543
4407,104,2037,q3+q6,0.39390896,26491.3343,10581.9459
4407,104,2037,q4+q5,0.34345159,14074.4668,5036.471
4407,104,2037,q4+q6,0.29289378,38987.8089,13849.6013
4407,104,2037,q5+q6,0.15147254,84046.453,26636.1011
4407,104,2037,q1+q2+q3,0.60609104,1478.2999,665.6753
4407,104,2037,q1+q2+q4,0.50507587,3722.4057,1587.4253
4407,104,2037,q1+q2+q5,0.36365463,8776.2943,3809.4375
4407,104,2037,q1+q2+q6,0.31309682,31226.5353,13916.5353
4407,104,2037,q1+q3+q4,0.66670015,3832.5909,1582.9889
4407,104,2037,q1+q3+q5,0.52527891,7361.102,3050.395
4407,104,2037,q1+q3+q6,0.47472109,22017.1813,9230.5744
4407,104,2037,q1+q4+q5,0.42426373,11433.3238,4385.9445
4407,104,2037,q1+q4+q6,0.37370592,30601.9593,11781.1184
4407,104,2037,q1+q5+q6,0.23228468,54879.1089,20424.0181
4407,104,2037,q2+q3+q4,0.76771532,3439.2506,1424.9472
4407,104,2037,q2+q3+q5,0.62629408,6309.8283,2623.3704
4407,104,2037,q2+q3+q6,0.57573627,18302.1245,7685.0568
4407,104,2037,q2+q4+q5,0.52527891,9396.7625,3670.4387
4407,104,2037,q2+q4+q6,0.47472109,24269.6396,9525.5297
4407,104,2037,q2+q5+q6,0.33329985,38502.1252,14870.8247
4407,104,2037,q3+q4+q5,0.68690318,8168.5641,3161.9132
4407,104,2037,q3+q4+q6,0.63634537,19166.3238,7439.9843
4407,104,2037,q3+q5+q6,0.49492413,27292.7574,10449.0519
4407,104,2037,q4+q5+q6,0.39390896,36790.1185,12811.9859
4407,104,2037,q1+q2+q3+q4,0.84852746,3131.5568,1329.169
4407,104,2037,q1+q2+q3+q5,0.70710622,5612.5298,2401.4873
4407,104,2037,q1+q2+q3+q6,0.65654841,16075.0424,6955.6944
4407,104,2037,q1+q2+q4+q5,0.60609104,8171.6563,3321.8359
4407,104,2037,q1+q2+q4+q6,0.55553323,20769.5161,8510.7523
4407,104,2037,q1+q2+q5+q6,0.41411199,31029.2855,12733.1616
4407,104,2037,q1+q3+q4+q5,0.76771532,7330.659,2930.0189
4407,104,2037,q1+q3+q4+q6,0.71715751,17030.0775,6840.2363
4407,104,2037,q1+q3+q5+q6,0.57573627,23491.1217,9399.1298
4407,104,2037,q1+q4+q5+q6,0.47472109,30562.7955,11358.7754
4407,104,2037,q2+q3+q4+q5,0.8687305,6576.3039,2645.4621
4407,104,2037,q2+q3+q4+q6,0.81817269,15031.5755,6075.3877
4407,104,2037,q2+q3+q5+q6,0.67675144,20110.5848,8112.0625
4407,104,2037,q2+q4+q5+q6,0.57573627,25348.3774,9625.8546
4407,104,2037,q3+q4+q5+q6,0.73736055,20707.7418,7846.7564
4407,104,2037,q1+q2+q3+q4+q5,0.94954264,6034.3603,2485.0333
4407,104,2037,q1+q2+q3+q4+q6,0.89898483,13699.0868,5673.9354
4407,104,2037,q1+q2+q3+q5+q6,0.75756358,17987.5514,7471.0802
4407,104,2037,q1+q2+q4+q5+q6,0.65654841,22253.9978,8789.423
4407,104,2037,q1+q3+q4+q5+q6,0.81817269,18682.9977,7306.478
4407,104,2037,q2+q3+q4+q5+q6,0.91918786,16722.4738,6594.4699
4407,104,2037,q1+q2+q3+q4+q5+q6,1.0,15387.9415,6212.0718
4407,104,2037,all,1.0,15387.9415,6212.0718
4408,104,2038,q1,0.08081214,203.4765,120.623
4408,104,2038,q2,0.18182731,594.8628,299.064
4408,104,2038,q3,0.34345159,2202.2862,889.6674
4408,104,2038,q4,0.24243642,6577.8206,2400.1318
4408,104,2038,q5,0.10101517,33134.5257,9931.8414
4408,104,2038,q6,0.05045736,195594.9693,54547.6135
4408,104,2038,q1+q2,0.26263945,474.4362,250.2174
4408,104,2038,q1+q3,0.42426373,1821.5605,783.3965
4408,104,2038,q1+q4,0.32324856,4984.2346,2012.0632
4408,104,2038,q1+q5,0.18182731,18498.5038,7106.1612
4408,104,2038,q1+q6,0.1312695,75308.0467,31160.5727
4408,104,2038,q2+q3,0.52527891,1645.8704,713.4055
4408,104,2038,q2+q4,0.42426373,4013.6958,1659.5633
4408,104,2038,q2+q5,0.28284249,12216.1709,4945.4333
4408,104,2038,q2+q6,0.23228468,42953.1939,18388.1539
4408,104,2038,q3+q4,0.58588801,4012.8521,1552.2744
4408,104,2038,q3+q5,0.44446677,9232.3406,3456.4623
4408,104,2038,q3+q6,0.39390896,26974.7235,10304.9994
4408,104,2038,q4+q5,0.34345159,14388.6162,4934.7405
4408,104,2038,q4+q6,0.29289378,39140.1609,13561.1161
4408,104,2038,q5+q6,0.15147254,87252.0957,25517.3239
4408,104,2038,q1+q2+q3,0.60609104,1453.5512,653.4663
4408,104,2038,q1+q2+q4,0.50507587,3404.0607,1479.0862
4408,104,2038,q1+q2+q5,0.36365463,9546.6833,4157.7407
4408,104,2038,q1+q2+q6,0.31309682,31919.2391,14720.2051
4408,104,2038,q1+q3+q4,0.66670015,3551.1096,1434.0599
4408,104,2038,q1+q3+q5,0.52527891,7843.2846,3112.8732
4408,104,2038,q1+q3+q6,0.47472109,22417.4334,9115.7737
4408,104,2038,q1+q4+q5,0.42426373,11686.6848,4357.9332
4408,104,2038,q1+q4+q6,0.37370592,30720.2869,11694.6951
4408,104,2038,q1+q5+q6,0.23228468,56967.7686,20225.6723
4408,104,2038,q2+q3+q4,0.76771532,3203.3283,1310.7064
4408,104,2038,q2+q3+q5,0.62629408,6724.6858,2719.1868
4408,104,2038,q2+q3+q6,0.57573627,18643.5145,7706.7122
4408,104,2038,q2+q4+q5,0.52527891,9613.8554,3704.7619
4408,104,2038,q2+q4+q6,0.47472109,24376.5701,9587.301
4408,104,2038,q2+q5+q6,0.33329985,39977.3916,15148.2538
4408,104,2038,q3+q4+q5,0.68690318,8295.4512,3077.4137
4408,104,2038,q3+q4+q6,0.63634537,19203.8615,7207.3436
4408,104,2038,q3+q5+q6,0.49492413,28231.9536,10213.0799
4408,104,2038,q4+q5+q6,0.39390896,37600.0581,12526.6682
4408,104,2038,q1+q2+q3+q4,0.84852746,2917.6282,1230.0977
4408,104,2038,q1+q2+q3+q5,0.70710622,5979.4047,2508.9791
4408,104,2038,q1+q2+q3+q6,0.65654841,16373.7977,7030.4066
4408,104,2038,q1+q2+q4+q5,0.60609104,8359.1382,3378.9082
4408,104,2038,q1+q2+q4+q6,0.55553323,20860.1659,8626.6359
4408,104,2038,q1+q2+q5+q6,0.41411199,32215.6864,13131.7917
4408,104,2038,q1+q3+q4+q5,0.76771532,7443.6644,2874.6547
4408,104,2038,q1+q3+q4+q6,0.71715751,17062.8231,6679.9737
4408,104,2038,q1+q3+q5+q6,0.57573627,24297.7891,9298.5795
4408,104,2038,q1+q4+q5+q6,0.47472109,31234.0091,11244.174
4408,104,2038,q2+q3+q4+q5,0.8687305,6683.7001,2623.407
4408,104,2038,q2+q3+q4+q6,0.81817269,15068.2746,5992.8238
4408,104,2038,q2+q3+q5+q6,0.67675144,20806.5125,8140.2238
4408,104,2038,q2+q4+q5+q6,0.57573627,25913.1875,9662.5019
4408,104,2038,q3+q4+q5+q6,0.73736055,21112.3017,7659.0801
4408,104,2038,q1+q2+q3+q4+q5,0.94954264,6132.1917,2478.1991
4408,104,2038,q1+q2+q3+q4+q6,0.89898483,13732.0383,5627.8854
4408,104,2038,q1+q2+q3+q5+q6,0.75756358,18608.7096,7554.3861
4408,104,2038,q1+q2+q4+q5+q6,0.65654841,22748.6734,8888.4045
4408,104,2038,q1+q3+q4+q5+q6,0.81817269,19047.1057,7185.2618
4408,104,2038,q2+q3+q4+q5+q6,0.91918786,17053.6854,6547.2753
4408,104,2038,q1+q2+q3+q4+q5+q6,1.0,15691.984,6201.0696
4408,104,2038,all,1.0,15691.984,6201.0696
4409,104,2039,q1,0.08081214,203.4423,123.9105
4409,104,2039,q2,0.18182731,616.6433,297.5308
4409,104,2039,q3,0.34345159,2299.7393,873.3954
4409,104,2039,q4,0.24243642,7011.8689,2266.5319
4409,104,2039,q5,0.10101517,32757.369,9050.8763
4409,104,2039,q6,0.05045736,216062.1479,51742.1102
4409,104,2039,q1+q2,0.26263945,489.5045,252.3197
4409,104,2039,q1+q3,0.42426373,1900.4446,777.5031
4409,104,2039,q1+q4,0.32324856,5309.7622,1944.4665
4409,104,2039,q1+q5,0.18182731,18288.9571,6673.8178
4409,104,2039,q1+q6,0.1312695,83175.1984,31796.8705
4409,104,2039,q2+q3,0.52527891,1717.1291,704.0126
4409,104,2039,q2+q4,0.42426373,4271.0579,1608.059
4409,104,2039,q2+q5,0.28284249,12095.4739,4607.9164
4409,104,2039,q2+q6,0.23228468,47416.1666,18746.0068
4409,104,2039,q3+q4,0.58588801,4249.586,1504.9836
4409,104,2039,q3+q5,0.44446677,9221.9279,3227.5805
4409,104,2039,q3+q6,0.39390896,29681.4157,10485.5165
4409,104,2039,q4+q5,0.34345159,14584.0748,4489.8367
4409,104,2039,q4+q6,0.29289378,43025.3543,13117.2057
4409,104,2039,q5+q6,0.15147254,93818.4433,24659.0444
4409,104,2039,q1+q2+q3,0.60609104,1515.3042,649.5742
4409,104,2039,q1+q2+q4,0.50507587,3620.2394,1451.7172
4409,104,2039,q1+q2+q5,0.36365463,9452.8002,3928.0771
4409,104,2039,q1+q2+q6,0.31309682,35230.2833,15315.3942
4409,104,2039,q1+q3+q4,0.66670015,3759.1444,1402.4438
4409,104,2039,q1+q3+q5,0.52527891,7834.4685,2933.9885
4409,104,2039,q1+q3+q6,0.47472109,24663.3575,9383.6752
4409,104,2039,q1+q4+q5,0.42426373,11844.9067,4025.7824
4409,104,2039,q1+q4+q6,0.37370592,33765.3182,11540.493
4409,104,2039,q1+q5+q6,0.23228468,61249.6634,20067.428
4409,104,2039,q2+q3+q4,0.76771532,3389.1522,1280.9679
4409,104,2039,q2+q3+q5,0.62629408,6723.6194,2557.08
4409,104,2039,q2+q3+q6,0.57573627,20502.2659,7912.0739
4409,104,2039,q2+q4+q5,0.52527891,9749.1947,3431.2846
4409,104,2039,q2+q4+q6,0.47472109,26782.002,9505.3835
4409,104,2039,q2+q5+q6,0.33329985,42973.4374,15027.2144
4409,104,2039,q3+q4+q5,0.68690318,8441.9071,2870.7409
4409,104,2039,q3+q4+q6,0.63634537,21044.7163,7180.3276
4409,104,2039,q3+q5+q6,0.49492413,30309.225,10131.2756
4409,104,2039,q4+q5+q6,0.39390896,40392.2019,11996.3179
4409,104,2039,q1+q2+q3+q4,0.84852746,3085.7513,1210.0214
4409,104,2039,q1+q2+q3+q5,0.70710622,5978.4563,2375.6571
4409,104,2039,q1+q2+q3+q6,0.65654841,18003.758,7276.0
4409,104,2039,q1+q2+q4+q5,0.60609104,8476.4277,3161.2604
4409,104,2039,q1+q2+q4+q6,0.55553323,22915.6802,8658.7541
4409,104,2039,q1+q2+q5+q6,0.41411199,34627.0603,13206.114
4409,104,2039,q1+q3+q4+q5,0.76771532,7574.7002,2701.4356
4409,104,2039,q1+q3+q4+q6,0.71715751,18696.2393,6711.6699
4409,104,2039,q1+q3+q5+q6,0.57573627,26083.4834,9308.2587
4409,104,2039,q1+q4+q5+q6,0.47472109,33550.8382,10916.6369
4409,104,2039,q2+q3+q4+q5,0.8687305,6804.0611,2466.1607
4409,104,2039,q2+q3+q4+q6,0.81817269,16504.8658,6023.3894
4409,104,2039,q2+q3+q5+q6,0.67675144,22331.5215,8136.2186
4409,104,2039,q2+q4+q5+q6,0.57573627,27830.4034,9407.8191
4409,104,2039,q3+q4+q5+q6,0.73736055,22649.2985,7486.9062
4409,104,2039,q1+q2+q3+q4+q5,0.94954264,6242.3063,2343.3004
4409,104,2039,q1+q2+q3+q4+q6,0.89898483,15039.4875,5693.7519
4409,104,2039,q1+q2+q3+q5+q6,0.75756358,19971.0366,7602.05
4409,104,2039,q1+q2+q4+q5+q6,0.65654841,24429.902,8736.8436
4409,104,2039,q1+q3+q4+q5+q6,0.81817269,20432.2878,7073.5362
4409,104,2039,q2+q3+q4+q5+q6,0.91918786,18290.9528,6447.8753
4409,104,2039,q1+q2+q3+q4+q5+q6,1.0,16829.2624,6141.6647
4409,104,2039,all,1.0,16829.2624,6141.6647
4410,104,2040,q1,0.08081214,199.8907,124.9292
4410,104,2040,q2,0.18182731,634.923,306.7308
4410,104,2040,q3,0.34345159,2146.5931,914.931
4410,104,2040,q4,0.24243642,6606.4252,2377.6733
4410,104,2040,q5,0.10101517,31727.854,9435.3298
4410,104,2040,q6,0.05045736,193311.5976,51092.7127
4410,104,2040,q1+q2,0.26263945,501.0669,260.2441
4410,104,2040,q1+q3,0.42426373,1775.7927,805.6927
4410,104,2040,q1+q4,0.32324856,5004.7916,2014.891
4410,104,2040,q1+q5,0.18182731,17715.4259,6868.3804
4410,104,2040,q1+q6,0.1312695,74428.1569,30511.7103
4410,104,2040,q2+q3,0.52527891,1623.3227,721.2945
4410,104,2040,q2+q4,0.42426373,4047.2099,1635.3303
4410,104,2040,q2+q5,0.28284249,11739.5412,4637.1188
4410,104,2040,q2+q6,0.23228468,42488.5534,17397.6916
4410,104,2040,q3+q4,0.58588801,3992.0409,1580.9551
4410,104,2040,q3+q5,0.44446677,8869.607,3441.5676
4410,104,2040,q3+q6,0.39390896,26633.6782,10525.9048
4410,104,2040,q4+q5,0.34345159,13995.0807,4743.5629
4410,104,2040,q4+q6,0.29289378,38770.477,13135.1349
4410,104,2040,q5+q6,0.15147254,85553.3845,24423.8282
4410,104,2040,q1+q2+q3,0.60609104,1433.5318,662.4973
4410,104,2040,q1+q2+q4,0.50507587,3431.6389,1469.7246
4410,104,2040,q1+q2+q5,0.36365463,9175.1744,3946.9561
4410,104,2040,q1+q2+q6,0.31309682,31573.5995,14191.4806
4410,104,2040,q1+q3+q4,0.66670015,3532.3863,1463.9258
4410,104,2040,q1+q3+q5,0.52527891,7535.8045,3105.1586
4410,104,2040,q1+q3+q6,0.47472109,22133.8341,9331.5387
4410,104,2040,q1+q4+q5,0.42426373,11367.4255,4220.8955
4410,104,2040,q1+q4+q6,0.37370592,30429.77,11442.4373
4410,104,2040,q1+q5+q6,0.23228468,55858.7937,19662.5845
4410,104,2040,q2+q3+q4,0.76771532,3196.934,1322.5272
4410,104,2040,q2+q3+q5,0.62629408,6478.8922,2666.2779
4410,104,2040,q2+q3+q6,0.57573627,18422.8288,7724.7218
4410,104,2040,q2+q4+q5,0.52527891,9370.4107,3541.8983
4410,104,2040,q2+q4+q6,0.47472109,24163.826,9244.1588
4410,104,2040,q2+q5+q6,0.33329985,39227.244,14415.5945
4410,104,2040,q3+q4+q5,0.68690318,8070.8369,3047.6048
4410,104,2040,q3+q4+q6,0.63634537,19003.6464,7239.8475
4410,104,2040,q3+q5+q6,0.49492413,27673.4114,10248.7047
4410,104,2040,q4+q5+q6,0.39390896,36964.446,12091.4987
4410,104,2040,q1+q2+q3+q4,0.84852746,2911.5013,1244.5199
4410,104,2040,q1+q2+q3+q5,0.70710622,5761.2921,2467.2651
4410,104,2040,q1+q2+q3+q6,0.65654841,16179.8341,7070.6497
4410,104,2040,q1+q2+q4+q5,0.60609104,8147.6747,3251.0304
4410,104,2040,q1+q2+q4+q6,0.55553323,20677.8476,8383.6034
4410,104,2040,q1+q2+q5+q6,0.41411199,31611.2271,12632.4512
4410,104,2040,q1+q3+q4+q5,0.76771532,7242.3163,2853.6465
4410,104,2040,q1+q3+q4+q6,0.71715751,16884.765,6728.6446
4410,104,2040,q1+q3+q5+q6,0.57573627,23817.1424,9355.5928
4410,104,2040,q1+q4+q5+q6,0.47472109,30705.9873,10931.1724
4410,104,2040,q2+q3+q4+q5,0.8687305,6514.4828,2577.7281
4410,104,2040,q2+q3+q4+q6,0.81817269,14921.4573,5964.8857
4410,104,2040,q2+q3+q5+q6,0.67675144,20408.8008,8063.9744
4410,104,2040,q2+q4+q5+q6,0.57573627,25490.9642,9285.2431
4410,104,2040,q3+q4+q5+q6,0.73736055,20746.8072,7610.8727
4410,104,2040,q1+q2+q3+q4+q5,0.94954264,5977.0707,2441.3054
4410,104,2040,q1+q2+q3+q4+q6,0.89898483,13598.0964,5617.8647
4410,104,2040,q1+q2+q3+q5+q6,0.75756358,18253.0408,7506.7009
4410,104,2040,q1+q2+q4+q5+q6,0.65654841,22377.9786,8592.5363
4410,104,2040,q1+q3+q4+q5+q6,0.81817269,18717.3576,7158.4138
4410,104,2040,q2+q3+q4+q5+q6,0.91918786,16768.4149,6458.8729
4410,104,2040,q1+q2+q3+q4+q5+q6,1.0,15429.4771,6133.3183
4410,104,2040,all,1.0,15429.4771,6133.3183
4501,105,2041,q1,0.08422163,202.7718,118.4634
4501,105,2041,q2,0.21055408,606.3839,291.5937
4501,105,2041,q3,0.2526649,2269.1077,917.4746
4501,105,2041,q4,0.2526649,6931.1108,2444.4747
4501,105,2041,q5,0.12633245,32629.7684,9587.4375
4501,105,2041,q6,0.07356203,201133.7103,52293.0814
4501,105,2041,q1+q2,0.29477572,491.0662,248.7109
4501,105,2041,q1+q3,0.33688654,1752.5237,767.6984
4501,105,2041,q1+q4,0.33688654,5249.0261,2054.8272
4501,105,2041,q1+q5,0.21055408,19658.9698,7209.7872
4501,105,2041,q1+q6,0.15778366,93880.9575,34682.4063
4501,105,2041,q2+q3,0.46321899,1513.3242,659.6091
4501,105,2041,q2+q4,0.46321899,4056.235,1627.8053
4501,105,2041,q2+q5,0.33688654,12615.1531,4897.206
4501,105,2041,q2+q6,0.28411611,52525.9898,20704.1098
4501,105,2041,q3+q4,0.5053298,4600.1092,1733.0684
4501,105,2041,q3+q5,0.37899735,12389.3279,4451.3576
4501,105,2041,q3+q6,0.32622693,47111.7676,16929.4574
4501,105,2041,q4+q5,0.37899735,15497.33,5123.5209
4501,105,2041,q4+q6,0.32622693,50722.5197,16557.7988
4501,105,2041,q5+q6,0.19989448,94639.9431,26536.7469
4501,105,2041,q1+q2+q3,0.54744062,1311.7007,594.9714
4501,105,2041,q1+q2+q4,0.54744062,3463.3945,1460.2276
4501,105,2041,q1+q2+q5,0.42110817,10132.6769,4216.4523
4501,105,2041,q1+q2+q6,0.36833775,40562.1143,17273.1456
4501,105,2041,q1+q3+q4,0.58955144,3971.9182,1576.375
4501,105,2041,q1+q3+q5,0.46321899,10173.5905,3930.4012
4501,105,2041,q1+q3+q6,0.41044856,37486.3172,14625.7512
4501,105,2041,q1+q4+q5,0.46321899,12716.5013,4564.4229
4501,105,2041,q1+q4+q6,0.41044856,40356.1642,14485.3172
4501,105,2041,q1+q5+q6,0.28411611,66645.5684,22093.0862
4501,105,2041,q2+q3+q4,0.71588389,3425.4842,1378.3165
4501,105,2041,q2+q3+q5,0.58955144,8181.1337,3231.1701
4501,105,2041,q2+q3+q6,0.53678101,28869.8808,11515.8675
4501,105,2041,q2+q4+q5,0.58955144,10179.135,3788.0447
4501,105,2041,q2+q4+q6,0.53678101,31064.3037,11602.1604
4501,105,2041,q2+q5+q6,0.41044856,46402.1082,16550.5754
4501,105,2041,q3+q4+q5,0.63166225,10206.0411,3639.6469
4501,105,2041,q3+q4+q6,0.57889183,29574.395,10540.5171
4501,105,2041,q3+q5+q6,0.45255938,43069.1015,14569.7758
4501,105,2041,q4+q5+q6,0.45255938,45671.9082,14461.0064
4501,105,2041,q1+q2+q3+q4,0.80010552,3086.2513,1283.8855
4501,105,2041,q1+q2+q3+q5,0.67377307,7183.8384,2957.031
4501,105,2041,q1+q2+q3+q6,0.62100265,24981.9895,10413.0344
4501,105,2041,q1+q2+q4+q5,0.67377307,8932.0896,3481.9736
4501,105,2041,q1+q2+q4+q6,0.62100265,26878.8004,10555.2841
4501,105,2041,q1+q2+q5+q6,0.4946702,38536.2945,14721.2183
4501,105,2041,q1+q3+q4+q5,0.71588389,9029.1859,3374.6316
4501,105,2041,q1+q3+q4+q6,0.66311346,25843.9232,9690.9091
4501,105,2041,q1+q3+q5+q6,0.53678101,36343.319,13163.9871
4501,105,2041,q1+q4+q5+q6,0.53678101,38537.742,13146.9478
4501,105,2041,q2+q3+q4+q5,0.84221634,7806.1268,2976.0472
4501,105,2041,q2+q3+q4+q6,0.78944592,21848.3014,8364.3046
4501,105,2041,q2+q3+q5+q6,0.66311346,29586.1923,11048.9148
4501,105,2041,q2+q4+q5+q6,0.66311346,31362.5468,11138.224
4501,105,2041,q3+q4+q5+q6,0.70522428,30121.7284,10341.0312
4501,105,2041,q1+q2+q3+q4+q5,0.92643797,7114.9127,2800.9932
4501,105,2041,q1+q2+q3+q4+q6,0.87366755,19761.6703,7825.5082
4501,105,2041,q1+q2+q3+q5+q6,0.7473351,26274.8,10228.1347
4501,105,2041,q1+q2+q4+q5+q6,0.7473351,27850.9665,10348.3891
4501,105,2041,q1+q3+q4+q5+q6,0.78944592,26929.8398,9670.672
4501,105,2041,q2+q3+q4+q5+q6,0.91577837,23335.6145,8575.3333
4501,105,2041,q1+q2+q3+q4+q5+q6,1.0,21387.3287,8112.8726
4501,105,2041,all,1.0,21387.3287,8112.8726
4502,105,2042,q1,0.08421608,200.8578,124.0768
4502,105,2042,q2,0.2105402,622.1894,290.0854
4502,105,2042,q3,0.25264824,2207.8401,887.6688
4502,105,2042,q4,0.25264824,6380.2774,2370.2356
4502,105,2042,q5,0.12632412,29923.4936,9373.0421
4502,105,2042,q6,0.07362312,207865.7387,55591.5304
4502,105,2042,q1+q2,0.29475628,501.8089,251.5895
4502,105,2042,q1+q3,0.33686432,1706.0945,751.5403
4502,105,2042,q1+q4,0.33686432,4835.4225,1995.1577
4502,105,2042,q1+q5,0.2105402,18034.4392,7036.3718
4502,105,2042,q1+q6,0.1578392,97064.8609,37220.4099
4502,105,2042,q2+q3,0.46318844,1487.0898,637.7967
4502,105,2042,q2+q4,0.46318844,3762.9647,1540.1764
4502,105,2042,q2+q5,0.33686432,11610.1785,4575.0425
4502,105,2042,q2+q6,0.28416332,54316.3718,21234.625
4502,105,2042,q3+q4,0.50529648,4294.0587,1658.2365
4502,105,2042,q3+q5,0.37897236,11446.3912,4204.6383
4502,105,2042,q3+q6,0.32627136,48614.5385,17552.0751
4502,105,2042,q4+q5,0.37897236,14228.0161,4977.0518
4502,105,2042,q4+q6,0.32627136,51845.4654,17705.8022
4502,105,2042,q5+q6,0.19994724,95444.0958,28123.1445
4502,105,2042,q1+q2+q3,0.54740452,1289.2079,580.2159
4502,105,2042,q1+q2+q4,0.54740452,3214.9482,1387.9221
4502,105,2042,q1+q2+q5,0.4210804,9328.3143,3962.8514
4502,105,2042,q1+q2+q6,0.3683794,41944.8971,17900.4902
4502,105,2042,q1+q3+q4,0.58951256,3709.3157,1513.4753
4502,105,2042,q1+q3+q5,0.46318844,9401.7488,3728.3563
4502,105,2042,q1+q3+q6,0.41048744,38681.9316,15267.5222
4502,105,2042,q1+q4+q5,0.46318844,11677.6237,4434.6196
4502,105,2042,q1+q4+q6,0.41048744,41249.9978,15510.2239
4502,105,2042,q1+q5+q6,0.28416332,67217.3279,23439.0335
4502,105,2042,q2+q3+q4,0.71583668,3214.0972,1307.2111
4502,105,2042,q2+q3+q5,0.58951256,7580.6049,3012.8591
4502,105,2042,q2+q3+q6,0.53681156,29791.6973,11800.33
4502,105,2042,q2+q4+q5,0.58951256,9368.7923,3598.1664
4502,105,2042,q2+q4+q6,0.53681156,31755.4384,12116.0358
4502,105,2042,q2+q5+q6,0.41048744,46809.665,17001.8792
4502,105,2042,q3+q4+q5,0.6316206,9419.9457,3475.8306
4502,105,2042,q3+q4+q6,0.5789196,30182.9433,11032.8442
4502,105,2042,q3+q5+q6,0.45259548,43397.6729,15028.2875
4502,105,2042,q4+q5+q6,0.45259548,45726.8144,15232.4033
4502,105,2042,q1+q2+q3+q4,0.80005276,2896.9141,1222.1561
4502,105,2042,q1+q2+q3+q5,0.67372864,6658.1365,2769.6936
4502,105,2042,q1+q2+q3+q6,0.62102764,25778.954,10733.1277
4502,105,2042,q1+q2+q4+q5,0.67372864,8222.8005,3314.7769
4502,105,2042,q1+q2+q4+q6,0.62102764,27476.3969,11056.69
4502,105,2042,q1+q2+q5+q6,0.49470352,38875.1934,15185.0738
4502,105,2042,q1+q3+q4+q5,0.71583668,8335.3471,3228.579
4502,105,2042,q1+q3+q4+q6,0.66313568,26375.3158,10168.245
4502,105,2042,q1+q3+q5+q6,0.53681156,36620.8695,13620.4777
4502,105,2042,q1+q4+q5+q6,0.53681156,38584.6106,13854.6568
4502,105,2042,q2+q3+q4+q5,0.8421608,7220.5066,2810.8391
4502,105,2042,q2+q3+q4+q6,0.7894598,22299.4171,8649.3784
4502,105,2042,q2+q3+q5+q6,0.66313568,29816.8039,11243.6774
4502,105,2042,q2+q4+q5+q6,0.66313568,31406.4619,11504.9447
4502,105,2042,q3+q4+q5+q6,0.70524372,30136.4704,10695.9736
4502,105,2042,q1+q2+q3+q4+q5,0.92637688,6582.3567,2651.5614
4502,105,2042,q1+q2+q3+q4+q6,0.87367588,20169.2747,8114.1891
4502,105,2042,q1+q2+q3+q5+q6,0.74735176,26479.5014,10443.6587
4502,105,2042,q1+q2+q4+q5+q6,0.74735176,27890.0272,10707.8723
4502,105,2042,q1+q3+q4+q5+q6,0.7894598,26943.0716,10017.2141
4502,105,2042,q2+q3+q4+q5+q6,0.91578392,23351.0896,8769.0545
4502,105,2042,q1+q2+q3+q4+q5+q6,1.0,21401.4678,8311.3501
4502,105,2042,all,1.0,21401.4678,8311.3501
4503,105,2043,q1,0.08421557,203.1135,124.1659
4503,105,2043,q2,0.21053894,668.2123,307.1066
4503,105,2043,q3,0.25264672,2323.7787,882.3293
4503,105,2043,q4,0.25264672,6999.1625,2301.6808
4503,105,2043,q5,0.12632336,33355.9248,9045.6329
4503,105,2043,q6,0.07362868,214020.425,49984.9462
4503,105,2043,q1+q2,0.29475451,535.3269,264.8109
4503,105,2043,q1+q3,0.3368623,1793.6124,752.2845
4503,105,2043,q1+q4,0.3368623,5300.1502,1970.5909
4503,105,2043,q1+q5,0.21053894,20094.8003,7009.3908
4503,105,2043,q1+q6,0.15784425,99941.213,34822.3701
4503,105,2043,q2+q3,0.46318566,1571.2485,647.785
4503,105,2043,q2+q4,0.46318566,4121.4578,1556.6282
4503,105,2043,q2+q5,0.3368623,12926.1045,4712.8884
4503,105,2043,q2+q6,0.28416761,55948.4071,20558.1713
4503,105,2043,q3+q4,0.50529345,4661.4706,1642.9311
4503,105,2043,q3+q5,0.37897009,12667.8274,4243.8803
4503,105,2043,q3+q6,0.3262754,50096.1324,16667.6885
4503,105,2043,q4+q5,0.37897009,15784.7499,4847.2507
4503,105,2043,q4+q6,0.3262754,53716.4495,16175.2818
4503,105,2043,q5+q6,0.19995204,99882.3184,25569.4603
4503,105,2043,q1+q2+q3,0.54740124,1360.7662,590.592
4503,105,2043,q1+q2+q4,0.54740124,3518.6356,1411.9656
4503,105,2043,q1+q2+q5,0.42107787,10381.5063,4117.4626
4503,105,2043,q1+q2+q6,0.36838319,43204.5521,17468.5211
4503,105,2043,q1+q3+q4,0.58950902,4024.5624,1509.7858
4503,105,2043,q1+q3+q5,0.46318566,10401.5158,3796.6374
4503,105,2043,q1+q3+q6,0.41049098,39860.1723,14629.9147
4503,105,2043,q1+q4+q5,0.46318566,12951.7251,4372.9572
4503,105,2043,q1+q4+q6,0.41049098,42737.7517,14364.7099
4503,105,2043,q1+q5+q6,0.28416761,70341.5082,21754.4306
4503,105,2043,q2+q3+q4,0.71583239,3486.9828,1319.4559
4503,105,2043,q2+q3+q5,0.58950902,8382.2506,3109.1573
4503,105,2043,q2+q3+q6,0.53681434,30710.4696,11458.4697
4503,105,2043,q2+q4+q5,0.58950902,10385.9865,3618.1747
4503,105,2043,q2+q4+q6,0.53681434,32910.8959,11460.0159
4503,105,2043,q2+q5+q6,0.41049098,48995.8588,16230.4729
4503,105,2043,q3+q4+q5,0.63161681,10400.3614,3458.3318
4503,105,2043,q3+q4+q6,0.57892213,31288.2344,10356.9389
4503,105,2043,q3+q5+q6,0.45259876,45423.8278,14213.0863
4503,105,2043,q4+q5+q6,0.45259876,48033.6899,14031.7138
4503,105,2043,q1+q2+q3+q4,0.80004796,3141.3124,1238.3209
4503,105,2043,q1+q2+q3+q5,0.6737246,7359.8584,2871.056
4503,105,2043,q1+q2+q3+q6,0.62102991,26573.4796,10468.0304
4503,105,2043,q1+q2+q4+q5,0.6737246,9113.1273,3355.1396
4503,105,2043,q1+q2+q4+q6,0.62102991,28475.5142,10530.124
4503,105,2043,q1+q2+q5+q6,0.49470655,40689.7042,14619.042
4503,105,2043,q1+q3+q4+q5,0.71583239,9200.6852,3232.87
4503,105,2043,q1+q3+q4+q6,0.6631377,27340.5606,9609.7614
4503,105,2043,q1+q3+q5+q6,0.53681434,38329.5902,12987.9381
4503,105,2043,q1+q4+q5+q6,0.53681434,40530.0165,12896.0847
4503,105,2043,q2+q3+q4+q5,0.84215575,7967.3241,2846.0227
4503,105,2043,q2+q3+q4+q6,0.78946106,23122.2751,8270.9549
4503,105,2043,q2+q3+q5+q6,0.6631377,31214.4114,10868.3368
4503,105,2043,q2+q4+q5+q6,0.6631377,32995.671,10899.7677
4503,105,2043,q3+q4+q5+q6,0.70524549,31658.5985,10081.1357
4503,105,2043,q1+q2+q3+q4+q5,0.92637132,7261.4868,2695.7555
4503,105,2043,q1+q2+q3+q4+q6,0.87367664,20913.0477,7792.3098
4503,105,2043,q1+q2+q3+q5+q6,0.74735328,27719.9003,10143.6061
4503,105,2043,q1+q2+q4+q5+q6,0.74735328,29300.4385,10207.775
4503,105,2043,q1+q3+q4+q5+q6,0.78946106,28303.092,9498.0581
4503,105,2043,q2+q3+q4+q5+q6,0.91578443,24533.9054,8405.9651
4503,105,2043,q1+q2+q3+q4+q5+q6,1.0,22484.8738,8000.0315
4503,105,2043,all,1.0,22484.8738,8000.0315
4504,105,2044,q1,0.08421582,204.428,123.1261
4504,105,2044,q2,0.21053954,569.8674,301.546
4504,105,2044,q3,0.25264745,2120.6498,877.1426
4504,105,2044,q4,0.25264745,6301.362,2389.2096
4504,105,2044,q5,0.12632372,31865.4204,10190.2416
4504,105,2044,q6,0.07362603,192886.5562,55524.0958
4504,105,2044,q1+q2,0.29475535,465.4562,255.1498
4504,105,2044,q1+q3,0.33686326,1641.5943,736.69
4504,105,2044,q1+q4,0.33686326,4777.1285,1996.1697
4504,105,2044,q1+q5,0.21053954,19201.0234,7558.396
4504,105,2044,q1+q6,0.15784185,90081.8639,35942.4471
4504,105,2044,q2+q3,0.46318698,1415.7487,650.099
4504,105,2044,q2+q4,0.46318698,3696.1372,1608.6917
4504,105,2044,q2+q5,0.33686326,12305.6998,5228.0546
4504,105,2044,q2+q6,0.28416557,50398.2637,21909.8677
4504,105,2044,q3+q4,0.50529489,4211.0059,1666.0409
4504,105,2044,q3+q5,0.37897117,12035.5733,4534.6462
4504,105,2044,q3+q6,0.32627348,45168.3924,17005.9843
4504,105,2044,q4+q5,0.37897117,14822.7148,5292.6275
4504,105,2044,q4+q6,0.32627348,48405.6959,17127.5582
4504,105,2044,q5+q6,0.19994975,91157.0523,28007.1414
4504,105,2044,q1+q2+q3,0.5474028,1229.3917,585.944
4504,105,2044,q1+q2+q4,0.5474028,3158.9512,1436.1743
4504,105,2044,q1+q2+q5,0.42107908,9885.4454,4462.7775
4504,105,2044,q1+q2+q6,0.36838139,38923.4309,18070.6624
4504,105,2044,q1+q3+q4,0.58951071,3638.6376,1513.7897
4504,105,2044,q1+q3+q5,0.46318698,9884.456,3996.2351
4504,105,2044,q1+q3+q6,0.41048929,35943.6039,14660.3951
4504,105,2044,q1+q4+q5,0.46318698,12164.8445,4690.8683
4504,105,2044,q1+q4+q6,0.41048929,38516.7435,14888.5893
4504,105,2044,q1+q5+q6,0.28416557,64202.1703,23075.7101
4504,105,2044,q2+q3+q4,0.71583443,3140.0828,1341.9249
4504,105,2044,q2+q3+q5,0.58951071,7940.6783,3334.7849
4504,105,2044,q2+q3+q6,0.53681302,27676.7285,11749.7336
4504,105,2044,q2+q4+q5,0.58951071,9732.4122,3931.7423
4504,105,2044,q2+q4+q6,0.53681302,29644.3527,12055.7371
4504,105,2044,q2+q5+q6,0.41048929,44694.9779,17495.2473
4504,105,2044,q3+q4+q5,0.63161861,9741.8888,3679.7218
4504,105,2044,q3+q4+q6,0.57892092,28206.3937,10652.322
4504,105,2044,q3+q5+q6,0.4525972,41455.4199,14871.9216
4504,105,2044,q4+q5+q6,0.4525972,43789.1645,15046.9868
4504,105,2044,q1+q2+q3+q4,0.80005025,2831.0665,1248.0237
4504,105,2044,q1+q2+q3+q5,0.67372652,6973.6471,3043.8518
4504,105,2044,q1+q2+q3+q6,0.62102883,23951.2941,10592.0832
4504,105,2044,q1+q2+q4+q5,0.67372652,8541.4142,3598.7114
4504,105,2044,q1+q2+q4+q6,0.62102883,25652.0948,10912.8035
4504,105,2044,q1+q2+q5+q6,0.49470511,37121.1569,15451.4494
4504,105,2044,q1+q3+q4+q5,0.71583443,8619.8346,3405.2746
4504,105,2044,q1+q3+q4+q6,0.66313674,24650.2517,9772.1926
4504,105,2044,q1+q3+q5+q6,0.53681302,34983.919,13400.4002
4504,105,2044,q1+q4+q5+q6,0.53681302,36951.5432,13614.7376
4504,105,2044,q2+q3+q4+q5,0.84215815,7448.8835,3030.4107
4504,105,2044,q2+q3+q4+q6,0.78946046,20836.067,8519.3419
4504,105,2044,q2+q3+q5+q6,0.66313674,28474.6501,11378.517
4504,105,2044,q2+q4+q5+q6,0.66313674,30067.4533,11626.0553
4504,105,2044,q3+q4+q5+q6,0.70524465,28861.8001,10557.6457
4504,105,2044,q1+q2+q3+q4+q5,0.92637397,6790.2966,2846.46
4504,105,2044,q1+q2+q3+q4+q6,0.87367628,18847.3324,7952.3676
4504,105,2044,q1+q2+q3+q5+q6,0.74735255,25289.0053,10503.8633
4504,105,2044,q1+q2+q4+q5+q6,0.74735255,26702.3226,10758.921
4504,105,2044,q1+q3+q4+q5+q6,0.78946046,25804.7706,9852.0552
4504,105,2044,q2+q3+q4+q5+q6,0.91578418,22357.4615,8803.1285
4504,105,2044,q1+q2+q3+q4+q5+q6,1.0,20491.8257,8310.8955
4504,105,2044,all,1.0,20491.8257,8310.8955
4505,105,2045,q1,0.08422985,203.7889,111.4601
4505,105,2045,q2,0.21057461,593.7557,276.0841
4505,105,2045,q3,0.25268954,2364.0148,959.0223
4505,105,2045,q4,0.25268954,7245.876,2621.3954
4505,105,2045,q5,0.12634477,32655.4801,9806.2749
4505,105,2045,q6,0.0734717,201359.8115,52233.391
4505,105,2045,q1+q2,0.29480446,482.3367,234.3084
4505,105,2045,q1+q3,0.33691938,1823.9583,791.0104
4505,105,2045,q1+q4,0.33691938,5485.3542,2167.9643
4505,105,2045,q1+q5,0.21057461,19674.8036,7208.5274
4505,105,2045,q1+q6,0.15770154,93920.5275,33875.1093
4505,105,2045,q2+q3,0.46326415,1559.3516,671.5206
4505,105,2045,q2+q4,0.46326415,4222.185,1698.8853
4505,105,2045,q2+q5,0.33691938,12616.9024,4865.9077
4505,105,2045,q2+q6,0.28404631,52524.0998,20267.9361
4505,105,2045,q3+q4,0.50537907,4804.9454,1837.7521
4505,105,2045,q3+q5,0.37903431,12461.1699,4525.7876
4505,105,2045,q3+q6,0.32616123,47190.1842,16986.2853
4505,105,2045,q4+q5,0.37903431,15715.744,5322.3682
4505,105,2045,q4+q6,0.32616123,50972.3481,16935.1151
4505,105,2045,q5+q6,0.19981646,94687.3721,26876.3149
4505,105,2045,q1+q2+q3,0.547494,1350.8035,601.3843
4505,105,2045,q1+q2+q4,0.547494,3603.9702,1511.6026
4505,105,2045,q1+q2+q5,0.42114923,10134.2797,4153.3823
4505,105,2045,q1+q2+q6,0.36827616,40557.7218,16780.544
4505,105,2045,q1+q3+q4,0.58960892,4147.6373,1657.5561
4505,105,2045,q1+q3+q5,0.46326415,10232.5552,3958.1499
4505,105,2045,q1+q3+q6,0.41039108,37546.5613,14534.905
4505,105,2045,q1+q4+q5,0.46326415,12895.3885,4692.0751
4505,105,2045,q1+q4+q6,0.41039108,40552.463,14653.8115
4505,105,2045,q1+q5+q6,0.28404631,66669.6252,22072.1341
4505,105,2045,q2+q3+q4,0.71595369,3566.3602,1439.1374
4505,105,2045,q2+q3+q5,0.58960892,8222.8077,3239.7399
4505,105,2045,q2+q3+q6,0.53673585,28909.2645,11417.7837
4505,105,2045,q2+q4+q5,0.58960892,10315.0339,3868.6775
4505,105,2045,q2+q4+q6,0.53673585,31207.5929,11676.1438
4505,105,2045,q2+q5+q6,0.41039108,46407.2608,16463.0876
4505,105,2045,q3+q4+q5,0.63172384,10375.0523,3762.2476
4505,105,2045,q3+q4+q6,0.57885077,29753.0324,10733.337
4505,105,2045,q3+q5+q6,0.452506,43131.9312,14709.5593
4505,105,2045,q4+q5+q6,0.452506,45858.0724,14796.4381
4505,105,2045,q1+q2+q3+q4,0.80018354,3212.4053,1333.0992
4505,105,2045,q1+q2+q3+q5,0.67383877,7220.4303,2947.8499
4505,105,2045,q1+q2+q3+q6,0.62096569,25015.5586,10266.9506
4505,105,2045,q1+q2+q4+q5,0.67383877,9051.1283,3533.4541
4505,105,2045,q1+q2+q4+q6,0.62096569,27002.1341,10555.0181
4505,105,2045,q1+q2+q5+q6,0.49462093,38539.1923,14542.0385
4505,105,2045,q1+q3+q4+q5,0.71595369,9178.4331,3465.7271
4505,105,2045,q1+q3+q4+q6,0.66308062,25999.4493,9803.1628
4505,105,2045,q1+q3+q5+q6,0.53673585,36395.2267,13191.4248
4505,105,2045,q1+q4+q5+q6,0.53673585,38693.5551,13343.4276
4505,105,2045,q2+q3+q4+q5,0.84229846,7929.7282,3042.9739
4505,105,2045,q2+q3+q4+q6,0.78942539,21974.9655,8431.5787
4505,105,2045,q2+q3+q5+q6,0.66308062,29623.0762,11036.8151
4505,105,2045,q2+q4+q5+q6,0.66308062,31483.4763,11252.1054
4505,105,2045,q3+q4+q5+q6,0.70519554,30273.0429,10540.7513
4505,105,2045,q1+q2+q3+q4+q5,0.9265283,7227.3701,2850.7782
4505,105,2045,q1+q2+q3+q4+q6,0.87365523,19875.9878,7852.1791
4505,105,2045,q1+q2+q3+q5+q6,0.74731046,26307.2093,10166.7179
4505,105,2045,q1+q2+q4+q5+q6,0.74731046,27957.9225,10398.2362
4505,105,2045,q1+q3+q4+q5+q6,0.78942539,27064.7237,9803.7636
4505,105,2045,q2+q3+q4+q5+q6,0.91577015,23448.509,8664.9682
4505,105,2045,q1+q2+q3+q4+q5+q6,1.0,21490.6098,8164.5261
4505,105,2045,all,1.0,21490.6098,8164.5261
4506,105,2046,q1,0.0842167,203.4783,119.3704
4506,105,2046,q2,0.21054174,672.6957,295.7583
4506,105,2046,q3,0.25265009,2438.17,922.776
4506,105,2046,q4,0.25265009,7051.6071,2494.5389
4506,105,2046,q5,0.12632505,33021.8661,9610.822
4506,105,2046,q6,0.07361633,214897.1019,51126.6606
4506,105,2046,q1+q2,0.29475844,538.6336,255.0766
4506,105,2046,q1+q3,0.33686679,1879.4971,780.5842
4506,105,2046,q1+q4,0.33686679,5339.5749,2097.0246
4506,105,2046,q1+q5,0.21054174,19894.511,7251.8223
4506,105,2046,q1+q6,0.15783303,100340.677,34961.8322
4506,105,2046,q2+q3,0.46319183,1635.6817,660.8654
4506,105,2046,q2+q4,0.46319183,4152.1019,1611.9946
4506,105,2046,q2+q5,0.33686679,12803.6346,4724.5659
4506,105,2046,q2+q6,0.28415808,56171.4369,20248.1152
4506,105,2046,q3+q4,0.50530018,4744.8886,1735.1846
4506,105,2046,q3+q5,0.37897514,12632.7354,4345.9606
4506,105,2046,q3+q6,0.32626643,50375.8265,16823.1845
4506,105,2046,q4+q5,0.37897514,15708.3601,5184.5395
4506,105,2046,q4+q6,0.32626643,53948.3219,17195.335
4506,105,2046,q5+q6,0.19994138,99986.4346,26889.4538
4506,105,2046,q1+q2+q3,0.54740853,1415.3427,600.6053
4506,105,2046,q1+q2+q4,0.54740853,3544.6214,1451.6845
4506,105,2046,q1+q2+q5,0.42108348,10283.6033,4098.8013
4506,105,2046,q1+q2+q6,0.36837477,43376.216,17147.2117
4506,105,2046,q1+q3+q4,0.58951688,4096.1157,1583.111
4506,105,2046,q1+q3+q5,0.46319183,10372.8705,3858.6705
4506,105,2046,q1+q3+q6,0.41048312,40082.2256,14683.2078
4506,105,2046,q1+q4+q5,0.46319183,12889.2907,4621.6528
4506,105,2046,q1+q4+q6,0.41048312,42921.7706,15095.1
4506,105,2046,q1+q5+q6,0.28415808,70413.4902,22556.993
4506,105,2046,q2+q3+q4,0.71584192,3547.1848,1364.7165
4506,105,2046,q2+q3+q5,0.58951688,8361.2926,3118.7734
4506,105,2046,q2+q3+q6,0.53680817,30881.7421,11386.8356
4506,105,2046,q2+q4+q5,0.58951688,10338.48,3745.7281
4506,105,2046,q2+q4+q6,0.53680817,33053.0676,11809.1307
4506,105,2046,q2+q5+q6,0.41048312,49047.2205,16470.9172
4506,105,2046,q3+q4+q5,0.63162523,10400.2841,3617.7506
4506,105,2046,q3+q4+q6,0.57891652,31468.3197,10772.0991
4506,105,2046,q3+q5+q6,0.45259147,45532.0768,14604.6091
4506,105,2046,q4+q5+q6,0.45259147,48107.4353,14936.9337
4506,105,2046,q1+q2+q3+q4,0.80005862,3195.2157,1275.5148
4506,105,2046,q1+q2+q3+q5,0.67373357,7341.5658,2869.0201
4506,105,2046,q1+q2+q3+q6,0.62102486,26721.4867,10375.5213
4506,105,2046,q1+q2+q4+q5,0.67373357,9071.6048,3451.7236
4506,105,2046,q1+q2+q4+q6,0.62102486,28598.3605,10789.6427
4506,105,2046,q1+q2+q5+q6,0.49469982,40732.1606,14752.3716
4506,105,2046,q1+q3+q4+q5,0.71584192,9200.6599,3361.4349
4506,105,2046,q1+q3+q4+q6,0.66313321,27497.7424,9938.5952
4506,105,2046,q1+q3+q5+q6,0.53680817,38420.7378,13266.9889
4506,105,2046,q1+q4+q5+q6,0.53680817,40592.0634,13608.4818
4506,105,2046,q2+q3+q4+q5,0.84216697,7968.387,2924.4854
4506,105,2046,q2+q3+q4+q6,0.78945826,23255.3911,8460.2481
4506,105,2046,q2+q3+q5+q6,0.66313321,31289.4298,10978.9492
4506,105,2046,q2+q4+q5+q6,0.66313321,33047.1238,11316.418
4506,105,2046,q3+q4+q5+q6,0.70524156,31746.5958,10534.9274
4506,105,2046,q1+q2+q3+q4+q5,0.92638367,7262.4862,2759.3282
4506,105,2046,q1+q2+q3+q4+q6,0.87367495,21033.3336,7942.7103
4506,105,2046,q1+q2+q3+q5+q6,0.74734991,27786.4439,10212.2959
4506,105,2046,q1+q2+q4+q5+q6,0.74734991,29346.0685,10543.6649
4506,105,2046,q1+q3+q4+q5+q6,0.78945826,28381.6843,9875.8887
4506,105,2046,q2+q3+q4+q5+q6,0.9157833,24602.5989,8652.0217
4506,105,2046,q1+q2+q3+q4+q5+q6,1.0,22547.7855,8206.2189
4506,105,2046,all,1.0,22547.7855,8206.2189
4507,105,2047,q1,0.0842167,208.4659,115.2327
4507,105,2047,q2,0.21054174,561.0988,264.9963
4507,105,2047,q3,0.25265009,2262.6614,953.768
4507,105,2047,q4,0.25265009,7264.6992,2696.411
4507,105,2047,q5,0.12632505,30417.909,10021.6254
4507,105,2047,q6,0.07361633,191410.3009,56365.7646
4507,105,2047,q1+q2,0.29475844,460.3465,226.8501
4507,105,2047,q1+q3,0.33686679,1749.1126,783.819
4507,105,2047,q1+q4,0.33686679,5500.6409,2224.3419
4507,105,2047,q1+q5,0.21054174,18334.1318,7204.6297
4507,105,2047,q1+q6,0.15783303,89388.6466,35065.5322
4507,105,2047,q2+q3,0.46319183,1489.2239,659.9852
4507,105,2047,q2+q4,0.46319183,4217.6081,1734.2022
4507,105,2047,q2+q5,0.33686679,11757.4026,4776.3746
4507,105,2047,q2+q6,0.28415808,50004.0669,20421.5245
4507,105,2047,q3+q4,0.50530018,4763.6803,1880.4434
4507,105,2047,q3+q5,0.37897514,11647.744,4491.4722
4507,105,2047,q3+q6,0.32626643,44940.5309,17263.0465
4507,105,2047,q4+q5,0.37897514,14982.4358,5335.848
4507,105,2047,q4+q6,0.32626643,48813.946,17112.5342
4507,105,2047,q5+q6,0.19994138,89693.6317,28312.3056
4507,105,2047,q1+q2+q3,0.54740853,1292.1842,590.679
4507,105,2047,q1+q2+q4,0.54740853,3600.817,1541.3262
4507,105,2047,q1+q2+q5,0.42108348,9447.6153,4052.8971
4507,105,2047,q1+q2+q6,0.36837477,38619.9512,16773.8277
4507,105,2047,q1+q3+q4,0.58951688,4112.9354,1692.6917
4507,105,2047,q1+q3+q5,0.46319183,9567.8752,3904.1121
4507,105,2047,q1+q3+q6,0.41048312,35763.0848,14654.9668
4507,105,2047,q1+q4+q5,0.46319183,12296.2595,4682.0001
4507,105,2047,q1+q4+q6,0.41048312,38841.8113,14721.4573
4507,105,2047,q1+q5+q6,0.28415808,63172.6714,22845.1003
4507,105,2047,q2+q3+q4,0.71584192,3527.6269,1463.1665
4507,105,2047,q2+q3+q5,0.58951688,7688.2278,3172.5868
4507,105,2047,q2+q3+q6,0.53680817,27534.4564,11412.2728
4507,105,2047,q2+q4+q5,0.58951688,9831.9583,3838.6957
4507,105,2047,q2+q4+q6,0.53680817,29888.6778,11656.163
4507,105,2047,q2+q5+q6,0.41048312,43976.4809,16726.6271
4507,105,2047,q3+q4+q5,0.63162523,9894.5261,3756.9411
4507,105,2047,q3+q4+q6,0.57891652,28498.0871,10782.6263
4507,105,2047,q3+q5+q6,0.45259147,40887.0501,15010.7989
4507,105,2047,q4+q5+q6,0.45259147,43679.3371,15043.578
4507,105,2047,q1+q2+q3+q4,0.80005862,3178.2416,1353.8262
4507,105,2047,q1+q2+q3+q5,0.67373357,6753.2576,2877.9512
4507,105,2047,q1+q2+q3+q6,0.62102486,23828.8002,10223.2259
4507,105,2047,q1+q2+q4+q5,0.67373357,8629.0217,3497.4219
4507,105,2047,q1+q2+q4+q6,0.62102486,25863.7675,10506.0583
4507,105,2047,q1+q2+q5+q6,0.49469982,36525.5026,14671.6598
4507,105,2047,q1+q3+q4+q5,0.71584192,8754.9896,3451.3899
4507,105,2047,q1+q3+q4+q6,0.66313321,24905.3573,9816.6112
4507,105,2047,q1+q3+q5+q6,0.53680817,34505.2247,13372.3991
4507,105,2047,q1+q4+q5+q6,0.53680817,36859.4461,13492.6279
4507,105,2047,q2+q3+q4+q5,0.84216697,7561.1692,3018.919
4507,105,2047,q2+q3+q4+q6,0.78945826,21047.5321,8409.6085
4507,105,2047,q2+q3+q5+q6,0.66313321,28083.7462,11094.6189
4507,105,2047,q2+q4+q5+q6,0.66313321,29989.4949,11300.0515
4507,105,2047,q3+q4+q5+q6,0.70524156,28841.9715,10630.1361
4507,105,2047,q1+q2+q3+q4+q5,0.92638367,6892.7417,2823.3125
4507,105,2047,q1+q2+q3+q4+q6,0.87367495,19038.7789,7815.8263
4507,105,2047,q1+q2+q3+q5+q6,0.74734991,24942.5616,10181.0078
4507,105,2047,q1+q2+q4+q5+q6,0.74734991,26633.557,10408.9253
4507,105,2047,q1+q3+q4+q5+q6,0.78945826,25787.4474,9854.6625
4507,105,2047,q2+q3+q4+q5+q6,0.9157833,22340.1013,8671.5903
4507,105,2047,q1+q2+q3+q4+q5+q6,1.0,20476.248,8152.563
4507,105,2047,all,1.0,20476.248,8152.563
4508,105,2048,q1,0.0842167,203.4765,120.623
4508,105,2048,q2,0.21054174,594.8628,299.064
4508,105,2048,q3,0.25265009,2202.2862,889.6674
4508,105,2048,q4,0.25265009,6577.8206,2400.1318
4508,105,2048,q5,0.12632505,33134.5257,9931.8414
4508,105,2048,q6,0.07361633,195594.9693,54547.6135
4508,105,2048,q1+q2,0.29475844,483.0381,253.8647
4508,105,2048,q1+q3,0.33686679,1702.5838,747.3133
4508,105,2048,q1+q4,0.33686679,4984.2346,2012.0632
4508,105,2048,q1+q5,0.21054174,19962.106,7458.3796
4508,105,2048,q1+q6,0.15783303,91337.7935,35504.6799
4508,105,2048,q2+q3,0.46319183,1471.6392,652.8003
4508,105,2048,q2+q4,0.46319183,3858.2943,1608.2893
4508,105,2048,q2+q5,0.33686679,12797.2363,5130.6997
4508,105,2048,q2+q6,0.28415808,51113.1984,21272.953
4508,105,2048,q3+q4,0.50530018,4390.0534,1683.2988
4508,105,2048,q3+q5,0.37897514,12513.0327,4529.8781
4508,105,2048,q3+q6,0.32626643,45837.9758,16815.4886
4508,105,2048,q4+q5,0.37897514,15430.0556,5249.8612
4508,105,2048,q4+q6,0.32626643,49226.2471,16793.2977
4508,105,2048,q5+q6,0.19994138,92950.7697,27114.51
4508,105,2048,q1+q2+q3,0.54740853,1276.5372,589.068
4508,105,2048,q1+q2+q4,0.54740853,3296.0146,1439.6551
4508,105,2048,q1+q2+q5,0.42108348,10278.4844,4406.1206
4508,105,2048,q1+q2+q6,0.36837477,39474.3759,17629.7626
4508,105,2048,q1+q3+q4,0.58951688,3791.971,1531.2331
4508,105,2048,q1+q3+q5,0.46319183,10274.9316,4003.0181
4508,105,2048,q1+q3+q6,0.41048312,36475.3819,14516.0648
4508,105,2048,q1+q4+q5,0.46319183,12661.5867,4669.6686
4508,105,2048,q1+q4+q6,0.41048312,39168.4991,14637.0055
4508,105,2048,q1+q5+q6,0.28415808,65463.0039,22480.1387
4508,105,2048,q2+q3+q4,0.71584192,3273.8208,1349.4898
4508,105,2048,q2+q3+q5,0.58951688,8256.5434,3320.9866
4508,105,2048,q2+q3+q6,0.53680817,28093.1567,11528.0693
4508,105,2048,q2+q4+q5,0.58951688,10131.7724,3897.0892
4508,105,2048,q2+q4+q6,0.53680817,30152.5128,11770.2606
4508,105,2048,q2+q5+q6,0.41048312,45580.3116,16944.345
4508,105,2048,q3+q4+q5,0.63162523,10138.9478,3682.0123
4508,105,2048,q3+q4+q6,0.57891652,28704.1033,10505.3183
4508,105,2048,q3+q5+q6,0.45259147,42292.253,14602.3234
4508,105,2048,q4+q5+q6,0.45259147,44734.8071,14694.5463
4508,105,2048,q1+q2+q3+q4,0.80005862,2950.6267,1256.5641
4508,105,2048,q1+q2+q3+q5,0.67373357,7249.9101,3038.189
4508,105,2048,q1+q2+q3+q6,0.62102486,24311.0589,10410.6045
4508,105,2048,q1+q2+q4+q5,0.67373357,8890.7355,3576.7361
4508,105,2048,q1+q2+q4+q6,0.62102486,26091.1473,10679.468
4508,105,2048,q1+q2+q5+q6,0.49469982,37855.4509,15026.5839
4508,105,2048,q1+q3+q4+q5,0.71584192,8970.0689,3413.0844
4508,105,2048,q1+q3+q4+q6,0.66313321,25084.5762,9649.5149
4508,105,2048,q1+q3+q5+q6,0.53680817,35689.1908,13186.3041
4508,105,2048,q1+q4+q5+q6,0.53680817,37748.5468,13332.3316
4508,105,2048,q2+q3+q4+q5,0.84216697,7752.9266,3025.5291
4508,105,2048,q2+q3+q4+q6,0.78945826,21207.6101,8368.8281
4508,105,2048,q2+q3+q5+q6,0.66313321,29053.5235,11139.1255
4508,105,2048,q2+q4+q5+q6,0.66313321,30720.578,11339.0098
4508,105,2048,q3+q4+q5+q6,0.70524156,29497.6942,10384.6695
4508,105,2048,q1+q2+q3+q4+q5,0.92638367,7066.6129,2846.1118
4508,105,2048,q1+q2+q3+q4+q6,0.87367495,19182.9455,7821.9487
4508,105,2048,q1+q2+q3+q5+q6,0.74734991,25802.4953,10302.8015
4508,105,2048,q1+q2+q4+q5+q6,0.74734991,27281.6942,10516.9433
4508,105,2048,q1+q3+q4+q5+q6,0.78945826,26372.6877,9704.9778
4508,105,2048,q2+q3+q4+q5+q6,0.9157833,22852.8335,8640.8001
4508,105,2048,q1+q2+q3+q4+q5+q6,1.0,20945.3795,8168.7395
4508,105,2048,all,1.0,20945.3795,8168.7395
4509,105,2049,q1,0.0842167,203.4423,123.9105
4509,105,2049,q2,0.21054174,616.6433,297.5308
4509,105,2049,q3,0.25265009,2299.7393,873.3954
4509,105,2049,q4,0.25265009,7011.8689,2266.5319
4509,105,2049,q5,0.12632505,32757.369,9050.8763
4509,105,2049,q6,0.07361633,216062.1479,51742.1102
4509,105,2049,q1+q2,0.29475844,498.5859,255.7529
4509,105,2049,q1+q3,0.33686679,1775.665,744.4235
4509,105,2049,q1+q4,0.33686679,5309.7622,1944.4665
4509,105,2049,q1+q5,0.21054174,19735.7983,6978.0005
4509,105,2049,q1+q6,0.15783303,100884.0574,35727.5004
4509,105,2049,q2+q3,0.46319183,1534.6957,645.2912
4509,105,2049,q2+q4,0.46319183,4104.9482,1561.1074
4509,105,2049,q2+q5,0.33686679,12669.4154,4776.3094
4509,105,2049,q2+q6,0.28415808,56431.7323,21560.1231
4509,105,2049,q3+q4,0.50530018,4655.8041,1625.9826
4509,105,2049,q3+q5,0.37897514,12452.2825,4204.2706
4509,105,2049,q3+q6,0.32626643,50531.5026,16950.2029
4509,105,2049,q4+q5,0.37897514,15593.7023,4770.3894
4509,105,2049,q4+q6,0.32626643,54180.4222,16232.3196
4509,105,2049,q5+q6,0.19994138,100248.2803,26214.549
4509,105,2049,q1+q2+q3,0.54740853,1329.8874,587.1469
4509,105,2049,q1+q2+q4,0.54740853,3504.7165,1414.5825
4509,105,2049,q1+q2+q5,0.42108348,10176.2208,4152.8605
4509,105,2049,q1+q2+q6,0.36837477,43576.9952,18199.6838
4509,105,2049,q1+q3+q4,0.58951688,4019.7524,1494.9572
4509,105,2049,q1+q3+q5,0.46319183,10225.2207,3756.7542
4509,105,2049,q1+q3+q6,0.41048312,40205.955,14855.9273
4509,105,2049,q1+q4+q5,0.46319183,12795.4732,4303.8433
4509,105,2049,q1+q4+q6,0.41048312,43106.2447,14417.4816
4509,105,2049,q1+q5+q6,0.28415808,70597.7214,22218.8956
4509,105,2049,q2+q3+q4,0.71584192,3467.8156,1318.1711
4509,105,2049,q2+q3+q5,0.58951688,8225.2685,3110.6631
4509,105,2049,q2+q3+q6,0.53680817,30954.376,11793.0562
4509,105,2049,q2+q4+q5,0.58951688,10244.7526,3605.2798
4509,105,2049,q2+q4+q6,0.53680817,33172.1515,11673.9333
4509,105,2049,q2+q5+q6,0.41048312,49146.0125,16797.8943
4509,105,2049,q3+q4+q5,0.63162523,10276.1171,3408.8364
4509,105,2049,q3+q4+q6,0.57891652,31538.7133,10407.9128
4509,105,2049,q3+q5+q6,0.45259147,45570.4762,14424.3689
4509,105,2049,q4+q5+q6,0.45259147,48200.9278,14108.8356
4509,105,2049,q1+q2+q3+q4,0.80005862,3124.1974,1236.4831
4509,105,2049,q1+q2+q3+q5,0.67373357,7222.5402,2867.3151
4509,105,2049,q1+q2+q3+q6,0.62102486,26784.2659,10750.2574
4509,105,2049,q1+q2+q4+q5,0.67373357,8989.5888,3339.8326
4509,105,2049,q1+q2+q4+q6,0.62102486,28701.2906,10713.9709
4509,105,2049,q1+q2+q5+q6,0.49469982,40814.1283,15076.3627
4509,105,2049,q1+q3+q4+q5,0.71584192,9091.0965,3186.4393
4509,105,2049,q1+q3+q4+q6,0.66313321,27559.1916,9656.5524
4509,105,2049,q1+q3+q5+q6,0.53680817,38453.1073,13163.4148
4509,105,2049,q1+q4+q5+q6,0.53680817,40670.8828,12960.8845
4509,105,2049,q2+q3+q4+q5,0.84216697,7861.2486,2828.7553
4509,105,2049,q2+q3+q4+q6,0.78945826,23292.0626,8394.0033
4509,105,2049,q2+q3+q5+q6,0.66313321,31297.8412,11121.2526
4509,105,2049,q2+q4+q5+q6,0.66313321,33093.1365,11069.0294
4509,105,2049,q3+q4+q5+q6,0.70524156,31757.0027,10127.3577
4509,105,2049,q1+q2+q3+q4+q5,0.92638367,7165.0844,2677.8687
4509,105,2049,q1+q2+q3+q4+q6,0.87367495,21066.4668,7902.9919
4509,105,2049,q1+q2+q3+q5+q6,0.74734991,27793.9034,10362.6467
4509,105,2049,q1+q2+q4+q5+q6,0.74734991,29386.8922,10355.4487
4509,105,2049,q1+q3+q4+q5+q6,0.78945826,28390.9772,9538.7028
4509,105,2049,q2+q3+q4+q5+q6,0.9157833,24597.7266,8507.426
4509,105,2049,q1+q2+q3+q4+q5+q6,1.0,22543.3205,8091.361
4509,105,2049,all,1.0,22543.3205,8091.361
4510,105,2050,q1,0.0842167,199.8907,124.9292
4510,105,2050,q2,0.21054174,634.923,306.7308
4510,105,2050,q3,0.25265009,2146.5931,914.931
4510,105,2050,q4,0.25265009,6606.4252,2377.6733
4510,105,2050,q5,0.12632505,31727.854,9435.3298
4510,105,2050,q6,0.07361633,193311.5976,51092.7127
4510,105,2050,q1+q2,0.29475844,510.628,263.7949
4510,105,2050,q1+q3,0.33686679,1659.9175,768.6072
4510,105,2050,q1+q4,0.33686679,5004.7916,2014.891
4510,105,2050,q1+q5,0.21054174,19116.6687,7193.1754
4510,105,2050,q1+q6,0.15783303,90270.872,34474.7375
4510,105,2050,q2+q3,0.46319183,1459.4703,657.2327
4510,105,2050,q2+q4,0.46319183,3892.106,1584.441
4510,105,2050,q2+q5,0.33686679,12294.7721,4812.5535
4510,105,2050,q2+q6,0.28415808,50551.3311,20108.7159
4510,105,2050,q3+q4,0.50530018,4376.5092,1708.0041
4510,105,2050,q3+q5,0.37897514,12007.0134,4471.8714
4510,105,2050,q3+q6,0.32626643,45279.6459,16955.5141
4510,105,2050,q4+q5,0.37897514,14980.2348,5038.3563
4510,105,2050,q4+q6,0.32626643,48733.1945,16215.8018
4510,105,2050,q5+q6,0.19994138,91221.3062,25932.6129
4510,105,2050,q1+q2+q3,0.54740853,1265.6888,595.5754
4510,105,2050,q1+q2+q4,0.54740853,3324.0729,1429.8954
4510,105,2050,q1+q2+q5,0.42108348,9875.7958,4177.9498
4510,105,2050,q1+q2+q6,0.36837477,39040.1412,16937.3342
4510,105,2050,q1+q3+q4,0.58951688,3779.8494,1558.7789
4510,105,2050,q1+q3+q5,0.46319183,9860.2638,3963.5424
4510,105,2050,q1+q3+q6,0.41048312,36030.8659,14701.2248
4510,105,2050,q1+q4+q5,0.46319183,12292.8995,4513.5333
4510,105,2050,q1+q4+q6,0.41048312,38775.8679,14271.6748
4510,105,2050,q1+q5+q6,0.28415808,64245.0434,21783.1089
4510,105,2050,q2+q3+q4,0.71584192,3276.0426,1355.1176
4510,105,2050,q2+q3+q5,0.58951688,7945.5525,3222.8886
4510,105,2050,q2+q3+q6,0.53680817,27769.5216,11404.4935
4510,105,2050,q2+q4+q5,0.58951688,9856.9091,3718.6876
4510,105,2050,q2+q4+q6,0.53680817,29868.5526,11320.5038
4510,105,2050,q2+q5+q6,0.41048312,44758.4581,16128.5572
4510,105,2050,q3+q4+q5,0.63162523,9846.7781,3616.9273
4510,105,2050,q3+q4+q6,0.57891652,28401.9227,10450.9418
4510,105,2050,q3+q5+q6,0.45259147,41497.1382,14490.7861
4510,105,2050,q4+q5+q6,0.45259147,43986.7498,14166.2469
4510,105,2050,q1+q2+q3+q4,0.80005862,2952.2372,1266.2497
4510,105,2050,q1+q2+q3+q5,0.67373357,6977.3448,2960.031
4510,105,2050,q1+q2+q3+q6,0.62102486,24030.8255,10350.3569
4510,105,2050,q1+q2+q4+q5,0.67373357,8649.7818,3433.3855
4510,105,2050,q1+q2+q4+q6,0.62102486,25845.2085,10347.8989
4510,105,2050,q1+q2+q5+q6,0.49469982,37172.8977,14435.7184
4510,105,2050,q1+q3+q4+q5,0.71584192,8711.8502,3363.168
4510,105,2050,q1+q3+q4+q6,0.66313321,24820.3166,9636.3085
4510,105,2050,q1+q3+q5+q6,0.53680817,35018.2543,13137.873
4510,105,2050,q1+q4+q5+q6,0.53680817,37117.2853,12937.6875
4510,105,2050,q2+q3+q4+q5,0.84216697,7543.8143,2947.6045
4510,105,2050,q2+q3+q4+q6,0.78945826,20996.7022,8250.459
4510,105,2050,q2+q3+q5+q6,0.66313321,28523.573,10921.5094
4510,105,2050,q2+q4+q5+q6,0.66313321,30222.7443,10885.5528
4510,105,2050,q3+q4+q5+q6,0.70524156,28997.6738,10235.0239
4510,105,2050,q1+q2+q3+q4+q5,0.92638367,6876.1849,2781.5191
4510,105,2050,q1+q2+q3+q4+q6,0.87367495,18992.0221,7739.7379
4510,105,2050,q1+q2+q3+q5+q6,0.74734991,25331.8592,10142.1261
4510,105,2050,q1+q2+q4+q5+q6,0.74734991,26839.5559,10151.7081
4510,105,2050,q1+q3+q4+q5+q6,0.78945826,25925.6251,9596.2801
4510,105,2050,q2+q3+q4+q5+q6,0.9157833,22476.9795,8457.2554
4510,105,2050,q1+q2+q3+q4+q5+q6,1.0,20600.8766,8020.1463
4510,105,2050,all,1.0,20600.8766,8020.1463
4511,105,2141,q1,0.07845065,202.7718,118.4634
4511,105,2141,q2,0.19612661,606.3839,291.5937
4511,105,2141,q3,0.23535194,2269.1077,917.4746
4511,105,2141,q4,0.23535194,6931.1108,2444.4747
4511,105,2141,q5,0.11767597,32629.7684,9587.4375
4511,105,2141,q6,0.1370429,201133.7103,52293.0814
4511,105,2141,q1+q2,0.27457726,491.0662,248.7109
4511,105,2141,q1+q3,0.31380258,1752.5237,767.6984
4511,105,2141,q1+q4,0.31380258,5249.0261,2054.8272
4511,105,2141,q1+q5,0.19612661,19658.9698,7209.7872
4511,105,2141,q1+q6,0.21549355,127984.5967,41699.9814
4511,105,2141,q2+q3,0.43147855,1513.3242,659.6091
4511,105,2141,q2+q4,0.43147855,4056.235,1627.8053
4511,105,2141,q2+q5,0.31380258,12615.1531,4897.206
4511,105,2141,q2+q6,0.33316951,83089.4599,29608.6083
4511,105,2141,q3+q4,0.47070387,4600.1092,1733.0684
4511,105,2141,q3+q5,0.3530279,12389.3279,4451.3576
4511,105,2141,q3+q6,0.37239484,75452.1359,25332.2174
4511,105,2141,q4+q5,0.3530279,15497.33,5123.5209
4511,105,2141,q4+q6,0.37239484,78398.5019,24442.8583
4511,105,2141,q5+q6,0.25471887,123287.6337,33854.6989
4511,105,2141,q1+q2+q3,0.5099292,1311.7007,594.9714
4511,105,2141,q1+q2+q4,0.5099292,3463.3945,1460.2276
4511,105,2141,q1+q2+q5,0.39225323,10132.6769,4216.4523
4511,105,2141,q1+q2+q6,0.41162016,67292.0942,25905.0397
4511,105,2141,q1+q3+q4,0.54915452,3971.9182,1576.375
4511,105,2141,q1+q3+q5,0.43147855,10173.5905,3930.4012
4511,105,2141,q1+q3+q6,0.45084548,62358.1571,22609.3612
4511,105,2141,q1+q4+q5,0.43147855,12716.5013,4564.4229
4511,105,2141,q1+q4+q6,0.45084548,64791.8323,21984.5744
4511,105,2141,q1+q5+q6,0.33316951,94305.1294,29588.5189
4511,105,2141,q2+q3+q4,0.66683049,3425.4842,1378.3165
4511,105,2141,q2+q3+q5,0.54915452,8181.1337,3231.1701
4511,105,2141,q2+q3+q6,0.56852145,49632.1007,18600.0391
4511,105,2141,q2+q4+q5,0.54915452,10179.135,3788.0447
4511,105,2141,q2+q4+q6,0.56852145,51562.0392,18295.2371
4511,105,2141,q2+q5+q6,0.45084548,69918.8876,23604.3595
4511,105,2141,q3+q4+q5,0.58837984,10206.0411,3639.6469
4511,105,2141,q3+q4+q6,0.60774677,48917.1436,16734.711
4511,105,2141,q3+q5+q6,0.4900708,65169.6145,21155.3391
4511,105,2141,q4+q5+q6,0.4900708,67408.498,20712.5533
4511,105,2141,q1+q2+q3+q4,0.74528113,3086.2513,1283.8855
4511,105,2141,q1+q2+q3+q5,0.62760516,7183.8384,2957.031
4511,105,2141,q1+q2+q3+q6,0.6469721,43638.3912,17097.1455
4511,105,2141,q1+q2+q4+q5,0.62760516,8932.0896,3481.9736
4511,105,2141,q1+q2+q4+q6,0.6469721,45334.309,16889.6887
4511,105,2141,q1+q2+q5+q6,0.52929613,59585.7791,21458.5728
4511,105,2141,q1+q3+q4+q5,0.66683049,9029.1859,3374.6316
4511,105,2141,q1+q3+q4+q6,0.68619742,43347.7931,15566.9841
4511,105,2141,q1+q3+q5+q6,0.56852145,56204.7975,19436.9954
4511,105,2141,q1+q4+q5+q6,0.56852145,58134.7361,19113.3056
4511,105,2141,q2+q3+q4+q5,0.78450645,7806.1268,2976.0472
4511,105,2141,q2+q3+q4+q6,0.80387339,37130.4296,13664.5105
4511,105,2141,q2+q3+q5+q6,0.68619742,46716.3714,16717.6615
4511,105,2141,q2+q4+q5+q6,0.68619742,48315.3449,16553.9328
4511,105,2141,q3+q4+q5+q6,0.72542274,46275.053,15419.8449
4511,105,2141,q1+q2+q3+q4+q5,0.8629571,7114.9127,2800.9932
4511,105,2141,q1+q2+q3+q4+q6,0.88232403,33847.057,12879.9991
4511,105,2141,q1+q2+q3+q5+q6,0.76464806,41944.2127,15631.3138
4511,105,2141,q1+q2+q4+q5+q6,0.76464806,43379.1362,15521.207
4511,105,2141,q1+q3+q4+q5+q6,0.80387339,41778.8223,14530.853
4511,105,2141,q2+q3+q4+q5+q6,0.92154935,36555.7239,13032.8092
4511,105,2141,q1+q2+q3+q4+q5+q6,1.0,33703.8114,12395.0433
4511,105,2141,all,1.0,33703.8114,12395.0433
4512,105,2142,q1,0.07844101,200.8578,124.0768
4512,105,2142,q2,0.19610252,622.1894,290.0854
4512,105,2142,q3,0.23532302,2207.8401,887.6688
4512,105,2142,q4,0.23532302,6380.2774,2370.2356
4512,105,2142,q5,0.11766151,29923.4936,9373.0421
4512,105,2142,q6,0.13714891,207865.7387,55591.5304
4512,105,2142,q1+q2,0.27454353,501.8089,251.5895
4512,105,2142,q1+q3,0.31376403,1706.0945,751.5403
4512,105,2142,q1+q4,0.31376403,4835.4225,1995.1577
4512,105,2142,q1+q5,0.19610252,18034.4392,7036.3718
4512,105,2142,q1+q6,0.21558992,132308.2061,44582.9134
4512,105,2142,q2+q3,0.43142554,1487.0898,637.7967
4512,105,2142,q2+q4,0.43142554,3762.9647,1540.1764
4512,105,2142,q2+q5,0.31376403,11610.1785,4575.0425
4512,105,2142,q2+q6,0.33325143,85912.8284,30672.3621
4512,105,2142,q3+q4,0.47064605,4294.0587,1658.2365
4512,105,2142,q3+q5,0.35298454,11446.3912,4204.6383
4512,105,2142,q3+q6,0.37247194,77933.6992,26434.2431
4512,105,2142,q4+q5,0.35298454,14228.0161,4977.0518
4512,105,2142,q4+q6,0.37247194,80569.7919,26180.5063
4512,105,2142,q5+q6,0.25481043,125698.9533,36050.5914
4512,105,2142,q1+q2+q3,0.50986655,1289.2079,580.2159
4512,105,2142,q1+q2+q4,0.50986655,3214.9482,1387.9221
4512,105,2142,q1+q2+q5,0.39220504,9328.3143,3962.8514
4512,105,2142,q1+q2+q6,0.41169244,69581.867,27014.2864
4512,105,2142,q1+q3+q4,0.54908705,3709.3157,1513.4753
4512,105,2142,q1+q3+q5,0.43142554,9401.7488,3728.3563
4512,105,2142,q1+q3+q6,0.45091295,64411.261,23707.2074
4512,105,2142,q1+q4+q5,0.43142554,11677.6237,4434.6196
4512,105,2142,q1+q4+q6,0.45091295,66588.7779,23581.8957
4512,105,2142,q1+q5+q6,0.33325143,96159.1041,31557.9409
4512,105,2142,q2+q3+q4,0.66674857,3214.0972,1307.2111
4512,105,2142,q2+q3+q5,0.54908705,7580.6049,3012.8591
4512,105,2142,q2+q3+q6,0.56857446,51268.7977,19193.6804
4512,105,2142,q2+q4+q5,0.54908705,9368.7923,3598.1664
4512,105,2142,q2+q4+q6,0.56857446,52995.6965,19230.542
4512,105,2142,q2+q5+q6,0.45091295,71302.9356,24560.5515
4512,105,2142,q3+q4+q5,0.58830756,9419.9457,3475.8306
4512,105,2142,q3+q4+q6,0.60779496,50230.002,17631.0759
4512,105,2142,q3+q5+q6,0.49013345,66408.3618,22085.6495
4512,105,2142,q4+q5+q6,0.49013345,68411.6336,22032.1108
4512,105,2142,q1+q2+q3+q4,0.74518957,2896.9141,1222.1561
4512,105,2142,q1+q2+q3+q5,0.62752806,6658.1365,2769.6936
4512,105,2142,q1+q2+q3+q6,0.64701546,45077.5691,17722.2907
4512,105,2142,q1+q2+q4+q5,0.62752806,8222.8005,3314.7769
4512,105,2142,q1+q2+q4+q6,0.64701546,46595.1071,17798.2121
4512,105,2142,q1+q2+q5+q6,0.52935395,60766.8499,22399.7713
4512,105,2142,q1+q3+q4+q5,0.66674857,8335.3471,3228.579
4512,105,2142,q1+q3+q4+q6,0.68623597,44511.3619,16434.9496
4512,105,2142,q1+q3+q5+q6,0.56857446,57274.3191,20343.5084
4512,105,2142,q1+q4+q5+q6,0.56857446,59001.2179,20344.9623
4512,105,2142,q2+q3+q4+q5,0.78441008,7220.5066,2810.8391
4512,105,2142,q2+q3+q4+q6,0.80389748,38128.6865,14242.057
4512,105,2142,q2+q3+q5+q6,0.68623597,47608.9477,17246.3445
4512,105,2142,q2+q4+q5+q6,0.68623597,49039.7537,17324.3442
4512,105,2142,q3+q4+q5+q6,0.72545647,46936.497,16158.9843
4512,105,2142,q1+q2+q3+q4+q5,0.86285109,6582.3567,2651.5614
4512,105,2142,q1+q2+q3+q4+q6,0.88233849,34756.8545,13455.4866
4512,105,2142,q1+q2+q3+q5+q6,0.76467698,42745.7983,16170.7204
4512,105,2142,q1+q2+q4+q5+q6,0.76467698,44029.8314,16268.9584
4512,105,2142,q1+q3+q4+q5+q6,0.80389748,42376.2257,15247.6301
4512,105,2142,q2+q3+q4+q5+q6,0.92155899,37081.0754,13518.5197
4512,105,2142,q1+q2+q3+q4+q5+q6,1.0,34188.154,12877.8507
4512,105,2142,all,1.0,34188.154,12877.8507
4513,105,2143,q1,0.07844013,203.1135,124.1659
4513,105,2143,q2,0.19610033,668.2123,307.1066
4513,105,2143,q3,0.2353204,2323.7787,882.3293
4513,105,2143,q4,0.2353204,6999.1625,2301.6808
4513,105,2143,q5,0.1176602,33355.9248,9045.6329
4513,105,2143,q6,0.13715855,214020.425,49984.9462
4513,105,2143,q1+q2,0.27454046,535.3269,264.8109
4513,105,2143,q1+q3,0.31376053,1793.6124,752.2845
4513,105,2143,q1+q4,0.31376053,5300.1502,1970.5909
4513,105,2143,q1+q5,0.19610033,20094.8003,7009.3908
4513,105,2143,q1+q6,0.21559868,136228.3999,41044.2301
4513,105,2143,q2+q3,0.43142072,1571.2485,647.785
4513,105,2143,q2+q4,0.43142072,4121.4578,1556.6282
4513,105,2143,q2+q5,0.31376053,12926.1045,4712.8884
4513,105,2143,q2+q6,0.33325888,88477.0659,29080.0197
4513,105,2143,q3+q4,0.47064079,4661.4706,1642.9311
4513,105,2143,q3+q5,0.35298059,12667.8274,4243.8803
4513,105,2143,q3+q6,0.37247895,80277.1918,24772.8093
4513,105,2143,q4+q5,0.35298059,15784.7499,4847.2507
4513,105,2143,q4+q6,0.37247895,83230.9511,23795.257
4513,105,2143,q5+q6,0.25481875,130600.2647,32590.2613
4513,105,2143,q1+q2+q3,0.50986086,1360.7662,590.592
4513,105,2143,q1+q2+q4,0.50986086,3518.6356,1411.9656
4513,105,2143,q1+q2+q5,0.39220066,10381.5063,4117.4626
4513,105,2143,q1+q2+q6,0.41169901,71658.4187,25827.3228
4513,105,2143,q1+q3+q4,0.54908092,4024.5624,1509.7858
4513,105,2143,q1+q3+q5,0.43142072,10401.5158,3796.6374
4513,105,2143,q1+q3+q6,0.45091908,66347.8161,22404.3052
4513,105,2143,q1+q4+q5,0.43142072,12951.7251,4372.9572
4513,105,2143,q1+q4+q6,0.45091908,68787.7509,21672.98
4513,105,2143,q1+q5+q6,0.33325888,99908.3001,28966.0693
4513,105,2143,q2+q3+q4,0.66674112,3486.9828,1319.4559
4513,105,2143,q2+q3+q5,0.54908092,8382.2506,3109.1573
4513,105,2143,q2+q3+q6,0.56857928,52820.4275,18383.0334
4513,105,2143,q2+q4+q5,0.54908092,10385.9865,3618.1747
4513,105,2143,q2+q4+q6,0.56857928,54755.4491,18000.6668
4513,105,2143,q2+q5+q6,0.45091908,74094.0764,23076.2635
4513,105,2143,q3+q4+q5,0.58830099,10400.3614,3458.3318
4513,105,2143,q3+q4+q6,0.60779934,51906.291,16409.2143
4513,105,2143,q3+q5+q6,0.49013914,69013.5218,20614.3661
4513,105,2143,q4+q5+q6,0.49013914,71258.2174,20110.4697
4513,105,2143,q1+q2+q3+q4,0.74518125,3141.3124,1238.3209
4513,105,2143,q1+q2+q3+q5,0.62752105,7359.8584,2871.056
4513,105,2143,q1+q2+q3+q6,0.64701941,46441.4704,17053.3872
4513,105,2143,q1+q2+q4+q5,0.62752105,9113.1273,3355.1396
4513,105,2143,q1+q2+q4+q6,0.64701941,48141.9034,16766.0092
4513,105,2143,q1+q2+q5+q6,0.52935921,63144.9576,21207.7244
4513,105,2143,q1+q3+q4+q5,0.66674112,9200.6852,3232.87
4513,105,2143,q1+q3+q4+q6,0.68623947,45996.3947,15390.3575
4513,105,2143,q1+q3+q5+q6,0.56857928,59520.5668,19128.2961
4513,105,2143,q1+q4+q5+q6,0.56857928,61455.5883,18735.42
4513,105,2143,q2+q3+q4+q5,0.78440132,7967.3241,2846.0227
4513,105,2143,q2+q3+q4+q6,0.80389967,39407.4625,13484.7352
4513,105,2143,q2+q3+q5+q6,0.68623947,49483.1126,16423.6212
4513,105,2143,q2+q4+q5+q6,0.68623947,51086.3622,16204.7266
4513,105,2143,q3+q4+q5+q6,0.72545954,48897.6604,15053.4407
4513,105,2143,q1+q2+q3+q4+q5,0.86284145,7261.4868,2695.7555
4513,105,2143,q1+q2+q3+q4+q6,0.8823398,35922.1904,12792.798
4513,105,2143,q1+q2+q3+q5+q6,0.7646796,44428.0155,15471.1866
4513,105,2143,q1+q2+q4+q5+q6,0.7646796,45866.8053,15304.372
4513,105,2143,q1+q3+q4+q5+q6,0.80389967,44146.3129,14282.499
4513,105,2143,q2+q3+q4+q5+q6,0.92155987,38634.8321,12792.7148
4513,105,2143,q1+q2+q3+q4+q5+q6,1.0,35620.243,12234.3897
4513,105,2143,all,1.0,35620.243,12234.3897
4514,105,2144,q1,0.07844055,204.428,123.1261
4514,105,2144,q2,0.19610137,569.8674,301.546
4514,105,2144,q3,0.23532165,2120.6498,877.1426
4514,105,2144,q4,0.23532165,6301.362,2389.2096
4514,105,2144,q5,0.11766082,31865.4204,10190.2416
4514,105,2144,q6,0.13715396,192886.5562,55524.0958
4514,105,2144,q1+q2,0.27454192,465.4562,255.1498
4514,105,2144,q1+q3,0.3137622,1641.5943,736.69
4514,105,2144,q1+q4,0.3137622,4777.1285,1996.1697
4514,105,2144,q1+q5,0.19610137,19201.0234,7558.396
4514,105,2144,q1+q6,0.21559451,122782.3042,43631.5408
4514,105,2144,q2+q3,0.43142302,1415.7487,650.099
4514,105,2144,q2+q4,0.43142302,3696.1372,1608.6917
4514,105,2144,q2+q5,0.3137622,12305.6998,5228.0546
4514,105,2144,q2+q6,0.33325533,79719.3755,31363.7114
4514,105,2144,q3+q4,0.47064329,4211.0059,1666.0409
4514,105,2144,q3+q5,0.35298247,12035.5733,4534.6462
4514,105,2144,q3+q6,0.37247561,72364.9804,25783.7384
4514,105,2144,q4+q5,0.35298247,14822.7148,5292.6275
4514,105,2144,q4+q6,0.37247561,75006.2597,25465.1829
4514,105,2144,q5+q6,0.25481479,118534.9858,35770.5771
4514,105,2144,q1+q2+q3,0.50986357,1229.3917,585.944
4514,105,2144,q1+q2+q4,0.50986357,3158.9512,1436.1743
4514,105,2144,q1+q2+q5,0.39220274,9885.4454,4462.7775
4514,105,2144,q1+q2+q6,0.41169588,64569.367,27200.5394
4514,105,2144,q1+q3+q4,0.54908384,3638.6376,1513.7897
4514,105,2144,q1+q3+q5,0.43142302,9884.456,3996.2351
4514,105,2144,q1+q3+q6,0.45091616,59812.0629,22941.0663
4514,105,2144,q1+q4+q5,0.43142302,12164.8445,4690.8683
4514,105,2144,q1+q4+q6,0.45091616,61993.87,22776.0822
4514,105,2144,q1+q5+q6,0.33325533,90682.7267,31007.1513
4514,105,2144,q2+q3+q4,0.66674467,3140.0828,1341.9249
4514,105,2144,q2+q3+q5,0.54908384,7940.6783,3334.7849
4514,105,2144,q2+q3+q6,0.56857698,47602.9506,19114.4854
4514,105,2144,q2+q4+q5,0.54908384,9732.4122,3931.7423
4514,105,2144,q2+q4+q6,0.56857698,49333.2564,19111.3405
4514,105,2144,q2+q5+q6,0.45091616,67232.4959,24951.8185
4514,105,2144,q3+q4+q5,0.58830412,9741.8888,3679.7218
4514,105,2144,q3+q4+q6,0.60779726,46787.0441,17068.658
4514,105,2144,q3+q5+q6,0.49013643,62642.7658,21724.2803
4514,105,2144,q4+q5+q6,0.49013643,64649.9867,21629.0126
4514,105,2144,q1+q2+q3+q4,0.74518521,2831.0665,1248.0237
4514,105,2144,q1+q2+q3+q5,0.62752439,6973.6471,3043.8518
4514,105,2144,q1+q2+q3+q6,0.64701753,41856.6362,17514.8776
4514,105,2144,q1+q2+q4+q5,0.62752439,8541.4142,3598.7114
4514,105,2144,q1+q2+q4+q6,0.64701753,43377.1701,17563.754
4514,105,2144,q1+q2+q5+q6,0.52935671,57300.217,22548.0688
4514,105,2144,q1+q3+q4+q5,0.66674467,8619.8346,3405.2746
4514,105,2144,q1+q3+q4+q6,0.6862378,41462.4089,15840.05
4514,105,2144,q1+q3+q5+q6,0.56857698,54028.8091,19901.7134
4514,105,2144,q1+q4+q5+q6,0.56857698,55759.115,19873.3019
4514,105,2144,q2+q3+q4+q5,0.78440549,7448.8835,3030.4107
4514,105,2144,q2+q3+q4+q6,0.80389863,35512.9214,14017.6305
4514,105,2144,q2+q3+q5+q6,0.6862378,44904.6283,17273.8726
4514,105,2144,q2+q4+q5+q6,0.6862378,46338.2597,17323.2092
4514,105,2144,q3+q4+q5+q6,0.72545808,44366.9311,15824.3983
4514,105,2144,q1+q2+q3+q4+q5,0.86284604,6790.2966,2846.46
4514,105,2144,q1+q2+q3+q4+q6,0.88233918,32373.9725,13182.5259
4514,105,2144,q1+q2+q3+q5+q6,0.76467835,40319.2909,16106.9667
4514,105,2144,q1+q2+q4+q5+q6,0.76467835,41605.8607,16183.7296
4514,105,2144,q1+q3+q4+q5+q6,0.80389863,40057.7672,14879.5393
4514,105,2144,q2+q3+q4+q5+q6,0.92155945,35047.2239,13431.9875
4514,105,2144,q1+q2+q3+q4+q5+q6,1.0,32314.1358,12748.1899
4514,105,2144,all,1.0,32314.1358,12748.1899
4515,105,2145,q1,0.0784649,203.7889,111.4601
4515,105,2145,q2,0.19616224,593.7557,276.0841
4515,105,2145,q3,0.23539469,2364.0148,959.0223
4515,105,2145,q4,0.23539469,7245.876,2621.3954
4515,105,2145,q5,0.11769735,32655.4801,9806.2749
4515,105,2145,q6,0.13688614,201359.8115,52233.391
4515,105,2145,q1+q2,0.27462714,482.3367,234.3084
4515,105,2145,q1+q3,0.31385959,1823.9583,791.0104
4515,105,2145,q1+q4,0.31385959,5485.3542,2167.9643
4515,105,2145,q1+q5,0.19616224,19674.8036,7208.5274
4515,105,2145,q1+q6,0.21535103,128066.9819,41092.1833
4515,105,2145,q2+q3,0.43155693,1559.3516,671.5206
4515,105,2145,q2+q4,0.43155693,4222.185,1698.8853
4515,105,2145,q2+q5,0.31385959,12616.9024,4865.9077
4515,105,2145,q2+q6,0.33304838,83110.5653,29149.8835
4515,105,2145,q3+q4,0.47078938,4804.9454,1837.7521
4515,105,2145,q3+q5,0.35309204,12461.1699,4525.7876
4515,105,2145,q3+q6,0.37228083,75533.9546,25380.0586
4515,105,2145,q4+q5,0.35309204,15715.744,5322.3682
4515,105,2145,q4+q6,0.37228083,78620.7755,24838.8144
4515,105,2145,q5+q6,0.25458348,123365.5447,34151.3904
4515,105,2145,q1+q2+q3,0.51002183,1350.8035,601.3843
4515,105,2145,q1+q2+q4,0.51002183,3603.9702,1511.6026
4515,105,2145,q1+q2+q5,0.39232448,10134.2797,4153.3823
4515,105,2145,q1+q2+q6,0.41151327,67302.3957,25338.5488
4515,105,2145,q1+q3+q4,0.54925428,4147.6373,1657.5561
4515,105,2145,q1+q3+q5,0.43155693,10232.5552,3958.1499
4515,105,2145,q1+q3+q6,0.45074572,62420.6329,22483.2656
4515,105,2145,q1+q4+q5,0.43155693,12895.3885,4692.0751
4515,105,2145,q1+q4+q6,0.45074572,64970.1063,22155.0638
4515,105,2145,q1+q5+q6,0.33304838,94349.1162,29557.7997
4515,105,2145,q2+q3+q4,0.66695162,3566.3602,1439.1374
4515,105,2145,q2+q3+q5,0.54925428,8222.8077,3239.7399
4515,105,2145,q2+q3+q6,0.56844307,49673.0756,18457.238
4515,105,2145,q2+q4+q5,0.54925428,10315.0339,3868.6775
4515,105,2145,q2+q4+q6,0.56844307,51694.6751,18363.2756
4515,105,2145,q2+q5+q6,0.45074572,69935.8877,23498.3969
4515,105,2145,q3+q4+q5,0.58848673,10375.0523,3762.2476
4515,105,2145,q3+q4+q6,0.60767552,49081.2662,16959.6759
4515,105,2145,q3+q5+q6,0.48997817,65234.1435,21310.4413
4515,105,2145,q4+q5+q6,0.48997817,67579.4811,21086.7587
4515,105,2145,q1+q2+q3+q4,0.74541652,3212.4053,1333.0992
4515,105,2145,q1+q2+q3+q5,0.62771917,7220.4303,2947.8499
4515,105,2145,q1+q2+q3+q6,0.64690796,43672.8365,16884.3319
4515,105,2145,q1+q2+q4+q5,0.62771917,9051.1283,3533.4541
4515,105,2145,q1+q2+q4+q6,0.64690796,45449.2317,16861.6115
4515,105,2145,q1+q2+q5+q6,0.52921062,59596.8625,21239.0018
4515,105,2145,q1+q3+q4+q5,0.66695162,9178.4331,3465.7271
4515,105,2145,q1+q3+q4+q6,0.68614041,43491.789,15688.9166
4515,105,2145,q1+q3+q5+q6,0.56844307,56257.6948,19459.8043
4515,105,2145,q1+q4+q5+q6,0.56844307,58279.2942,19330.8774
4515,105,2145,q2+q3+q4+q5,0.78464897,7929.7282,3042.9739
4515,105,2145,q2+q3+q4+q6,0.80383776,37248.7556,13731.7884
4515,105,2145,q2+q3+q5+q6,0.68614041,46753.9562,16692.8935
4515,105,2145,q2+q4+q5+q6,0.68614041,48428.7798,16679.7728
4515,105,2145,q3+q4+q5+q6,0.72537286,46416.0556,15655.9643
4515,105,2145,q1+q2+q3+q4+q5,0.86311386,7227.3701,2850.7782
4515,105,2145,q1+q2+q3+q4+q6,0.88230265,33954.2745,12890.978
4515,105,2145,q1+q2+q3+q5+q6,0.76460531,41976.911,15541.0553
4515,105,2145,q1+q2+q4+q5+q6,0.76460531,43479.8619,15566.7897
4515,105,2145,q1+q3+q4+q5+q6,0.80383776,41905.1444,14683.8491
4515,105,2145,q2+q3+q4+q5+q6,0.9215351,36662.108,13133.6901
4515,105,2145,q1+q2+q3+q4+q5+q6,1.0,33801.4098,12445.8135
4515,105,2145,all,1.0,33801.4098,12445.8135
4516,105,2146,q1,0.07844208,203.4783,119.3704
4516,105,2146,q2,0.1961052,672.6957,295.7583
4516,105,2146,q3,0.23532624,2438.17,922.776
4516,105,2146,q4,0.23532624,7051.6071,2494.5389
4516,105,2146,q5,0.11766312,33021.8661,9610.822
4516,105,2146,q6,0.13713714,214897.1019,51126.6606
4516,105,2146,q1+q2,0.27454727,538.6336,255.0766
4516,105,2146,q1+q3,0.31376831,1879.4971,780.5842
4516,105,2146,q1+q4,0.31376831,5339.5749,2097.0246
4516,105,2146,q1+q5,0.1961052,19894.511,7251.8223
4516,105,2146,q1+q6,0.21557921,136777.2603,41522.3918
4516,105,2146,q2+q3,0.43143143,1635.6817,660.8654
4516,105,2146,q2+q4,0.43143143,4152.1019,1611.9946
4516,105,2146,q2+q5,0.31376831,12803.6346,4724.5659
4516,105,2146,q2+q6,0.33324233,88831.1278,28952.1472
4516,105,2146,q3+q4,0.47065247,4744.8886,1735.1846
4516,105,2146,q3+q5,0.35298935,12632.7354,4345.9606
4516,105,2146,q3+q6,0.37246337,80663.337,25074.3775
4516,105,2146,q4+q5,0.35298935,15708.3601,5184.5395
4516,105,2146,q4+q6,0.37246337,83578.1546,25071.4524
4516,105,2146,q5+q6,0.25480025,130909.7158,34012.3306
4516,105,2146,q1+q2+q3,0.50987351,1415.3427,600.6053
4516,105,2146,q1+q2+q4,0.50987351,3544.6214,1451.6845
4516,105,2146,q1+q2+q5,0.39221039,10283.6033,4098.8013
4516,105,2146,q1+q2+q6,0.41168441,71944.0733,25617.6063
4516,105,2146,q1+q3+q4,0.54909455,4096.1157,1583.111
4516,105,2146,q1+q3+q5,0.43143143,10372.8705,3858.6705
4516,105,2146,q1+q3+q6,0.45090545,66666.082,22569.1199
4516,105,2146,q1+q4+q5,0.43143143,12889.2907,4621.6528
4516,105,2146,q1+q4+q6,0.45090545,69073.8213,22645.6113
4516,105,2146,q1+q5+q6,0.33324233,100142.7095,29945.6982
4516,105,2146,q2+q3+q4,0.66675767,3547.1848,1364.7165
4516,105,2146,q2+q3+q5,0.54909455,8361.2926,3118.7734
4516,105,2146,q2+q3+q6,0.56856857,53073.7351,18352.6124
4516,105,2146,q2+q4+q5,0.54909455,10338.48,3745.7281
4516,105,2146,q2+q4+q6,0.56856857,54983.2019,18523.4852
4516,105,2146,q2+q5+q6,0.45090545,74267.7825,23471.595
4516,105,2146,q3+q4+q5,0.58831559,10400.2841,3617.7506
4516,105,2146,q3+q4+q6,0.60778961,52162.0742,17013.5977
4516,105,2146,q3+q5+q6,0.49012649,69226.1996,21173.1779
4516,105,2146,q4+q5+q6,0.49012649,71441.2661,21273.9397
4516,105,2146,q1+q2+q3+q4,0.74519975,3195.2157,1275.5148
4516,105,2146,q1+q2+q3+q5,0.62753663,7341.5658,2869.0201
4516,105,2146,q1+q2+q3+q6,0.64701065,46663.8671,16981.3679
4516,105,2146,q1+q2+q4+q5,0.62753663,9071.6048,3451.7236
4516,105,2146,q1+q2+q4+q6,0.64701065,48341.8345,17172.4025
4516,105,2146,q1+q2+q5+q6,0.52934753,63292.4636,21470.5831
4516,105,2146,q1+q3+q4+q5,0.66675767,9200.6599,3361.4349
4516,105,2146,q1+q3+q4+q6,0.68623169,46222.7678,15882.498
4516,105,2146,q1+q3+q5+q6,0.56856857,59703.5386,19551.7287
4516,105,2146,q1+q4+q5+q6,0.56856857,61613.0054,19684.5009
4516,105,2146,q2+q3+q4+q5,0.78442079,7968.387,2924.4854
4516,105,2146,q2+q3+q4+q6,0.8038948,39601.5568,13784.8052
4516,105,2146,q2+q3+q5+q6,0.68623169,49635.5881,16627.4012
4516,105,2146,q2+q4+q5+q6,0.68623169,51217.6526,16801.0787
4516,105,2146,q3+q4+q5+q6,0.72545273,49057.6727,15693.8541
4516,105,2146,q1+q2+q3+q4+q5,0.86286286,7262.4862,2759.3282
4516,105,2146,q1+q2+q3+q4+q6,0.88233688,36098.9636,13036.9121
4516,105,2146,q1+q2+q3+q5+q6,0.76467376,44564.7231,15615.9023
4516,105,2146,q1+q2+q4+q5+q6,0.76467376,45984.4956,15798.889
4516,105,2146,q1+q3+q4+q5+q6,0.8038948,44290.6005,14826.6593
4516,105,2146,q2+q3+q4+q5+q6,0.92155792,38761.4719,13162.9866
4516,105,2146,q1+q2+q3+q4+q5+q6,1.0,35736.9027,12550.4785
4516,105,2146,all,1.0,35736.9027,12550.4785
4517,105,2147,q1,0.07844208,208.4659,115.2327
4517,105,2147,q2,0.1961052,561.0988,264.9963
4517,105,2147,q3,0.23532624,2262.6614,953.768
4517,105,2147,q4,0.23532624,7264.6992,2696.411
4517,105,2147,q5,0.11766312,30417.909,10021.6254
4517,105,2147,q6,0.13713714,191410.3009,56365.7646
4517,105,2147,q1+q2,0.27454727,460.3465,226.8501
4517,105,2147,q1+q3,0.31376831,1749.1126,783.819
4517,105,2147,q1+q4,0.31376831,5500.6409,2224.3419
4517,105,2147,q1+q5,0.1961052,18334.1318,7204.6297
4517,105,2147,q1+q6,0.21557921,121838.3368,43228.2812
4517,105,2147,q2+q3,0.43143143,1489.2239,659.9852
4517,105,2147,q2+q4,0.43143143,4217.6081,1734.2022
4517,105,2147,q2+q5,0.31376831,11757.4026,4776.3746
4517,105,2147,q2+q6,0.33324233,79100.0791,29922.4001
4517,105,2147,q3+q4,0.47065247,4763.6803,1880.4434
4517,105,2147,q3+q5,0.35298935,11647.744,4491.4722
4517,105,2147,q3+q6,0.37246337,71904.8532,26154.9286
4517,105,2147,q4+q5,0.35298935,14982.4358,5335.848
4517,105,2147,q4+q6,0.37246337,75065.1927,25423.8428
4517,105,2147,q5+q6,0.25480025,117066.3138,36251.0119
4517,105,2147,q1+q2+q3,0.50987351,1292.1842,590.679
4517,105,2147,q1+q2+q4,0.50987351,3600.817,1541.3262
4517,105,2147,q1+q2+q5,0.39221039,9447.6153,4052.8971
4517,105,2147,q1+q2+q6,0.41168441,64068.1227,25786.9508
4517,105,2147,q1+q3+q4,0.54909455,4112.9354,1692.6917
4517,105,2147,q1+q3+q5,0.43143143,9567.8752,3904.1121
4517,105,2147,q1+q3+q6,0.45090545,59432.1416,22985.433
4517,105,2147,q1+q4+q5,0.43143143,12296.2595,4682.0001
4517,105,2147,q1+q4+q6,0.45090545,62042.6905,22531.2583
4517,105,2147,q1+q5+q6,0.33324233,89559.0868,30935.6246
4517,105,2147,q2+q3+q4,0.66675767,3527.6269,1463.1665
4517,105,2147,q2+q3+q5,0.54909455,7688.2278,3172.5868
4517,105,2147,q2+q3+q6,0.56856857,47297.6523,18685.3232
4517,105,2147,q2+q4+q5,0.54909455,9831.9583,3838.6957
4517,105,2147,q2+q4+q6,0.56856857,49367.9579,18528.0872
4517,105,2147,q2+q5+q6,0.45090545,66396.538,24181.7793
4517,105,2147,q3+q4+q5,0.58831559,9894.5261,3756.9411
4517,105,2147,q3+q4+q6,0.60778961,46877.2385,17184.3523
4517,105,2147,q3+q5+q6,0.49012649,61945.2136,21983.0888
4517,105,2147,q4+q5+q6,0.49012649,64346.8604,21648.1248
4517,105,2147,q1+q2+q3+q4,0.74519975,3178.2416,1353.8262
4517,105,2147,q1+q2+q3+q5,0.62753663,6753.2576,2877.9512
4517,105,2147,q1+q2+q3+q6,0.64701065,41588.6679,17018.6128
4517,105,2147,q1+q2+q4+q5,0.62753663,8629.0217,3497.4219
4517,105,2147,q1+q2+q4+q6,0.64701065,43407.9745,16951.0391
4517,105,2147,q1+q2+q5+q6,0.52934753,56588.3691,21706.9106
4517,105,2147,q1+q3+q4+q5,0.66675767,8754.9896,3451.3899
4517,105,2147,q1+q3+q4+q6,0.68623169,41542.6036,15838.5808
4517,105,2147,q1+q3+q5+q6,0.56856857,53427.7557,19945.5288
4517,105,2147,q1+q4+q5+q6,0.56856857,55498.0614,19736.8306
4517,105,2147,q2+q3+q4+q5,0.78442079,7561.1692,3018.919
4517,105,2147,q2+q3+q4+q6,0.8038948,35578.7009,13795.7012
4517,105,2147,q2+q3+q5+q6,0.68623169,44403.4064,16962.8711
4517,105,2147,q2+q4+q5+q6,0.68623169,46118.7319,16905.3215
4517,105,2147,q3+q4+q5+q6,0.72545273,44207.6558,15914.9247
4517,105,2147,q1+q2+q3+q4+q5,0.86286286,6892.7417,2823.3125
4517,105,2147,q1+q2+q3+q4+q6,0.88233688,32434.1936,12919.2851
4517,105,2147,q1+q2+q3+q5+q6,0.76467376,39869.7829,15729.3722
4517,105,2147,q1+q2+q4+q5+q6,0.76467376,41409.1461,15722.2686
4517,105,2147,q1+q3+q4+q5+q6,0.8038948,39914.323,14875.483
4517,105,2147,q2+q3+q4+q5+q6,0.92155792,34919.7788,13241.1106
4517,105,2147,q1+q2+q3+q4+q5+q6,1.0,32196.9513,12516.9726
4517,105,2147,all,1.0,32196.9513,12516.9726
4518,105,2148,q1,0.07844208,203.4765,120.623
4518,105,2148,q2,0.1961052,594.8628,299.064
4518,105,2148,q3,0.23532624,2202.2862,889.6674
4518,105,2148,q4,0.23532624,6577.8206,2400.1318
4518,105,2148,q5,0.11766312,33134.5257,9931.8414
4518,105,2148,q6,0.13713714,195594.9693,54547.6135
4518,105,2148,q1+q2,0.27454727,483.0381,253.8647
4518,105,2148,q1+q3,0.31376831,1702.5838,747.3133
4518,105,2148,q1+q4,0.31376831,4984.2346,2012.0632
4518,105,2148,q1+q5,0.1961052,19962.106,7458.3796
4518,105,2148,q1+q6,0.21557921,124498.5287,43007.2786
4518,105,2148,q2+q3,0.43143143,1471.6392,652.8003
4518,105,2148,q2+q4,0.43143143,3858.2943,1608.2893
4518,105,2148,q2+q5,0.31376831,12797.2363,5130.6997
4518,105,2148,q2+q6,0.33324233,80842.0388,30550.7569
4518,105,2148,q3+q4,0.47065247,4390.0534,1683.2988
4518,105,2148,q3+q5,0.35298935,12513.0327,4529.8781
4518,105,2148,q3+q6,0.37246337,73407.4588,25451.34
4518,105,2148,q4+q5,0.35298935,15430.0556,5249.8612
4518,105,2148,q4+q6,0.37246337,76171.967,24959.7967
4518,105,2148,q5+q6,0.25480025,120573.0569,34742.1122
4518,105,2148,q1+q2+q3,0.50987351,1276.5372,589.068
4518,105,2148,q1+q2+q4,0.50987351,3296.0146,1439.6551
4518,105,2148,q1+q2+q5,0.39221039,10278.4844,4406.1206
4518,105,2148,q1+q2+q6,0.41168441,65477.2199,26580.2854
4518,105,2148,q1+q3+q4,0.54909455,3791.971,1531.2331
4518,105,2148,q1+q3+q5,0.43143143,10274.9316,4003.0181
4518,105,2148,q1+q3+q6,0.45090545,60672.4774,22673.4154
4518,105,2148,q1+q4+q5,0.43143143,12661.5867,4669.6686
4518,105,2148,q1+q4+q6,0.45090545,62956.056,22369.7451
4518,105,2148,q1+q5+q6,0.33324233,92239.2014,30235.7687
4518,105,2148,q2+q3+q4,0.66675767,3273.8208,1349.4898
4518,105,2148,q2+q3+q5,0.54909455,8256.5434,3320.9866
4518,105,2148,q2+q3+q6,0.56856857,48293.6392,18751.298
4518,105,2148,q2+q4+q5,0.54909455,10131.7724,3897.0892
4518,105,2148,q2+q4+q6,0.56856857,50104.6398,18659.2195
4518,105,2148,q2+q5+q6,0.45090545,68392.833,24199.4098
4518,105,2148,q3+q4+q5,0.58831559,10138.9478,3682.0123
4518,105,2148,q3+q4+q6,0.60778961,47532.1115,16803.9904
4518,105,2148,q3+q5+q6,0.49012649,63739.263,21298.0388
4518,105,2148,q4+q5+q6,0.49012649,65840.1044,21102.174
4518,105,2148,q1+q2+q3+q4,0.74519975,2950.6267,1256.5641
4518,105,2148,q1+q2+q3+q5,0.62753663,7249.9101,3038.189
4518,105,2148,q1+q2+q3+q6,0.64701065,42463.2988,17207.2913
4518,105,2148,q1+q2+q4+q5,0.62753663,8890.7355,3576.7361
4518,105,2148,q1+q2+q4+q6,0.64701065,44054.7379,17180.6379
4518,105,2148,q1+q2+q5+q6,0.52934753,58288.1011,21934.3872
4518,105,2148,q1+q3+q4+q5,0.66675767,8970.0689,3413.0844
4518,105,2148,q1+q3+q4+q6,0.68623169,42122.0487,15611.6876
4518,105,2148,q1+q3+q5+q6,0.56856857,54973.6023,19545.6915
4518,105,2148,q1+q4+q5+q6,0.56856857,56784.6029,19431.245
4518,105,2148,q2+q3+q4+q5,0.78442079,7752.9266,3025.5291
4518,105,2148,q2+q3+q4+q6,0.8038948,36082.0581,13751.7271
4518,105,2148,q2+q3+q5+q6,0.68623169,45694.4171,16886.8592
4518,105,2148,q2+q4+q5+q6,0.68623169,47194.8987,16874.239
4518,105,2148,q3+q4+q5+q6,0.72545273,45196.9285,15526.5495
4518,105,2148,q1+q2+q3+q4+q5,0.86286286,7066.6129,2846.1118
4518,105,2148,q1+q2+q3+q4+q6,0.88233688,32892.3575,12947.0779
4518,105,2148,q1+q2+q3+q5+q6,0.76467376,41027.8467,15771.5668
4518,105,2148,q1+q2+q4+q5+q6,0.76467376,42374.4053,15793.6873
4518,105,2148,q1+q3+q4+q5+q6,0.8038948,40806.5781,14618.1358
4518,105,2148,q2+q3+q4+q5+q6,0.92155792,35705.7217,13152.3705
4518,105,2148,q1+q2+q3+q4+q5+q6,1.0,32920.8518,12497.7399
4518,105,2148,all,1.0,32920.8518,12497.7399
4519,105,2149,q1,0.07844208,203.4423,123.9105
4519,105,2149,q2,0.1961052,616.6433,297.5308
4519,105,2149,q3,0.23532624,2299.7393,873.3954
4519,105,2149,q4,0.23532624,7011.8689,2266.5319
4519,105,2149,q5,0.11766312,32757.369,9050.8763
4519,105,2149,q6,0.13713714,216062.1479,51742.1102
4519,105,2149,q1+q2,0.27454727,498.5859,255.7529
4519,105,2149,q1+q3,0.31376831,1775.665,744.4235
4519,105,2149,q1+q4,0.31376831,5309.7622,1944.4665
4519,105,2149,q1+q5,0.1961052,19735.7983,6978.0005
4519,105,2149,q1+q6,0.21557921,137518.3718,42264.6008
4519,105,2149,q2+q3,0.43143143,1534.6957,645.2912
4519,105,2149,q2+q4,0.43143143,4104.9482,1561.1074
4519,105,2149,q2+q5,0.31376831,12669.4154,4776.3094
4519,105,2149,q2+q6,0.33324233,89277.5863,30386.5879
4519,105,2149,q3+q4,0.47065247,4655.8041,1625.9826
4519,105,2149,q3+q5,0.35298935,12452.2825,4204.2706
4519,105,2149,q3+q6,0.37246337,81004.8328,25305.3965
4519,105,2149,q4+q5,0.35298935,15593.7023,4770.3894
4519,105,2149,q4+q6,0.37246337,83982.0053,24049.336
4519,105,2149,q5+q6,0.25480025,131414.6192,33534.6958
4519,105,2149,q1+q2+q3,0.50987351,1329.8874,587.1469
4519,105,2149,q1+q2+q4,0.50987351,3504.7165,1414.5825
4519,105,2149,q1+q2+q5,0.39221039,10176.2208,4152.8605
4519,105,2149,q1+q2+q6,0.41168441,72305.4571,26868.5659
4519,105,2149,q1+q3+q4,0.54909455,4019.7524,1494.9572
4519,105,2149,q1+q3+q5,0.43143143,10225.2207,3756.7542
4519,105,2149,q1+q3+q6,0.45090545,66948.163,22850.4901
4519,105,2149,q1+q4+q5,0.43143143,12795.4732,4303.8433
4519,105,2149,q1+q4+q6,0.45090545,69407.4096,21893.7258
4519,105,2149,q1+q5+q6,0.33324233,100528.7549,29717.6071
4519,105,2149,q2+q3+q4,0.66675767,3467.8156,1318.1711
4519,105,2149,q2+q3+q5,0.54909455,8225.2685,3110.6631
4519,105,2149,q2+q3+q6,0.56856857,53278.1124,18947.7777
4519,105,2149,q2+q4+q5,0.54909455,10244.7526,3605.2798
4519,105,2149,q2+q4+q6,0.56856857,55228.4273,18394.3972
4519,105,2149,q2+q5+q6,0.45090545,74528.7183,23919.4992
4519,105,2149,q3+q4+q5,0.58831559,10276.1171,3408.8364
4519,105,2149,q3+q4+q6,0.60778961,52355.9624,16571.0029
4519,105,2149,q3+q5+q6,0.49012649,69422.2166,21027.6341
4519,105,2149,q4+q5+q6,0.49012649,71684.6687,20349.9166
4519,105,2149,q1+q2+q3+q4,0.74519975,3124.1974,1236.4831
4519,105,2149,q1+q2+q3+q5,0.62753663,7222.5402,2867.3151
4519,105,2149,q1+q2+q3+q6,0.64701065,46843.4618,17544.4162
4519,105,2149,q1+q2+q4+q5,0.62753663,8989.5888,3339.8326
4519,105,2149,q1+q2+q4+q6,0.64701065,48557.325,17112.7021
4519,105,2149,q1+q2+q5+q6,0.52934753,63514.7269,21921.3386
4519,105,2149,q1+q3+q4+q5,0.66675767,9091.0965,3186.4393
4519,105,2149,q1+q3+q4+q6,0.68623169,46394.4888,15537.2688
4519,105,2149,q1+q3+q5+q6,0.56856857,59872.5073,19486.5363
4519,105,2149,q1+q4+q5+q6,0.56856857,61822.8221,18945.889
4519,105,2149,q2+q3+q4+q5,0.78442079,7861.2486,2828.7553
4519,105,2149,q2+q3+q4+q6,0.8038948,39734.4735,13728.3538
4519,105,2149,q2+q3+q5+q6,0.68623169,49759.5709,16866.0498
4519,105,2149,q2+q4+q5+q6,0.68623169,51375.4796,16528.9309
4519,105,2149,q3+q4+q5+q6,0.72545273,49177.2141,15206.0223
4519,105,2149,q1+q2+q3+q4+q5,0.86286286,7165.0844,2677.8687
4519,105,2149,q1+q2+q3+q4+q6,0.88233688,36220.0605,13014.8154
4519,105,2149,q1+q2+q3+q5+q6,0.76467376,44675.9838,15864.7241
4519,105,2149,q1+q2+q4+q5+q6,0.76467376,46126.1286,15594.7841
4519,105,2149,q1+q3+q4+q5+q6,0.8038948,44398.4739,14421.1878
4519,105,2149,q2+q3+q4+q5+q6,0.92155792,38843.6474,13004.7043
4519,105,2149,q1+q2+q3+q4+q5+q6,1.0,35812.6294,12428.9679
4519,105,2149,all,1.0,35812.6294,12428.9679
4520,105,2150,q1,0.07844208,199.8907,124.9292
4520,105,2150,q2,0.1961052,634.923,306.7308
4520,105,2150,q3,0.23532624,2146.5931,914.931
4520,105,2150,q4,0.23532624,6606.4252,2377.6733
4520,105,2150,q5,0.11766312,31727.854,9435.3298
4520,105,2150,q6,0.13713714,193311.5976,51092.7127
4520,105,2150,q1+q2,0.27454727,510.628,263.7949
4520,105,2150,q1+q3,0.31376831,1659.9175,768.6072
4520,105,2150,q1+q4,0.31376831,5004.7916,2014.891
4520,105,2150,q1+q5,0.1961052,19116.6687,7193.1754
4520,105,2150,q1+q6,0.21557921,123044.6949,41165.3185
4520,105,2150,q2+q3,0.43143143,1459.4703,657.2327
4520,105,2150,q2+q4,0.43143143,3892.106,1584.441
4520,105,2150,q2+q5,0.31376831,12294.7721,4812.5535
4520,105,2150,q2+q6,0.33324233,79925.9516,28800.6313
4520,105,2150,q3+q4,0.47065247,4376.5092,1708.0041
4520,105,2150,q3+q5,0.35298935,12007.0134,4471.8714
4520,105,2150,q3+q6,0.37246337,72531.5577,25224.8299
4520,105,2150,q4+q5,0.35298935,14980.2348,5038.3563
4520,105,2150,q4+q6,0.37246337,75349.326,23931.3371
4520,105,2150,q5+q6,0.25480025,118694.5327,33070.0159
4520,105,2150,q1+q2+q3,0.50987351,1265.6888,595.5754
4520,105,2150,q1+q2+q4,0.50987351,3324.0729,1429.8954
4520,105,2150,q1+q2+q5,0.39221039,9875.7958,4177.9498
4520,105,2150,q1+q2+q6,0.41168441,64735.0001,25373.9315
4520,105,2150,q1+q3+q4,0.54909455,3779.8494,1558.7789
4520,105,2150,q1+q3+q5,0.43143143,9860.2638,3963.5424
4520,105,2150,q1+q3+q6,0.45090545,59948.3292,22591.8961
4520,105,2150,q1+q4+q5,0.43143143,12292.8995,4513.5333
4520,105,2150,q1+q4+q6,0.45090545,62275.9025,21629.7967
4520,105,2150,q1+q5+q6,0.33324233,90802.0199,29094.2568
4520,105,2150,q2+q3+q4,0.66675767,3276.0426,1355.1176
4520,105,2150,q2+q3+q5,0.54909455,7945.5525,3222.8886
4520,105,2150,q2+q3+q6,0.56856857,47733.6626,18376.0615
4520,105,2150,q2+q4+q5,0.54909455,9856.9091,3718.6876
4520,105,2150,q2+q4+q6,0.56856857,49579.5534,17856.5672
4520,105,2150,q2+q5+q6,0.45090545,67348.7285,22998.0167
4520,105,2150,q3+q4+q5,0.58831559,9846.7781,3616.9273
4520,105,2150,q3+q4+q6,0.60778961,47006.4202,16563.8415
4520,105,2150,q3+q5+q6,0.49012649,62735.9414,20965.2416
4520,105,2150,q4+q5+q6,0.49012649,64877.257,20274.3841
4520,105,2150,q1+q2+q3+q4,0.74519975,2952.2372,1266.2497
4520,105,2150,q1+q2+q3+q5,0.62753663,6977.3448,2960.031
4520,105,2150,q1+q2+q3+q6,0.64701065,41970.7777,16946.5414
4520,105,2150,q1+q2+q4+q5,0.62753663,8649.7818,3433.3855
4520,105,2150,q1+q2+q4+q6,0.64701065,43592.877,16550.6524
4520,105,2150,q1+q2+q5+q6,0.52934753,57398.1873,21012.6349
4520,105,2150,q1+q3+q4+q5,0.66675767,8711.8502,3363.168
4520,105,2150,q1+q3+q4+q6,0.68623169,41656.0385,15448.7859
4520,105,2150,q1+q3+q5+q6,0.56856857,54108.2084,19322.3951
4520,105,2150,q1+q4+q5+q6,0.56856857,55954.0992,18781.4027
4520,105,2150,q2+q3+q4+q5,0.78442079,7543.8143,2947.6045
4520,105,2150,q2+q3+q4+q6,0.8038948,35694.3785,13466.7163
4520,105,2150,q2+q3+q5+q6,0.68623169,44989.2639,16486.9496
4520,105,2150,q2+q4+q5+q6,0.68623169,46518.6534,16168.9154
4520,105,2150,q3+q4+q5+q6,0.72545273,44528.3487,15233.7432
4520,105,2150,q1+q2+q3+q4+q5,0.86286286,6876.1849,2781.5191
4520,105,2150,q1+q2+q3+q4+q6,0.88233688,32538.8248,12724.5553
4520,105,2150,q1+q2+q3+q5+q6,0.76467376,40394.662,15459.1683
4520,105,2150,q1+q2+q4+q5+q6,0.76467376,41767.163,15209.9421
4520,105,2150,q1+q3+q4+q5+q6,0.8038948,40202.8867,14389.4451
4520,105,2150,q2+q3+q4+q5+q6,0.92155792,35187.9386,12835.3663
4520,105,2150,q1+q2+q3+q4+q5+q6,1.0,32443.4034,12233.8135
4520,105,2150,all,1.0,32443.4034,12233.8135
